#2026 05 17 17:43:49.263#Z#DEBUG#ce142cac-5217-11f1-9eb0-eeee0a904712.bookscapm-srv#flowable-async-job-executor-thread-1262#
[PollStageAppStatusExecution] ab51efbf-6a80-46f6-bcf2-75d28171c258 [2026-05-17T17:43:01.655347] Added process: "web" (STDOUT, API)#
#2026 05 17 17:43:49.263#Z#DEBUG#ce142cac-5217-11f1-9eb0-eeee0a904712.bookscapm-srv#flowable-async-job-executor-thread-1262#
[PollStageAppStatusExecution] ab51efbf-6a80-46f6-bcf2-75d28171c258 [2026-05-17T17:43:01.661618] Created app with guid ab51efbf-6a80-46f6-bcf2-75d28171c258 (STDOUT, API)#
#2026 05 17 17:43:49.263#Z#DEBUG#ce142cac-5217-11f1-9eb0-eeee0a904712.bookscapm-srv#flowable-async-job-executor-thread-1262#
[PollStageAppStatusExecution] ab51efbf-6a80-46f6-bcf2-75d28171c258 [2026-05-17T17:43:01.786738] Updating process: "web" (STDOUT, API)#
#2026 05 17 17:43:49.263#Z#DEBUG#ce142cac-5217-11f1-9eb0-eeee0a904712.bookscapm-srv#flowable-async-job-executor-thread-1262#
[PollStageAppStatusExecution] ab51efbf-6a80-46f6-bcf2-75d28171c258 [2026-05-17T17:43:01.856729] Scaling process: "web" (STDOUT, API)#
#2026 05 17 17:43:49.263#Z#DEBUG#ce142cac-5217-11f1-9eb0-eeee0a904712.bookscapm-srv#flowable-async-job-executor-thread-1262#
[PollStageAppStatusExecution] ab51efbf-6a80-46f6-bcf2-75d28171c258 [2026-05-17T17:43:29.673912] Uploading app package for app with guid ab51efbf-6a80-46f6-bcf2-75d28171c258 (STDOUT, API)#
#2026 05 17 17:43:49.263#Z#DEBUG#ce142cac-5217-11f1-9eb0-eeee0a904712.bookscapm-srv#flowable-async-job-executor-thread-1262#
[PollStageAppStatusExecution] ab51efbf-6a80-46f6-bcf2-75d28171c258 [2026-05-17T17:43:29.935746] Updated app with guid ab51efbf-6a80-46f6-bcf2-75d28171c258 ({"environment_variables"=>"[PRIVATE DATA HIDDEN]"}) (STDOUT, API)#
#2026 05 17 17:43:49.263#Z#DEBUG#ce142cac-5217-11f1-9eb0-eeee0a904712.bookscapm-srv#flowable-async-job-executor-thread-1262#
[PollStageAppStatusExecution] ab51efbf-6a80-46f6-bcf2-75d28171c258 [2026-05-17T17:43:39.463949] Creating build for app with guid ab51efbf-6a80-46f6-bcf2-75d28171c258 (STDOUT, API)#
#2026 05 17 17:43:49.263#Z#DEBUG#ce142cac-5217-11f1-9eb0-eeee0a904712.bookscapm-srv#flowable-async-job-executor-thread-1262#
[PollStageAppStatusExecution] ab51efbf-6a80-46f6-bcf2-75d28171c258 [2026-05-17T17:43:39.745075] Downloading nodejs_buildpack... (STDOUT, STG)#
#2026 05 17 17:43:49.263#Z#DEBUG#ce142cac-5217-11f1-9eb0-eeee0a904712.bookscapm-srv#flowable-async-job-executor-thread-1262#
[PollStageAppStatusExecution] ab51efbf-6a80-46f6-bcf2-75d28171c258 [2026-05-17T17:43:39.766782] Downloaded nodejs_buildpack (STDOUT, STG)#
#2026 05 17 17:43:49.263#Z#DEBUG#ce142cac-5217-11f1-9eb0-eeee0a904712.bookscapm-srv#flowable-async-job-executor-thread-1262#
[PollStageAppStatusExecution] ab51efbf-6a80-46f6-bcf2-75d28171c258 [2026-05-17T17:43:39.766837] Cell 3697da87-6170-41a4-acb7-9186f1527dfa creating container for instance c4990335-a2bd-4a8e-a74d-3a0dce7124b1 (STDOUT, STG)#
#2026 05 17 17:43:49.263#Z#DEBUG#ce142cac-5217-11f1-9eb0-eeee0a904712.bookscapm-srv#flowable-async-job-executor-thread-1262#
[PollStageAppStatusExecution] ab51efbf-6a80-46f6-bcf2-75d28171c258 [2026-05-17T17:43:40.469753] Security group rules were updated (STDOUT, STG)#
#2026 05 17 17:43:49.263#Z#DEBUG#ce142cac-5217-11f1-9eb0-eeee0a904712.bookscapm-srv#flowable-async-job-executor-thread-1262#
[PollStageAppStatusExecution] ab51efbf-6a80-46f6-bcf2-75d28171c258 [2026-05-17T17:43:40.567541] Cell 3697da87-6170-41a4-acb7-9186f1527dfa successfully created container for instance c4990335-a2bd-4a8e-a74d-3a0dce7124b1 (STDOUT, STG)#
#2026 05 17 17:43:49.263#Z#DEBUG#ce142cac-5217-11f1-9eb0-eeee0a904712.bookscapm-srv#flowable-async-job-executor-thread-1262#
[PollStageAppStatusExecution] ab51efbf-6a80-46f6-bcf2-75d28171c258 [2026-05-17T17:43:41.364968] Downloading app package... (STDOUT, STG)#
#2026 05 17 17:43:49.263#Z#DEBUG#ce142cac-5217-11f1-9eb0-eeee0a904712.bookscapm-srv#flowable-async-job-executor-thread-1262#
[PollStageAppStatusExecution] ab51efbf-6a80-46f6-bcf2-75d28171c258 [2026-05-17T17:43:42.372282] Downloaded app package (6.6M) (STDOUT, STG)#
#2026 05 17 17:43:49.263#Z#DEBUG#ce142cac-5217-11f1-9eb0-eeee0a904712.bookscapm-srv#flowable-async-job-executor-thread-1262#
[PollStageAppStatusExecution] ab51efbf-6a80-46f6-bcf2-75d28171c258 [2026-05-17T17:43:42.471309] -----> Nodejs Buildpack version 1.8.44 (STDOUT, STG)#
#2026 05 17 17:43:49.263#Z#DEBUG#ce142cac-5217-11f1-9eb0-eeee0a904712.bookscapm-srv#flowable-async-job-executor-thread-1262#
[PollStageAppStatusExecution] ab51efbf-6a80-46f6-bcf2-75d28171c258 [2026-05-17T17:43:42.844588] -----> Bootstrapping python (STDOUT, STG)#
#2026 05 17 17:43:49.263#Z#DEBUG#ce142cac-5217-11f1-9eb0-eeee0a904712.bookscapm-srv#flowable-async-job-executor-thread-1262#
[PollStageAppStatusExecution] ab51efbf-6a80-46f6-bcf2-75d28171c258 [2026-05-17T17:43:42.844599] -----> Installing python 3.11.14 (STDOUT, STG)#
#2026 05 17 17:43:49.263#Z#DEBUG#ce142cac-5217-11f1-9eb0-eeee0a904712.bookscapm-srv#flowable-async-job-executor-thread-1262#
[PollStageAppStatusExecution] ab51efbf-6a80-46f6-bcf2-75d28171c258 [2026-05-17T17:43:42.844700] Copy [/tmp/buildpacks/ee597f2be8090397/dependencies/b5e0345ae0ae1932e7d56fffaa49a487/python_3.11.14_linux_x64_cflinuxfs4_66f53248.tgz] (STDOUT, STG)#
#2026 05 17 17:43:49.263#Z#DEBUG#ce142cac-5217-11f1-9eb0-eeee0a904712.bookscapm-srv#flowable-async-job-executor-thread-1262#
[PollStageAppStatusExecution] ab51efbf-6a80-46f6-bcf2-75d28171c258 [2026-05-17T17:43:47.361199] -----> Installing binaries (STDOUT, STG)#
#2026 05 17 17:43:49.263#Z#DEBUG#ce142cac-5217-11f1-9eb0-eeee0a904712.bookscapm-srv#flowable-async-job-executor-thread-1262#
[PollStageAppStatusExecution] ab51efbf-6a80-46f6-bcf2-75d28171c258 [2026-05-17T17:43:47.361426] engines.node (package.json): >=20 (STDOUT, STG)#
#2026 05 17 17:43:49.263#Z#DEBUG#ce142cac-5217-11f1-9eb0-eeee0a904712.bookscapm-srv#flowable-async-job-executor-thread-1262#
[PollStageAppStatusExecution] ab51efbf-6a80-46f6-bcf2-75d28171c258 [2026-05-17T17:43:47.361440] engines.npm (package.json): unspecified (use default) (STDOUT, STG)#
#2026 05 17 17:43:49.263#Z#DEBUG#ce142cac-5217-11f1-9eb0-eeee0a904712.bookscapm-srv#flowable-async-job-executor-thread-1262#
[PollStageAppStatusExecution] ab51efbf-6a80-46f6-bcf2-75d28171c258 [2026-05-17T17:43:47.361529] [31;1m**WARNING**[0m Dangerous semver range (>) in engines.node. See: http://docs.cloudfoundry.org/buildpacks/node/node-tips.html (STDOUT, STG)#
#2026 05 17 17:43:49.263#Z#DEBUG#ce142cac-5217-11f1-9eb0-eeee0a904712.bookscapm-srv#flowable-async-job-executor-thread-1262#
[PollStageAppStatusExecution] ab51efbf-6a80-46f6-bcf2-75d28171c258 [2026-05-17T17:43:47.361628] -----> Installing node 24.13.0 (STDOUT, STG)#
#2026 05 17 17:43:49.263#Z#DEBUG#ce142cac-5217-11f1-9eb0-eeee0a904712.bookscapm-srv#flowable-async-job-executor-thread-1262#
[PollStageAppStatusExecution] ab51efbf-6a80-46f6-bcf2-75d28171c258 [2026-05-17T17:43:47.361871] Copy [/tmp/buildpacks/ee597f2be8090397/dependencies/2f5692219fecc3eee6e6d507a6bfe7b9/node_24.13.0_linux_x64_cflinuxfs4_a816dee1.tgz] (STDOUT, STG)#
#2026 05 17 17:43:59.278#Z#DEBUG#ce142cac-5217-11f1-9eb0-eeee0a904712.bookscapm-srv#flowable-async-job-executor-thread-1266#
[PollStageAppStatusExecution] ab51efbf-6a80-46f6-bcf2-75d28171c258 [2026-05-17T17:43:50.175315] Using default npm version: 11.6.2 (STDOUT, STG)#
#2026 05 17 17:43:59.278#Z#DEBUG#ce142cac-5217-11f1-9eb0-eeee0a904712.bookscapm-srv#flowable-async-job-executor-thread-1266#
[PollStageAppStatusExecution] ab51efbf-6a80-46f6-bcf2-75d28171c258 [2026-05-17T17:43:50.175334] -----> Installing yarn 1.22.22 (STDOUT, STG)#
#2026 05 17 17:43:59.278#Z#DEBUG#ce142cac-5217-11f1-9eb0-eeee0a904712.bookscapm-srv#flowable-async-job-executor-thread-1266#
[PollStageAppStatusExecution] ab51efbf-6a80-46f6-bcf2-75d28171c258 [2026-05-17T17:43:50.175480] Copy [/tmp/buildpacks/ee597f2be8090397/dependencies/e3a39aedd1236924d69cc2d0637a8ed2/yarn_1.22.22_linux_noarch_any-stack_4911d0a6.tgz] (STDOUT, STG)#
#2026 05 17 17:43:59.278#Z#DEBUG#ce142cac-5217-11f1-9eb0-eeee0a904712.bookscapm-srv#flowable-async-job-executor-thread-1266#
[PollStageAppStatusExecution] ab51efbf-6a80-46f6-bcf2-75d28171c258 [2026-05-17T17:43:50.568224] Installed yarn 1.22.22 (STDOUT, STG)#
#2026 05 17 17:43:59.278#Z#DEBUG#ce142cac-5217-11f1-9eb0-eeee0a904712.bookscapm-srv#flowable-async-job-executor-thread-1266#
[PollStageAppStatusExecution] ab51efbf-6a80-46f6-bcf2-75d28171c258 [2026-05-17T17:43:50.568239] -----> Creating runtime environment (STDOUT, STG)#
#2026 05 17 17:43:59.278#Z#DEBUG#ce142cac-5217-11f1-9eb0-eeee0a904712.bookscapm-srv#flowable-async-job-executor-thread-1266#
[PollStageAppStatusExecution] ab51efbf-6a80-46f6-bcf2-75d28171c258 [2026-05-17T17:43:50.570290] NODE_ENV=production (STDOUT, STG)#
#2026 05 17 17:43:59.278#Z#DEBUG#ce142cac-5217-11f1-9eb0-eeee0a904712.bookscapm-srv#flowable-async-job-executor-thread-1266#
[PollStageAppStatusExecution] ab51efbf-6a80-46f6-bcf2-75d28171c258 [2026-05-17T17:43:50.570347] NODE_HOME=/tmp/contents27642933/deps/0/node (STDOUT, STG)#
#2026 05 17 17:43:59.278#Z#DEBUG#ce142cac-5217-11f1-9eb0-eeee0a904712.bookscapm-srv#flowable-async-job-executor-thread-1266#
[PollStageAppStatusExecution] ab51efbf-6a80-46f6-bcf2-75d28171c258 [2026-05-17T17:43:50.570360] NODE_MODULES_CACHE=true (STDOUT, STG)#
#2026 05 17 17:43:59.278#Z#DEBUG#ce142cac-5217-11f1-9eb0-eeee0a904712.bookscapm-srv#flowable-async-job-executor-thread-1266#
[PollStageAppStatusExecution] ab51efbf-6a80-46f6-bcf2-75d28171c258 [2026-05-17T17:43:50.570401] NODE_VERBOSE=false (STDOUT, STG)#
#2026 05 17 17:43:59.278#Z#DEBUG#ce142cac-5217-11f1-9eb0-eeee0a904712.bookscapm-srv#flowable-async-job-executor-thread-1266#
[PollStageAppStatusExecution] ab51efbf-6a80-46f6-bcf2-75d28171c258 [2026-05-17T17:43:50.570461] NPM_CONFIG_LOGLEVEL=error (STDOUT, STG)#
#2026 05 17 17:43:59.278#Z#DEBUG#ce142cac-5217-11f1-9eb0-eeee0a904712.bookscapm-srv#flowable-async-job-executor-thread-1266#
[PollStageAppStatusExecution] ab51efbf-6a80-46f6-bcf2-75d28171c258 [2026-05-17T17:43:50.570474] NPM_CONFIG_PRODUCTION=true (STDOUT, STG)#
#2026 05 17 17:43:59.278#Z#DEBUG#ce142cac-5217-11f1-9eb0-eeee0a904712.bookscapm-srv#flowable-async-job-executor-thread-1266#
[PollStageAppStatusExecution] ab51efbf-6a80-46f6-bcf2-75d28171c258 [2026-05-17T17:43:50.570582] -----> Building dependencies (STDOUT, STG)#
#2026 05 17 17:43:59.278#Z#DEBUG#ce142cac-5217-11f1-9eb0-eeee0a904712.bookscapm-srv#flowable-async-job-executor-thread-1266#
[PollStageAppStatusExecution] ab51efbf-6a80-46f6-bcf2-75d28171c258 [2026-05-17T17:43:50.570602] Prebuild detected (node_modules already exists) (STDOUT, STG)#
#2026 05 17 17:43:59.278#Z#DEBUG#ce142cac-5217-11f1-9eb0-eeee0a904712.bookscapm-srv#flowable-async-job-executor-thread-1266#
[PollStageAppStatusExecution] ab51efbf-6a80-46f6-bcf2-75d28171c258 [2026-05-17T17:43:50.570707] Rebuilding any native modules (STDOUT, STG)#
#2026 05 17 17:43:59.278#Z#DEBUG#ce142cac-5217-11f1-9eb0-eeee0a904712.bookscapm-srv#flowable-async-job-executor-thread-1266#
[PollStageAppStatusExecution] ab51efbf-6a80-46f6-bcf2-75d28171c258 [2026-05-17T17:43:51.382884] rebuilt dependencies successfully (STDOUT, STG)#
#2026 05 17 17:43:59.278#Z#DEBUG#ce142cac-5217-11f1-9eb0-eeee0a904712.bookscapm-srv#flowable-async-job-executor-thread-1266#
[PollStageAppStatusExecution] ab51efbf-6a80-46f6-bcf2-75d28171c258 [2026-05-17T17:43:51.384703] npm notice (STDOUT, STG)#
#2026 05 17 17:43:59.279#Z#DEBUG#ce142cac-5217-11f1-9eb0-eeee0a904712.bookscapm-srv#flowable-async-job-executor-thread-1266#
[PollStageAppStatusExecution] ab51efbf-6a80-46f6-bcf2-75d28171c258 [2026-05-17T17:43:51.384716] npm notice New minor version of npm available! 11.6.2 -> 11.14.1 (STDOUT, STG)#
#2026 05 17 17:43:59.279#Z#DEBUG#ce142cac-5217-11f1-9eb0-eeee0a904712.bookscapm-srv#flowable-async-job-executor-thread-1266#
[PollStageAppStatusExecution] ab51efbf-6a80-46f6-bcf2-75d28171c258 [2026-05-17T17:43:51.384720] npm notice Changelog: https://github.com/npm/cli/releases/tag/v11.14.1 (STDOUT, STG)#
#2026 05 17 17:43:59.279#Z#DEBUG#ce142cac-5217-11f1-9eb0-eeee0a904712.bookscapm-srv#flowable-async-job-executor-thread-1266#
[PollStageAppStatusExecution] ab51efbf-6a80-46f6-bcf2-75d28171c258 [2026-05-17T17:43:51.384723] npm notice To update run: npm install -g npm@11.14.1 (STDOUT, STG)#
#2026 05 17 17:43:59.279#Z#DEBUG#ce142cac-5217-11f1-9eb0-eeee0a904712.bookscapm-srv#flowable-async-job-executor-thread-1266#
[PollStageAppStatusExecution] ab51efbf-6a80-46f6-bcf2-75d28171c258 [2026-05-17T17:43:51.384725] npm notice (STDOUT, STG)#
#2026 05 17 17:43:59.279#Z#DEBUG#ce142cac-5217-11f1-9eb0-eeee0a904712.bookscapm-srv#flowable-async-job-executor-thread-1266#
[PollStageAppStatusExecution] ab51efbf-6a80-46f6-bcf2-75d28171c258 [2026-05-17T17:43:51.457818] Installing any new modules (package.json + package-lock.json) (STDOUT, STG)#
#2026 05 17 17:43:59.279#Z#DEBUG#ce142cac-5217-11f1-9eb0-eeee0a904712.bookscapm-srv#flowable-async-job-executor-thread-1266#
[PollStageAppStatusExecution] ab51efbf-6a80-46f6-bcf2-75d28171c258 [2026-05-17T17:43:52.450611] removed 12 packages in 905ms (STDOUT, STG)#
#2026 05 17 17:43:59.279#Z#DEBUG#ce142cac-5217-11f1-9eb0-eeee0a904712.bookscapm-srv#flowable-async-job-executor-thread-1266#
[PollStageAppStatusExecution] ab51efbf-6a80-46f6-bcf2-75d28171c258 [2026-05-17T17:43:52.450938] 27 packages are looking for funding (STDOUT, STG)#
#2026 05 17 17:43:59.279#Z#DEBUG#ce142cac-5217-11f1-9eb0-eeee0a904712.bookscapm-srv#flowable-async-job-executor-thread-1266#
[PollStageAppStatusExecution] ab51efbf-6a80-46f6-bcf2-75d28171c258 [2026-05-17T17:43:52.451034] run `npm fund` for details (STDOUT, STG)#
#2026 05 17 17:43:59.279#Z#DEBUG#ce142cac-5217-11f1-9eb0-eeee0a904712.bookscapm-srv#flowable-async-job-executor-thread-1266#
[PollStageAppStatusExecution] ab51efbf-6a80-46f6-bcf2-75d28171c258 [2026-05-17T17:43:53.548907] Contrast Security no credentials found. Will not write environment files. (STDOUT, STG)#
#2026 05 17 17:44:09.276#Z#DEBUG#ce142cac-5217-11f1-9eb0-eeee0a904712.bookscapm-srv#flowable-async-job-executor-thread-1271#
[PollStageAppStatusExecution] ab51efbf-6a80-46f6-bcf2-75d28171c258 [2026-05-17T17:44:05.020969] Exit status 0 (STDOUT, STG)#
#2026 05 17 17:44:09.276#Z#DEBUG#ce142cac-5217-11f1-9eb0-eeee0a904712.bookscapm-srv#flowable-async-job-executor-thread-1271#
[PollStageAppStatusExecution] ab51efbf-6a80-46f6-bcf2-75d28171c258 [2026-05-17T17:44:05.021] Uploading droplet, build artifacts cache... (STDOUT, STG)#
#2026 05 17 17:44:09.276#Z#DEBUG#ce142cac-5217-11f1-9eb0-eeee0a904712.bookscapm-srv#flowable-async-job-executor-thread-1271#
[PollStageAppStatusExecution] ab51efbf-6a80-46f6-bcf2-75d28171c258 [2026-05-17T17:44:05.021035] Uploading droplet... (STDOUT, STG)#
#2026 05 17 17:44:09.276#Z#DEBUG#ce142cac-5217-11f1-9eb0-eeee0a904712.bookscapm-srv#flowable-async-job-executor-thread-1271#
[PollStageAppStatusExecution] ab51efbf-6a80-46f6-bcf2-75d28171c258 [2026-05-17T17:44:05.021301] Uploading build artifacts cache... (STDOUT, STG)#
#2026 05 17 17:44:09.276#Z#DEBUG#ce142cac-5217-11f1-9eb0-eeee0a904712.bookscapm-srv#flowable-async-job-executor-thread-1271#
[PollStageAppStatusExecution] ab51efbf-6a80-46f6-bcf2-75d28171c258 [2026-05-17T17:44:05.059357] Uploaded build artifacts cache (217B) (STDOUT, STG)#
#2026 05 17 17:44:09.276#Z#DEBUG#ce142cac-5217-11f1-9eb0-eeee0a904712.bookscapm-srv#flowable-async-job-executor-thread-1271#
[PollStageAppStatusExecution] ab51efbf-6a80-46f6-bcf2-75d28171c258 [2026-05-17T17:44:05.746334] Creating droplet for app with guid ab51efbf-6a80-46f6-bcf2-75d28171c258 (STDOUT, API)#
#2026 05 17 17:44:09.276#Z#DEBUG#ce142cac-5217-11f1-9eb0-eeee0a904712.bookscapm-srv#flowable-async-job-executor-thread-1271#
[PollStageAppStatusExecution] ab51efbf-6a80-46f6-bcf2-75d28171c258 [2026-05-17T17:44:08.835160] Uploaded droplet (60.6M) (STDOUT, STG)#
#2026 05 17 17:44:09.276#Z#DEBUG#ce142cac-5217-11f1-9eb0-eeee0a904712.bookscapm-srv#flowable-async-job-executor-thread-1271#
[PollStageAppStatusExecution] ab51efbf-6a80-46f6-bcf2-75d28171c258 [2026-05-17T17:44:08.857817] Uploading complete (STDOUT, STG)#
#2026 05 17 17:44:19.328#Z#DEBUG#ce142cac-5217-11f1-9eb0-eeee0a904712.bookscapm-srv#flowable-async-job-executor-thread-1275#
[PollStageAppStatusExecution] ab51efbf-6a80-46f6-bcf2-75d28171c258 [2026-05-17T17:44:09.834310] Cell 3697da87-6170-41a4-acb7-9186f1527dfa stopping instance c4990335-a2bd-4a8e-a74d-3a0dce7124b1 (STDOUT, STG)#
#2026 05 17 17:44:19.328#Z#DEBUG#ce142cac-5217-11f1-9eb0-eeee0a904712.bookscapm-srv#flowable-async-job-executor-thread-1275#
[PollStageAppStatusExecution] ab51efbf-6a80-46f6-bcf2-75d28171c258 [2026-05-17T17:44:09.834345] Cell 3697da87-6170-41a4-acb7-9186f1527dfa destroying container for instance c4990335-a2bd-4a8e-a74d-3a0dce7124b1 (STDOUT, STG)#
#2026 05 17 17:44:19.328#Z#DEBUG#ce142cac-5217-11f1-9eb0-eeee0a904712.bookscapm-srv#flowable-async-job-executor-thread-1275#
[PollStageAppStatusExecution] ab51efbf-6a80-46f6-bcf2-75d28171c258 [2026-05-17T17:44:09.913143] Staging complete for build c4990335-a2bd-4a8e-a74d-3a0dce7124b1 (STDOUT, API)#
#2026 05 17 17:44:19.328#Z#DEBUG#ce142cac-5217-11f1-9eb0-eeee0a904712.bookscapm-srv#flowable-async-job-executor-thread-1275#
[PollStageAppStatusExecution] ab51efbf-6a80-46f6-bcf2-75d28171c258 [2026-05-17T17:44:13.405217] Cell 3697da87-6170-41a4-acb7-9186f1527dfa successfully destroyed container for instance c4990335-a2bd-4a8e-a74d-3a0dce7124b1 (STDOUT, STG)#
#2026 05 17 17:44:29.345#Z#DEBUG#ce142cac-5217-11f1-9eb0-eeee0a904712.bookscapm-srv#flowable-async-job-executor-thread-1283#
[PollStartAppStatusExecution] ab51efbf-6a80-46f6-bcf2-75d28171c258 [2026-05-17T17:44:19.438928] Updated app with guid ab51efbf-6a80-46f6-bcf2-75d28171c258 ({:droplet_guid=>"e18226d5-4214-4d58-9984-936de5b21a37"}) (STDOUT, API)#
#2026 05 17 17:44:29.345#Z#DEBUG#ce142cac-5217-11f1-9eb0-eeee0a904712.bookscapm-srv#flowable-async-job-executor-thread-1283#
[PollStartAppStatusExecution] ab51efbf-6a80-46f6-bcf2-75d28171c258 [2026-05-17T17:44:19.668885] Creating revision for app with guid ab51efbf-6a80-46f6-bcf2-75d28171c258 (STDOUT, API)#
#2026 05 17 17:44:29.345#Z#DEBUG#ce142cac-5217-11f1-9eb0-eeee0a904712.bookscapm-srv#flowable-async-job-executor-thread-1283#
[PollStartAppStatusExecution] ab51efbf-6a80-46f6-bcf2-75d28171c258 [2026-05-17T17:44:19.728075] Starting app with guid ab51efbf-6a80-46f6-bcf2-75d28171c258 (STDOUT, API)#
#2026 05 17 17:44:29.345#Z#DEBUG#ce142cac-5217-11f1-9eb0-eeee0a904712.bookscapm-srv#flowable-async-job-executor-thread-1283#
[PollStartAppStatusExecution] ab51efbf-6a80-46f6-bcf2-75d28171c258 [2026-05-17T17:44:20.005356] Cell 1ea14514-f0fe-461c-9aa9-a53bbe093b00 creating container for instance f1e99a1e-2f92-4f1c-5dac-985f (STDOUT, CELL)#
#2026 05 17 17:44:29.345#Z#DEBUG#ce142cac-5217-11f1-9eb0-eeee0a904712.bookscapm-srv#flowable-async-job-executor-thread-1283#
[PollStartAppStatusExecution] ab51efbf-6a80-46f6-bcf2-75d28171c258 [2026-05-17T17:44:20.737133] Security group rules were updated (STDOUT, CELL)#
#2026 05 17 17:44:29.345#Z#DEBUG#ce142cac-5217-11f1-9eb0-eeee0a904712.bookscapm-srv#flowable-async-job-executor-thread-1283#
[PollStartAppStatusExecution] ab51efbf-6a80-46f6-bcf2-75d28171c258 [2026-05-17T17:44:20.848793] Cell 1ea14514-f0fe-461c-9aa9-a53bbe093b00 successfully created container for instance f1e99a1e-2f92-4f1c-5dac-985f (STDOUT, CELL)#
#2026 05 17 17:44:29.345#Z#DEBUG#ce142cac-5217-11f1-9eb0-eeee0a904712.bookscapm-srv#flowable-async-job-executor-thread-1283#
[PollStartAppStatusExecution] ab51efbf-6a80-46f6-bcf2-75d28171c258 [2026-05-17T17:44:22.018805] Downloading droplet... (STDOUT, CELL)#
#2026 05 17 17:44:29.345#Z#DEBUG#ce142cac-5217-11f1-9eb0-eeee0a904712.bookscapm-srv#flowable-async-job-executor-thread-1283#
[PollStartAppStatusExecution] ab51efbf-6a80-46f6-bcf2-75d28171c258 [2026-05-17T17:44:27.225357] Downloaded droplet (60.6M) (STDOUT, CELL)#
#2026 05 17 17:44:29.345#Z#DEBUG#ce142cac-5217-11f1-9eb0-eeee0a904712.bookscapm-srv#flowable-async-job-executor-thread-1283#
[PollStartAppStatusExecution] ab51efbf-6a80-46f6-bcf2-75d28171c258 [2026-05-17T17:44:27.225526] Starting health monitoring of container (STDOUT, CELL)#
#2026 05 17 17:44:29.345#Z#DEBUG#ce142cac-5217-11f1-9eb0-eeee0a904712.bookscapm-srv#flowable-async-job-executor-thread-1283#
[PollStartAppStatusExecution] ab51efbf-6a80-46f6-bcf2-75d28171c258 [2026-05-17T17:44:27.405208] Invoking pre-start scripts. (STDOUT, APP/PROC/WEB)#
#2026 05 17 17:44:29.345#Z#DEBUG#ce142cac-5217-11f1-9eb0-eeee0a904712.bookscapm-srv#flowable-async-job-executor-thread-1283#
[PollStartAppStatusExecution] ab51efbf-6a80-46f6-bcf2-75d28171c258 [2026-05-17T17:44:27.679404] Invoking start command. (STDOUT, APP/PROC/WEB)#
#2026 05 17 17:44:29.345#Z#DEBUG#ce142cac-5217-11f1-9eb0-eeee0a904712.bookscapm-srv#flowable-async-job-executor-thread-1283#
[PollStartAppStatusExecution] ab51efbf-6a80-46f6-bcf2-75d28171c258 [2026-05-17T17:44:28.237396] > bookscapm@1.0.0 start (STDOUT, APP/PROC/WEB)#
#2026 05 17 17:44:29.345#Z#DEBUG#ce142cac-5217-11f1-9eb0-eeee0a904712.bookscapm-srv#flowable-async-job-executor-thread-1283#
[PollStartAppStatusExecution] ab51efbf-6a80-46f6-bcf2-75d28171c258 [2026-05-17T17:44:28.237423] > cds-serve (STDOUT, APP/PROC/WEB)#
#2026 05 17 17:44:29.345#Z#DEBUG#ce142cac-5217-11f1-9eb0-eeee0a904712.bookscapm-srv#flowable-async-job-executor-thread-1283#
[PollStartAppStatusExecution] ab51efbf-6a80-46f6-bcf2-75d28171c258 [2026-05-17T17:44:28.581358] {"level":"info","logger":"cds","timestamp":"2026-05-17T17:44:28.579Z","layer":"cds","component_type":"application","container_id":"10.32.1.5","component_id":"ab51efbf-6a80-46f6-bcf2-75d28171c258","component_name":"bookscapm-srv","component_instance":0,"source_instance":0,"organization_name":"53d2ceb3trial","organization_id":"2243168d-2a9f-490d-bf17-3322448edf8b","space_name":"dev","space_id":"da2f47c5-67bb-4739-9dbb-6384db716e72","msg":"loaded model from 1 file(s):\n ","type":"log"} (STDOUT, APP/PROC/WEB)#
#2026 05 17 17:44:29.345#Z#DEBUG#ce142cac-5217-11f1-9eb0-eeee0a904712.bookscapm-srv#flowable-async-job-executor-thread-1283#
[PollStartAppStatusExecution] ab51efbf-6a80-46f6-bcf2-75d28171c258 [2026-05-17T17:44:28.581956] srv/csn.json (STDOUT, APP/PROC/WEB)#
#2026 05 17 17:44:29.345#Z#DEBUG#ce142cac-5217-11f1-9eb0-eeee0a904712.bookscapm-srv#flowable-async-job-executor-thread-1283#
[PollStartAppStatusExecution] ab51efbf-6a80-46f6-bcf2-75d28171c258 [2026-05-17T17:44:28.872353] {"level":"info","logger":"cds","timestamp":"2026-05-17T17:44:28.871Z","layer":"cds","component_type":"application","container_id":"10.32.1.5","component_id":"ab51efbf-6a80-46f6-bcf2-75d28171c258","component_name":"bookscapm-srv","component_instance":0,"source_instance":0,"organization_name":"53d2ceb3trial","organization_id":"2243168d-2a9f-490d-bf17-3322448edf8b","space_name":"dev","space_id":"da2f47c5-67bb-4739-9dbb-6384db716e72","msg":"connect to db > hana {\n  database_id: '7139a3f2-f85c-4b2f-aeb0-2db26a0a6bd7',\n  host: '7139a3f2-f85c-4b2f-aeb0-2db26a0a6bd7.hana.prod-ap21.hanacloud.ondemand.com',\n  port: '443',\n  driver: 'com.sap.db.jdbc.Driver',\n  url: 'jdbc:sap://7139a3f2-f85c-4b2f-aeb0-2db26a0a6bd7.hana.prod-ap21.hanacloud.ondemand.com:443?encrypt=true&validateCertificate=true&currentschema=C267CE7888044773AAA7C1B3CFC7C46E',\n  schema: 'C267CE7888044773AAA7C1B3CFC7C46E',\n  certificate: '...',\n  hdi_user: 'C267CE7888044773AAA7C1B3CFC7C46E_CVMXEJO6N50EXYFUMY54SI8SM_DT',\n  hdi_password: '...',\n  user: 'C267CE7888044773AAA7C1B3CFC7C46E_CVMXEJO6N50EXYFUMY54SI8SM_RT',\n  password: '...'\n}","type":"log"} (STDOUT, APP/PROC/WEB)#
#2026 05 17 17:44:29.346#Z#DEBUG#ce142cac-5217-11f1-9eb0-eeee0a904712.bookscapm-srv#flowable-async-job-executor-thread-1283#
[PollStartAppStatusExecution] ab51efbf-6a80-46f6-bcf2-75d28171c258 [2026-05-17T17:44:28.910919] {"level":"info","logger":"cds","timestamp":"2026-05-17T17:44:28.910Z","layer":"cds","component_type":"application","container_id":"10.32.1.5","component_id":"ab51efbf-6a80-46f6-bcf2-75d28171c258","component_name":"bookscapm-srv","component_instance":0,"source_instance":0,"organization_name":"53d2ceb3trial","organization_id":"2243168d-2a9f-490d-bf17-3322448edf8b","space_name":"dev","space_id":"da2f47c5-67bb-4739-9dbb-6384db716e72","msg":"using auth strategy { kind: 'jwt' }","type":"log"} (STDOUT, APP/PROC/WEB)#
#2026 05 17 17:44:29.346#Z#DEBUG#ce142cac-5217-11f1-9eb0-eeee0a904712.bookscapm-srv#flowable-async-job-executor-thread-1283#
[PollStartAppStatusExecution] ab51efbf-6a80-46f6-bcf2-75d28171c258 [2026-05-17T17:44:28.913047] node:internal/modules/cjs/loader:1421 (STDERR, APP/PROC/WEB)#
#2026 05 17 17:44:29.346#Z#DEBUG#ce142cac-5217-11f1-9eb0-eeee0a904712.bookscapm-srv#flowable-async-job-executor-thread-1283#
[PollStartAppStatusExecution] ab51efbf-6a80-46f6-bcf2-75d28171c258 [2026-05-17T17:44:28.913061] const err = new Error(message); (STDERR, APP/PROC/WEB)#
#2026 05 17 17:44:29.346#Z#DEBUG#ce142cac-5217-11f1-9eb0-eeee0a904712.bookscapm-srv#flowable-async-job-executor-thread-1283#
[PollStartAppStatusExecution] ab51efbf-6a80-46f6-bcf2-75d28171c258 [2026-05-17T17:44:28.913066] ^ (STDERR, APP/PROC/WEB)#
#2026 05 17 17:44:29.346#Z#DEBUG#ce142cac-5217-11f1-9eb0-eeee0a904712.bookscapm-srv#flowable-async-job-executor-thread-1283#
[PollStartAppStatusExecution] ab51efbf-6a80-46f6-bcf2-75d28171c258 [2026-05-17T17:44:28.913072] Error: Cannot find '@sap/xssec'. Make sure to install it with 'npm i @sap/xssec' (STDERR, APP/PROC/WEB)#
#2026 05 17 17:44:29.346#Z#DEBUG#ce142cac-5217-11f1-9eb0-eeee0a904712.bookscapm-srv#flowable-async-job-executor-thread-1283#
[PollStartAppStatusExecution] ab51efbf-6a80-46f6-bcf2-75d28171c258 [2026-05-17T17:44:28.913078] Cannot find module '@sap/xssec' (STDERR, APP/PROC/WEB)#
#2026 05 17 17:44:29.346#Z#DEBUG#ce142cac-5217-11f1-9eb0-eeee0a904712.bookscapm-srv#flowable-async-job-executor-thread-1283#
[PollStartAppStatusExecution] ab51efbf-6a80-46f6-bcf2-75d28171c258 [2026-05-17T17:44:28.913084] Require stack: (STDERR, APP/PROC/WEB)#
#2026 05 17 17:44:29.346#Z#DEBUG#ce142cac-5217-11f1-9eb0-eeee0a904712.bookscapm-srv#flowable-async-job-executor-thread-1283#
[PollStartAppStatusExecution] ab51efbf-6a80-46f6-bcf2-75d28171c258 [2026-05-17T17:44:28.913088] - /home/vcap/app/node_modules/@sap/cds/lib/srv/middlewares/auth/xssec.js (STDERR, APP/PROC/WEB)#
#2026 05 17 17:44:29.346#Z#DEBUG#ce142cac-5217-11f1-9eb0-eeee0a904712.bookscapm-srv#flowable-async-job-executor-thread-1283#
[PollStartAppStatusExecution] ab51efbf-6a80-46f6-bcf2-75d28171c258 [2026-05-17T17:44:28.913093] - /home/vcap/app/node_modules/@sap/cds/lib/srv/middlewares/auth/jwt-auth.js (STDERR, APP/PROC/WEB)#
#2026 05 17 17:44:29.346#Z#DEBUG#ce142cac-5217-11f1-9eb0-eeee0a904712.bookscapm-srv#flowable-async-job-executor-thread-1283#
[PollStartAppStatusExecution] ab51efbf-6a80-46f6-bcf2-75d28171c258 [2026-05-17T17:44:28.913097] - /home/vcap/app/node_modules/@sap/cds/lib/srv/middlewares/auth/index.js (STDERR, APP/PROC/WEB)#
#2026 05 17 17:44:29.346#Z#DEBUG#ce142cac-5217-11f1-9eb0-eeee0a904712.bookscapm-srv#flowable-async-job-executor-thread-1283#
[PollStartAppStatusExecution] ab51efbf-6a80-46f6-bcf2-75d28171c258 [2026-05-17T17:44:28.913118] - /home/vcap/app/node_modules/@sap/cds/lib/srv/middlewares/index.js (STDERR, APP/PROC/WEB)#
#2026 05 17 17:44:29.346#Z#DEBUG#ce142cac-5217-11f1-9eb0-eeee0a904712.bookscapm-srv#flowable-async-job-executor-thread-1283#
[PollStartAppStatusExecution] ab51efbf-6a80-46f6-bcf2-75d28171c258 [2026-05-17T17:44:28.913127] - /home/vcap/app/node_modules/@sap/cds/lib/index.js (STDERR, APP/PROC/WEB)#
#2026 05 17 17:44:29.346#Z#DEBUG#ce142cac-5217-11f1-9eb0-eeee0a904712.bookscapm-srv#flowable-async-job-executor-thread-1283#
[PollStartAppStatusExecution] ab51efbf-6a80-46f6-bcf2-75d28171c258 [2026-05-17T17:44:28.913150] - /home/vcap/app/node_modules/@sap/cds/bin/serve.js (STDERR, APP/PROC/WEB)#
#2026 05 17 17:44:29.346#Z#DEBUG#ce142cac-5217-11f1-9eb0-eeee0a904712.bookscapm-srv#flowable-async-job-executor-thread-1283#
[PollStartAppStatusExecution] ab51efbf-6a80-46f6-bcf2-75d28171c258 [2026-05-17T17:44:28.913154] at Module._resolveFilename (node:internal/modules/cjs/loader:1421:15) (STDERR, APP/PROC/WEB)#
#2026 05 17 17:44:29.346#Z#DEBUG#ce142cac-5217-11f1-9eb0-eeee0a904712.bookscapm-srv#flowable-async-job-executor-thread-1283#
[PollStartAppStatusExecution] ab51efbf-6a80-46f6-bcf2-75d28171c258 [2026-05-17T17:44:28.913158] at defaultResolveImpl (node:internal/modules/cjs/loader:1059:19) (STDERR, APP/PROC/WEB)#
#2026 05 17 17:44:29.346#Z#DEBUG#ce142cac-5217-11f1-9eb0-eeee0a904712.bookscapm-srv#flowable-async-job-executor-thread-1283#
[PollStartAppStatusExecution] ab51efbf-6a80-46f6-bcf2-75d28171c258 [2026-05-17T17:44:28.913165] at resolveForCJSWithHooks (node:internal/modules/cjs/loader:1064:22) (STDERR, APP/PROC/WEB)#
#2026 05 17 17:44:29.346#Z#DEBUG#ce142cac-5217-11f1-9eb0-eeee0a904712.bookscapm-srv#flowable-async-job-executor-thread-1283#
[PollStartAppStatusExecution] ab51efbf-6a80-46f6-bcf2-75d28171c258 [2026-05-17T17:44:28.913170] at Module._load (node:internal/modules/cjs/loader:1227:37) (STDERR, APP/PROC/WEB)#
#2026 05 17 17:44:39.297#Z#DEBUG#ce142cac-5217-11f1-9eb0-eeee0a904712.bookscapm-srv#flowable-async-job-executor-thread-1287#
[PollStartAppStatusExecution] ab51efbf-6a80-46f6-bcf2-75d28171c258 [2026-05-17T17:44:28.913174] at TracingChannel.traceSync (node:diagnostics_channel:328:14) (STDERR, APP/PROC/WEB)#
#2026 05 17 17:44:39.297#Z#DEBUG#ce142cac-5217-11f1-9eb0-eeee0a904712.bookscapm-srv#flowable-async-job-executor-thread-1287#
[PollStartAppStatusExecution] ab51efbf-6a80-46f6-bcf2-75d28171c258 [2026-05-17T17:44:28.913178] at wrapModuleLoad (node:internal/modules/cjs/loader:245:24) (STDERR, APP/PROC/WEB)#
#2026 05 17 17:44:39.298#Z#DEBUG#ce142cac-5217-11f1-9eb0-eeee0a904712.bookscapm-srv#flowable-async-job-executor-thread-1287#
[PollStartAppStatusExecution] ab51efbf-6a80-46f6-bcf2-75d28171c258 [2026-05-17T17:44:28.913184] at Module.require (node:internal/modules/cjs/loader:1504:12) (STDERR, APP/PROC/WEB)#
#2026 05 17 17:44:39.298#Z#DEBUG#ce142cac-5217-11f1-9eb0-eeee0a904712.bookscapm-srv#flowable-async-job-executor-thread-1287#
[PollStartAppStatusExecution] ab51efbf-6a80-46f6-bcf2-75d28171c258 [2026-05-17T17:44:28.913191] at require (node:internal/modules/helpers:152:16) (STDERR, APP/PROC/WEB)#
#2026 05 17 17:44:39.298#Z#DEBUG#ce142cac-5217-11f1-9eb0-eeee0a904712.bookscapm-srv#flowable-async-job-executor-thread-1287#
[PollStartAppStatusExecution] ab51efbf-6a80-46f6-bcf2-75d28171c258 [2026-05-17T17:44:28.913196] at Object.<anonymous> (/home/vcap/app/node_modules/@sap/cds/lib/srv/middlewares/auth/xssec.js:2:17) (STDERR, APP/PROC/WEB)#
#2026 05 17 17:44:39.298#Z#DEBUG#ce142cac-5217-11f1-9eb0-eeee0a904712.bookscapm-srv#flowable-async-job-executor-thread-1287#
[PollStartAppStatusExecution] ab51efbf-6a80-46f6-bcf2-75d28171c258 [2026-05-17T17:44:28.913200] at Module._compile (node:internal/modules/cjs/loader:1761:14) { (STDERR, APP/PROC/WEB)#
#2026 05 17 17:44:39.298#Z#DEBUG#ce142cac-5217-11f1-9eb0-eeee0a904712.bookscapm-srv#flowable-async-job-executor-thread-1287#
[PollStartAppStatusExecution] ab51efbf-6a80-46f6-bcf2-75d28171c258 [2026-05-17T17:44:28.913204] code: 'MODULE_NOT_FOUND', (STDERR, APP/PROC/WEB)#
#2026 05 17 17:44:39.298#Z#DEBUG#ce142cac-5217-11f1-9eb0-eeee0a904712.bookscapm-srv#flowable-async-job-executor-thread-1287#
[PollStartAppStatusExecution] ab51efbf-6a80-46f6-bcf2-75d28171c258 [2026-05-17T17:44:28.913209] requireStack: [ (STDERR, APP/PROC/WEB)#
#2026 05 17 17:44:39.298#Z#DEBUG#ce142cac-5217-11f1-9eb0-eeee0a904712.bookscapm-srv#flowable-async-job-executor-thread-1287#
[PollStartAppStatusExecution] ab51efbf-6a80-46f6-bcf2-75d28171c258 [2026-05-17T17:44:28.913214] '/home/vcap/app/node_modules/@sap/cds/lib/srv/middlewares/auth/xssec.js', (STDERR, APP/PROC/WEB)#
#2026 05 17 17:44:39.298#Z#DEBUG#ce142cac-5217-11f1-9eb0-eeee0a904712.bookscapm-srv#flowable-async-job-executor-thread-1287#
[PollStartAppStatusExecution] ab51efbf-6a80-46f6-bcf2-75d28171c258 [2026-05-17T17:44:28.913218] '/home/vcap/app/node_modules/@sap/cds/lib/srv/middlewares/auth/jwt-auth.js', (STDERR, APP/PROC/WEB)#
#2026 05 17 17:44:39.298#Z#DEBUG#ce142cac-5217-11f1-9eb0-eeee0a904712.bookscapm-srv#flowable-async-job-executor-thread-1287#
[PollStartAppStatusExecution] ab51efbf-6a80-46f6-bcf2-75d28171c258 [2026-05-17T17:44:28.913222] '/home/vcap/app/node_modules/@sap/cds/lib/srv/middlewares/auth/index.js', (STDERR, APP/PROC/WEB)#
#2026 05 17 17:44:39.298#Z#DEBUG#ce142cac-5217-11f1-9eb0-eeee0a904712.bookscapm-srv#flowable-async-job-executor-thread-1287#
[PollStartAppStatusExecution] ab51efbf-6a80-46f6-bcf2-75d28171c258 [2026-05-17T17:44:28.913227] '/home/vcap/app/node_modules/@sap/cds/lib/srv/middlewares/index.js', (STDERR, APP/PROC/WEB)#
#2026 05 17 17:44:39.298#Z#DEBUG#ce142cac-5217-11f1-9eb0-eeee0a904712.bookscapm-srv#flowable-async-job-executor-thread-1287#
[PollStartAppStatusExecution] ab51efbf-6a80-46f6-bcf2-75d28171c258 [2026-05-17T17:44:28.913233] '/home/vcap/app/node_modules/@sap/cds/lib/index.js', (STDERR, APP/PROC/WEB)#
#2026 05 17 17:44:39.298#Z#DEBUG#ce142cac-5217-11f1-9eb0-eeee0a904712.bookscapm-srv#flowable-async-job-executor-thread-1287#
[PollStartAppStatusExecution] ab51efbf-6a80-46f6-bcf2-75d28171c258 [2026-05-17T17:44:28.913237] '/home/vcap/app/node_modules/@sap/cds/bin/serve.js' (STDERR, APP/PROC/WEB)#
#2026 05 17 17:44:39.298#Z#DEBUG#ce142cac-5217-11f1-9eb0-eeee0a904712.bookscapm-srv#flowable-async-job-executor-thread-1287#
[PollStartAppStatusExecution] ab51efbf-6a80-46f6-bcf2-75d28171c258 [2026-05-17T17:44:28.913241] ] (STDERR, APP/PROC/WEB)#
#2026 05 17 17:44:39.298#Z#DEBUG#ce142cac-5217-11f1-9eb0-eeee0a904712.bookscapm-srv#flowable-async-job-executor-thread-1287#
[PollStartAppStatusExecution] ab51efbf-6a80-46f6-bcf2-75d28171c258 [2026-05-17T17:44:28.913246] } (STDERR, APP/PROC/WEB)#
#2026 05 17 17:44:39.298#Z#DEBUG#ce142cac-5217-11f1-9eb0-eeee0a904712.bookscapm-srv#flowable-async-job-executor-thread-1287#
[PollStartAppStatusExecution] ab51efbf-6a80-46f6-bcf2-75d28171c258 [2026-05-17T17:44:28.913251] Node.js v24.13.0 (STDERR, APP/PROC/WEB)#
#2026 05 17 17:44:39.298#Z#DEBUG#ce142cac-5217-11f1-9eb0-eeee0a904712.bookscapm-srv#flowable-async-job-executor-thread-1287#
[PollStartAppStatusExecution] ab51efbf-6a80-46f6-bcf2-75d28171c258 [2026-05-17T17:44:28.932151] npm notice (STDERR, APP/PROC/WEB)#
#2026 05 17 17:44:39.298#Z#DEBUG#ce142cac-5217-11f1-9eb0-eeee0a904712.bookscapm-srv#flowable-async-job-executor-thread-1287#
[PollStartAppStatusExecution] ab51efbf-6a80-46f6-bcf2-75d28171c258 [2026-05-17T17:44:28.932163] npm notice New minor version of npm available! 11.6.2 -> 11.14.1 (STDERR, APP/PROC/WEB)#
#2026 05 17 17:44:39.298#Z#DEBUG#ce142cac-5217-11f1-9eb0-eeee0a904712.bookscapm-srv#flowable-async-job-executor-thread-1287#
[PollStartAppStatusExecution] ab51efbf-6a80-46f6-bcf2-75d28171c258 [2026-05-17T17:44:28.932168] npm notice Changelog: https://github.com/npm/cli/releases/tag/v11.14.1 (STDERR, APP/PROC/WEB)#
#2026 05 17 17:44:39.298#Z#DEBUG#ce142cac-5217-11f1-9eb0-eeee0a904712.bookscapm-srv#flowable-async-job-executor-thread-1287#
[PollStartAppStatusExecution] ab51efbf-6a80-46f6-bcf2-75d28171c258 [2026-05-17T17:44:28.932176] npm notice To update run: npm install -g npm@11.14.1 (STDERR, APP/PROC/WEB)#
#2026 05 17 17:44:39.298#Z#DEBUG#ce142cac-5217-11f1-9eb0-eeee0a904712.bookscapm-srv#flowable-async-job-executor-thread-1287#
[PollStartAppStatusExecution] ab51efbf-6a80-46f6-bcf2-75d28171c258 [2026-05-17T17:44:28.932181] npm notice (STDERR, APP/PROC/WEB)#
#2026 05 17 17:44:39.298#Z#DEBUG#ce142cac-5217-11f1-9eb0-eeee0a904712.bookscapm-srv#flowable-async-job-executor-thread-1287#
[PollStartAppStatusExecution] ab51efbf-6a80-46f6-bcf2-75d28171c258 [2026-05-17T17:44:29.026244] Exit status 1 (STDOUT, APP/PROC/WEB)#
#2026 05 17 17:44:39.298#Z#DEBUG#ce142cac-5217-11f1-9eb0-eeee0a904712.bookscapm-srv#flowable-async-job-executor-thread-1287#
[PollStartAppStatusExecution] ab51efbf-6a80-46f6-bcf2-75d28171c258 [2026-05-17T17:44:35.497665] Cell 1ea14514-f0fe-461c-9aa9-a53bbe093b00 stopping instance f1e99a1e-2f92-4f1c-5dac-985f (STDOUT, CELL)#
#2026 05 17 17:44:39.298#Z#DEBUG#ce142cac-5217-11f1-9eb0-eeee0a904712.bookscapm-srv#flowable-async-job-executor-thread-1287#
[PollStartAppStatusExecution] ab51efbf-6a80-46f6-bcf2-75d28171c258 [2026-05-17T17:44:35.497705] Cell 1ea14514-f0fe-461c-9aa9-a53bbe093b00 destroying container for instance f1e99a1e-2f92-4f1c-5dac-985f (STDOUT, CELL)#
#2026 05 17 17:44:39.298#Z#DEBUG#ce142cac-5217-11f1-9eb0-eeee0a904712.bookscapm-srv#flowable-async-job-executor-thread-1287#
[PollStartAppStatusExecution] ab51efbf-6a80-46f6-bcf2-75d28171c258 [2026-05-17T17:44:35.505530] Process has crashed with type: "web" (STDOUT, API)#
#2026 05 17 17:44:39.298#Z#DEBUG#ce142cac-5217-11f1-9eb0-eeee0a904712.bookscapm-srv#flowable-async-job-executor-thread-1287#
[PollStartAppStatusExecution] ab51efbf-6a80-46f6-bcf2-75d28171c258 [2026-05-17T17:44:35.527091] App instance exited with guid ab51efbf-6a80-46f6-bcf2-75d28171c258 payload: {"instance"=>"f1e99a1e-2f92-4f1c-5dac-985f", "index"=>0, "cell_id"=>"1ea14514-f0fe-461c-9aa9-a53bbe093b00", "reason"=>"CRASHED", "exit_description"=>"APP/PROC/WEB: Exited with status 1", "crash_count"=>1, "crash_timestamp"=>1779039875471883485, "version"=>"65e9e7c9-1671-4a7a-9f81-6b9d34b55585"} (STDOUT, API)#
#2026 05 17 17:44:39.298#Z#DEBUG#ce142cac-5217-11f1-9eb0-eeee0a904712.bookscapm-srv#flowable-async-job-executor-thread-1287#
[PollStartAppStatusExecution] ab51efbf-6a80-46f6-bcf2-75d28171c258 [2026-05-17T17:44:35.562018] Cell 4401fcd0-006d-4ceb-9b51-aa22a1b186cf creating container for instance f97f985e-dd00-44fb-7adb-085f (STDOUT, CELL)#
#2026 05 17 17:44:39.298#Z#DEBUG#ce142cac-5217-11f1-9eb0-eeee0a904712.bookscapm-srv#flowable-async-job-executor-thread-1287#
[PollStartAppStatusExecution] ab51efbf-6a80-46f6-bcf2-75d28171c258 [2026-05-17T17:44:35.678750] Exit status 137 (STDOUT, PROXY)#
#2026 05 17 17:44:39.298#Z#DEBUG#ce142cac-5217-11f1-9eb0-eeee0a904712.bookscapm-srv#flowable-async-job-executor-thread-1287#
[PollStartAppStatusExecution] ab51efbf-6a80-46f6-bcf2-75d28171c258 [2026-05-17T17:44:36.574276] Security group rules were updated (STDOUT, CELL)#
#2026 05 17 17:44:39.298#Z#DEBUG#ce142cac-5217-11f1-9eb0-eeee0a904712.bookscapm-srv#flowable-async-job-executor-thread-1287#
[PollStartAppStatusExecution] ab51efbf-6a80-46f6-bcf2-75d28171c258 [2026-05-17T17:44:37.030730] Cell 4401fcd0-006d-4ceb-9b51-aa22a1b186cf successfully created container for instance f97f985e-dd00-44fb-7adb-085f (STDOUT, CELL)#
#2026 05 17 17:44:39.298#Z#DEBUG#ce142cac-5217-11f1-9eb0-eeee0a904712.bookscapm-srv#flowable-async-job-executor-thread-1287#
[PollStartAppStatusExecution] ab51efbf-6a80-46f6-bcf2-75d28171c258 [2026-05-17T17:44:37.621393] Downloading droplet... (STDOUT, CELL)#
#2026 05 17 17:44:39.298#Z#DEBUG#ce142cac-5217-11f1-9eb0-eeee0a904712.bookscapm-srv#flowable-async-job-executor-thread-1287#
[PollStartAppStatusExecution] ab51efbf-6a80-46f6-bcf2-75d28171c258 [2026-05-17T17:44:38.513318] Cell 1ea14514-f0fe-461c-9aa9-a53bbe093b00 successfully destroyed container for instance f1e99a1e-2f92-4f1c-5dac-985f (STDOUT, CELL)#
#2026 05 17 17:44:49.381#Z#DEBUG#ce142cac-5217-11f1-9eb0-eeee0a904712.bookscapm-srv#flowable-async-job-executor-thread-1293#
[PollStartAppStatusExecution] ab51efbf-6a80-46f6-bcf2-75d28171c258 [2026-05-17T17:44:45.003040] Downloaded droplet (60.6M) (STDOUT, CELL)#
#2026 05 17 17:44:49.381#Z#DEBUG#ce142cac-5217-11f1-9eb0-eeee0a904712.bookscapm-srv#flowable-async-job-executor-thread-1293#
[PollStartAppStatusExecution] ab51efbf-6a80-46f6-bcf2-75d28171c258 [2026-05-17T17:44:45.003250] Starting health monitoring of container (STDOUT, CELL)#
#2026 05 17 17:44:49.381#Z#DEBUG#ce142cac-5217-11f1-9eb0-eeee0a904712.bookscapm-srv#flowable-async-job-executor-thread-1293#
[PollStartAppStatusExecution] ab51efbf-6a80-46f6-bcf2-75d28171c258 [2026-05-17T17:44:45.151932] Invoking pre-start scripts. (STDOUT, APP/PROC/WEB)#
#2026 05 17 17:44:49.381#Z#DEBUG#ce142cac-5217-11f1-9eb0-eeee0a904712.bookscapm-srv#flowable-async-job-executor-thread-1293#
[PollStartAppStatusExecution] ab51efbf-6a80-46f6-bcf2-75d28171c258 [2026-05-17T17:44:45.609318] Invoking start command. (STDOUT, APP/PROC/WEB)#
#2026 05 17 17:44:49.381#Z#DEBUG#ce142cac-5217-11f1-9eb0-eeee0a904712.bookscapm-srv#flowable-async-job-executor-thread-1293#
[PollStartAppStatusExecution] ab51efbf-6a80-46f6-bcf2-75d28171c258 [2026-05-17T17:44:46.439558] > bookscapm@1.0.0 start (STDOUT, APP/PROC/WEB)#
#2026 05 17 17:44:49.381#Z#DEBUG#ce142cac-5217-11f1-9eb0-eeee0a904712.bookscapm-srv#flowable-async-job-executor-thread-1293#
[PollStartAppStatusExecution] ab51efbf-6a80-46f6-bcf2-75d28171c258 [2026-05-17T17:44:46.439581] > cds-serve (STDOUT, APP/PROC/WEB)#
#2026 05 17 17:44:49.381#Z#DEBUG#ce142cac-5217-11f1-9eb0-eeee0a904712.bookscapm-srv#flowable-async-job-executor-thread-1293#
[PollStartAppStatusExecution] ab51efbf-6a80-46f6-bcf2-75d28171c258 [2026-05-17T17:44:46.889942] {"level":"info","logger":"cds","timestamp":"2026-05-17T17:44:46.887Z","layer":"cds","component_type":"application","container_id":"10.32.3.5","component_id":"ab51efbf-6a80-46f6-bcf2-75d28171c258","component_name":"bookscapm-srv","component_instance":0,"source_instance":0,"organization_name":"53d2ceb3trial","organization_id":"2243168d-2a9f-490d-bf17-3322448edf8b","space_name":"dev","space_id":"da2f47c5-67bb-4739-9dbb-6384db716e72","msg":"loaded model from 1 file(s):\n ","type":"log"} (STDOUT, APP/PROC/WEB)#
#2026 05 17 17:44:49.381#Z#DEBUG#ce142cac-5217-11f1-9eb0-eeee0a904712.bookscapm-srv#flowable-async-job-executor-thread-1293#
[PollStartAppStatusExecution] ab51efbf-6a80-46f6-bcf2-75d28171c258 [2026-05-17T17:44:46.890796] srv/csn.json (STDOUT, APP/PROC/WEB)#
#2026 05 17 17:44:49.381#Z#DEBUG#ce142cac-5217-11f1-9eb0-eeee0a904712.bookscapm-srv#flowable-async-job-executor-thread-1293#
[PollStartAppStatusExecution] ab51efbf-6a80-46f6-bcf2-75d28171c258 [2026-05-17T17:44:47.266118] {"level":"info","logger":"cds","timestamp":"2026-05-17T17:44:47.264Z","layer":"cds","component_type":"application","container_id":"10.32.3.5","component_id":"ab51efbf-6a80-46f6-bcf2-75d28171c258","component_name":"bookscapm-srv","component_instance":0,"source_instance":0,"organization_name":"53d2ceb3trial","organization_id":"2243168d-2a9f-490d-bf17-3322448edf8b","space_name":"dev","space_id":"da2f47c5-67bb-4739-9dbb-6384db716e72","msg":"connect to db > hana {\n  database_id: '7139a3f2-f85c-4b2f-aeb0-2db26a0a6bd7',\n  host: '7139a3f2-f85c-4b2f-aeb0-2db26a0a6bd7.hana.prod-ap21.hanacloud.ondemand.com',\n  port: '443',\n  driver: 'com.sap.db.jdbc.Driver',\n  url: 'jdbc:sap://7139a3f2-f85c-4b2f-aeb0-2db26a0a6bd7.hana.prod-ap21.hanacloud.ondemand.com:443?encrypt=true&validateCertificate=true&currentschema=C267CE7888044773AAA7C1B3CFC7C46E',\n  schema: 'C267CE7888044773AAA7C1B3CFC7C46E',\n  certificate: '...',\n  hdi_user: 'C267CE7888044773AAA7C1B3CFC7C46E_CVMXEJO6N50EXYFUMY54SI8SM_DT',\n  hdi_password: '...',\n  user: 'C267CE7888044773AAA7C1B3CFC7C46E_CVMXEJO6N50EXYFUMY54SI8SM_RT',\n  password: '...'\n}","type":"log"} (STDOUT, APP/PROC/WEB)#
#2026 05 17 17:44:49.381#Z#DEBUG#ce142cac-5217-11f1-9eb0-eeee0a904712.bookscapm-srv#flowable-async-job-executor-thread-1293#
[PollStartAppStatusExecution] ab51efbf-6a80-46f6-bcf2-75d28171c258 [2026-05-17T17:44:47.319847] {"level":"info","logger":"cds","timestamp":"2026-05-17T17:44:47.319Z","layer":"cds","component_type":"application","container_id":"10.32.3.5","component_id":"ab51efbf-6a80-46f6-bcf2-75d28171c258","component_name":"bookscapm-srv","component_instance":0,"source_instance":0,"organization_name":"53d2ceb3trial","organization_id":"2243168d-2a9f-490d-bf17-3322448edf8b","space_name":"dev","space_id":"da2f47c5-67bb-4739-9dbb-6384db716e72","msg":"using auth strategy { kind: 'jwt' }","type":"log"} (STDOUT, APP/PROC/WEB)#
#2026 05 17 17:44:49.381#Z#DEBUG#ce142cac-5217-11f1-9eb0-eeee0a904712.bookscapm-srv#flowable-async-job-executor-thread-1293#
[PollStartAppStatusExecution] ab51efbf-6a80-46f6-bcf2-75d28171c258 [2026-05-17T17:44:47.322910] node:internal/modules/cjs/loader:1421 (STDERR, APP/PROC/WEB)#
#2026 05 17 17:44:49.381#Z#DEBUG#ce142cac-5217-11f1-9eb0-eeee0a904712.bookscapm-srv#flowable-async-job-executor-thread-1293#
[PollStartAppStatusExecution] ab51efbf-6a80-46f6-bcf2-75d28171c258 [2026-05-17T17:44:47.322928] const err = new Error(message); (STDERR, APP/PROC/WEB)#
#2026 05 17 17:44:49.381#Z#DEBUG#ce142cac-5217-11f1-9eb0-eeee0a904712.bookscapm-srv#flowable-async-job-executor-thread-1293#
[PollStartAppStatusExecution] ab51efbf-6a80-46f6-bcf2-75d28171c258 [2026-05-17T17:44:47.322936] ^ (STDERR, APP/PROC/WEB)#
#2026 05 17 17:44:49.381#Z#DEBUG#ce142cac-5217-11f1-9eb0-eeee0a904712.bookscapm-srv#flowable-async-job-executor-thread-1293#
[PollStartAppStatusExecution] ab51efbf-6a80-46f6-bcf2-75d28171c258 [2026-05-17T17:44:47.322944] Error: Cannot find '@sap/xssec'. Make sure to install it with 'npm i @sap/xssec' (STDERR, APP/PROC/WEB)#
#2026 05 17 17:44:49.381#Z#DEBUG#ce142cac-5217-11f1-9eb0-eeee0a904712.bookscapm-srv#flowable-async-job-executor-thread-1293#
[PollStartAppStatusExecution] ab51efbf-6a80-46f6-bcf2-75d28171c258 [2026-05-17T17:44:47.322957] Cannot find module '@sap/xssec' (STDERR, APP/PROC/WEB)#
#2026 05 17 17:44:49.381#Z#DEBUG#ce142cac-5217-11f1-9eb0-eeee0a904712.bookscapm-srv#flowable-async-job-executor-thread-1293#
[PollStartAppStatusExecution] ab51efbf-6a80-46f6-bcf2-75d28171c258 [2026-05-17T17:44:47.322962] Require stack: (STDERR, APP/PROC/WEB)#
#2026 05 17 17:44:49.381#Z#DEBUG#ce142cac-5217-11f1-9eb0-eeee0a904712.bookscapm-srv#flowable-async-job-executor-thread-1293#
[PollStartAppStatusExecution] ab51efbf-6a80-46f6-bcf2-75d28171c258 [2026-05-17T17:44:47.322968] - /home/vcap/app/node_modules/@sap/cds/lib/srv/middlewares/auth/xssec.js (STDERR, APP/PROC/WEB)#
#2026 05 17 17:44:49.381#Z#DEBUG#ce142cac-5217-11f1-9eb0-eeee0a904712.bookscapm-srv#flowable-async-job-executor-thread-1293#
[PollStartAppStatusExecution] ab51efbf-6a80-46f6-bcf2-75d28171c258 [2026-05-17T17:44:47.322973] - /home/vcap/app/node_modules/@sap/cds/lib/srv/middlewares/auth/jwt-auth.js (STDERR, APP/PROC/WEB)#
#2026 05 17 17:44:49.381#Z#DEBUG#ce142cac-5217-11f1-9eb0-eeee0a904712.bookscapm-srv#flowable-async-job-executor-thread-1293#
[PollStartAppStatusExecution] ab51efbf-6a80-46f6-bcf2-75d28171c258 [2026-05-17T17:44:47.322979] - /home/vcap/app/node_modules/@sap/cds/lib/srv/middlewares/auth/index.js (STDERR, APP/PROC/WEB)#
#2026 05 17 17:44:49.381#Z#DEBUG#ce142cac-5217-11f1-9eb0-eeee0a904712.bookscapm-srv#flowable-async-job-executor-thread-1293#
[PollStartAppStatusExecution] ab51efbf-6a80-46f6-bcf2-75d28171c258 [2026-05-17T17:44:47.322989] - /home/vcap/app/node_modules/@sap/cds/lib/srv/middlewares/index.js (STDERR, APP/PROC/WEB)#
#2026 05 17 17:44:49.381#Z#DEBUG#ce142cac-5217-11f1-9eb0-eeee0a904712.bookscapm-srv#flowable-async-job-executor-thread-1293#
[PollStartAppStatusExecution] ab51efbf-6a80-46f6-bcf2-75d28171c258 [2026-05-17T17:44:47.322997] - /home/vcap/app/node_modules/@sap/cds/lib/index.js (STDERR, APP/PROC/WEB)#
#2026 05 17 17:44:49.381#Z#DEBUG#ce142cac-5217-11f1-9eb0-eeee0a904712.bookscapm-srv#flowable-async-job-executor-thread-1293#
[PollStartAppStatusExecution] ab51efbf-6a80-46f6-bcf2-75d28171c258 [2026-05-17T17:44:47.323002] - /home/vcap/app/node_modules/@sap/cds/bin/serve.js (STDERR, APP/PROC/WEB)#
#2026 05 17 17:44:49.381#Z#DEBUG#ce142cac-5217-11f1-9eb0-eeee0a904712.bookscapm-srv#flowable-async-job-executor-thread-1293#
[PollStartAppStatusExecution] ab51efbf-6a80-46f6-bcf2-75d28171c258 [2026-05-17T17:44:47.323008] at Module._resolveFilename (node:internal/modules/cjs/loader:1421:15) (STDERR, APP/PROC/WEB)#
#2026 05 17 17:44:49.381#Z#DEBUG#ce142cac-5217-11f1-9eb0-eeee0a904712.bookscapm-srv#flowable-async-job-executor-thread-1293#
[PollStartAppStatusExecution] ab51efbf-6a80-46f6-bcf2-75d28171c258 [2026-05-17T17:44:47.323013] at defaultResolveImpl (node:internal/modules/cjs/loader:1059:19) (STDERR, APP/PROC/WEB)#
#2026 05 17 17:44:49.381#Z#DEBUG#ce142cac-5217-11f1-9eb0-eeee0a904712.bookscapm-srv#flowable-async-job-executor-thread-1293#
[PollStartAppStatusExecution] ab51efbf-6a80-46f6-bcf2-75d28171c258 [2026-05-17T17:44:47.323018] at resolveForCJSWithHooks (node:internal/modules/cjs/loader:1064:22) (STDERR, APP/PROC/WEB)#
#2026 05 17 17:44:49.381#Z#DEBUG#ce142cac-5217-11f1-9eb0-eeee0a904712.bookscapm-srv#flowable-async-job-executor-thread-1293#
[PollStartAppStatusExecution] ab51efbf-6a80-46f6-bcf2-75d28171c258 [2026-05-17T17:44:47.323024] at Module._load (node:internal/modules/cjs/loader:1227:37) (STDERR, APP/PROC/WEB)#
#2026 05 17 17:44:49.381#Z#DEBUG#ce142cac-5217-11f1-9eb0-eeee0a904712.bookscapm-srv#flowable-async-job-executor-thread-1293#
[PollStartAppStatusExecution] ab51efbf-6a80-46f6-bcf2-75d28171c258 [2026-05-17T17:44:47.323029] at TracingChannel.traceSync (node:diagnostics_channel:328:14) (STDERR, APP/PROC/WEB)#
#2026 05 17 17:44:49.381#Z#DEBUG#ce142cac-5217-11f1-9eb0-eeee0a904712.bookscapm-srv#flowable-async-job-executor-thread-1293#
[PollStartAppStatusExecution] ab51efbf-6a80-46f6-bcf2-75d28171c258 [2026-05-17T17:44:47.323035] at wrapModuleLoad (node:internal/modules/cjs/loader:245:24) (STDERR, APP/PROC/WEB)#
#2026 05 17 17:44:49.381#Z#DEBUG#ce142cac-5217-11f1-9eb0-eeee0a904712.bookscapm-srv#flowable-async-job-executor-thread-1293#
[PollStartAppStatusExecution] ab51efbf-6a80-46f6-bcf2-75d28171c258 [2026-05-17T17:44:47.323042] at Module.require (node:internal/modules/cjs/loader:1504:12) (STDERR, APP/PROC/WEB)#
#2026 05 17 17:44:49.381#Z#DEBUG#ce142cac-5217-11f1-9eb0-eeee0a904712.bookscapm-srv#flowable-async-job-executor-thread-1293#
[PollStartAppStatusExecution] ab51efbf-6a80-46f6-bcf2-75d28171c258 [2026-05-17T17:44:47.323047] at require (node:internal/modules/helpers:152:16) (STDERR, APP/PROC/WEB)#
#2026 05 17 17:44:49.381#Z#DEBUG#ce142cac-5217-11f1-9eb0-eeee0a904712.bookscapm-srv#flowable-async-job-executor-thread-1293#
[PollStartAppStatusExecution] ab51efbf-6a80-46f6-bcf2-75d28171c258 [2026-05-17T17:44:47.323057] at Object.<anonymous> (/home/vcap/app/node_modules/@sap/cds/lib/srv/middlewares/auth/xssec.js:2:17) (STDERR, APP/PROC/WEB)#
#2026 05 17 17:44:49.381#Z#DEBUG#ce142cac-5217-11f1-9eb0-eeee0a904712.bookscapm-srv#flowable-async-job-executor-thread-1293#
[PollStartAppStatusExecution] ab51efbf-6a80-46f6-bcf2-75d28171c258 [2026-05-17T17:44:47.323063] at Module._compile (node:internal/modules/cjs/loader:1761:14) { (STDERR, APP/PROC/WEB)#
#2026 05 17 17:44:49.381#Z#DEBUG#ce142cac-5217-11f1-9eb0-eeee0a904712.bookscapm-srv#flowable-async-job-executor-thread-1293#
[PollStartAppStatusExecution] ab51efbf-6a80-46f6-bcf2-75d28171c258 [2026-05-17T17:44:47.323068] code: 'MODULE_NOT_FOUND', (STDERR, APP/PROC/WEB)#
#2026 05 17 17:44:49.381#Z#DEBUG#ce142cac-5217-11f1-9eb0-eeee0a904712.bookscapm-srv#flowable-async-job-executor-thread-1293#
[PollStartAppStatusExecution] ab51efbf-6a80-46f6-bcf2-75d28171c258 [2026-05-17T17:44:47.323073] requireStack: [ (STDERR, APP/PROC/WEB)#
#2026 05 17 17:44:49.381#Z#DEBUG#ce142cac-5217-11f1-9eb0-eeee0a904712.bookscapm-srv#flowable-async-job-executor-thread-1293#
[PollStartAppStatusExecution] ab51efbf-6a80-46f6-bcf2-75d28171c258 [2026-05-17T17:44:47.323080] '/home/vcap/app/node_modules/@sap/cds/lib/srv/middlewares/auth/xssec.js', (STDERR, APP/PROC/WEB)#
#2026 05 17 17:44:49.381#Z#DEBUG#ce142cac-5217-11f1-9eb0-eeee0a904712.bookscapm-srv#flowable-async-job-executor-thread-1293#
[PollStartAppStatusExecution] ab51efbf-6a80-46f6-bcf2-75d28171c258 [2026-05-17T17:44:47.323085] '/home/vcap/app/node_modules/@sap/cds/lib/srv/middlewares/auth/jwt-auth.js', (STDERR, APP/PROC/WEB)#
#2026 05 17 17:44:49.381#Z#DEBUG#ce142cac-5217-11f1-9eb0-eeee0a904712.bookscapm-srv#flowable-async-job-executor-thread-1293#
[PollStartAppStatusExecution] ab51efbf-6a80-46f6-bcf2-75d28171c258 [2026-05-17T17:44:47.323094] '/home/vcap/app/node_modules/@sap/cds/lib/srv/middlewares/auth/index.js', (STDERR, APP/PROC/WEB)#
#2026 05 17 17:44:49.381#Z#DEBUG#ce142cac-5217-11f1-9eb0-eeee0a904712.bookscapm-srv#flowable-async-job-executor-thread-1293#
[PollStartAppStatusExecution] ab51efbf-6a80-46f6-bcf2-75d28171c258 [2026-05-17T17:44:47.323100] '/home/vcap/app/node_modules/@sap/cds/lib/srv/middlewares/index.js', (STDERR, APP/PROC/WEB)#
#2026 05 17 17:44:49.381#Z#DEBUG#ce142cac-5217-11f1-9eb0-eeee0a904712.bookscapm-srv#flowable-async-job-executor-thread-1293#
[PollStartAppStatusExecution] ab51efbf-6a80-46f6-bcf2-75d28171c258 [2026-05-17T17:44:47.323105] '/home/vcap/app/node_modules/@sap/cds/lib/index.js', (STDERR, APP/PROC/WEB)#
#2026 05 17 17:44:49.381#Z#DEBUG#ce142cac-5217-11f1-9eb0-eeee0a904712.bookscapm-srv#flowable-async-job-executor-thread-1293#
[PollStartAppStatusExecution] ab51efbf-6a80-46f6-bcf2-75d28171c258 [2026-05-17T17:44:47.323110] '/home/vcap/app/node_modules/@sap/cds/bin/serve.js' (STDERR, APP/PROC/WEB)#
#2026 05 17 17:44:49.381#Z#DEBUG#ce142cac-5217-11f1-9eb0-eeee0a904712.bookscapm-srv#flowable-async-job-executor-thread-1293#
[PollStartAppStatusExecution] ab51efbf-6a80-46f6-bcf2-75d28171c258 [2026-05-17T17:44:47.323114] ] (STDERR, APP/PROC/WEB)#
#2026 05 17 17:44:49.381#Z#DEBUG#ce142cac-5217-11f1-9eb0-eeee0a904712.bookscapm-srv#flowable-async-job-executor-thread-1293#
[PollStartAppStatusExecution] ab51efbf-6a80-46f6-bcf2-75d28171c258 [2026-05-17T17:44:47.323118] } (STDERR, APP/PROC/WEB)#
#2026 05 17 17:44:49.381#Z#DEBUG#ce142cac-5217-11f1-9eb0-eeee0a904712.bookscapm-srv#flowable-async-job-executor-thread-1293#
[PollStartAppStatusExecution] ab51efbf-6a80-46f6-bcf2-75d28171c258 [2026-05-17T17:44:47.323123] Node.js v24.13.0 (STDERR, APP/PROC/WEB)#
#2026 05 17 17:44:49.381#Z#DEBUG#ce142cac-5217-11f1-9eb0-eeee0a904712.bookscapm-srv#flowable-async-job-executor-thread-1293#
[PollStartAppStatusExecution] ab51efbf-6a80-46f6-bcf2-75d28171c258 [2026-05-17T17:44:47.348077] npm notice (STDERR, APP/PROC/WEB)#
#2026 05 17 17:44:49.381#Z#DEBUG#ce142cac-5217-11f1-9eb0-eeee0a904712.bookscapm-srv#flowable-async-job-executor-thread-1293#
[PollStartAppStatusExecution] ab51efbf-6a80-46f6-bcf2-75d28171c258 [2026-05-17T17:44:47.348104] npm notice New minor version of npm available! 11.6.2 -> 11.14.1 (STDERR, APP/PROC/WEB)#
#2026 05 17 17:44:49.381#Z#DEBUG#ce142cac-5217-11f1-9eb0-eeee0a904712.bookscapm-srv#flowable-async-job-executor-thread-1293#
[PollStartAppStatusExecution] ab51efbf-6a80-46f6-bcf2-75d28171c258 [2026-05-17T17:44:47.348112] npm notice Changelog: https://github.com/npm/cli/releases/tag/v11.14.1 (STDERR, APP/PROC/WEB)#
#2026 05 17 17:44:49.381#Z#DEBUG#ce142cac-5217-11f1-9eb0-eeee0a904712.bookscapm-srv#flowable-async-job-executor-thread-1293#
[PollStartAppStatusExecution] ab51efbf-6a80-46f6-bcf2-75d28171c258 [2026-05-17T17:44:47.348119] npm notice To update run: npm install -g npm@11.14.1 (STDERR, APP/PROC/WEB)#
#2026 05 17 17:44:49.381#Z#DEBUG#ce142cac-5217-11f1-9eb0-eeee0a904712.bookscapm-srv#flowable-async-job-executor-thread-1293#
[PollStartAppStatusExecution] ab51efbf-6a80-46f6-bcf2-75d28171c258 [2026-05-17T17:44:47.348137] npm notice (STDERR, APP/PROC/WEB)#
#2026 05 17 17:44:49.381#Z#DEBUG#ce142cac-5217-11f1-9eb0-eeee0a904712.bookscapm-srv#flowable-async-job-executor-thread-1293#
[PollStartAppStatusExecution] ab51efbf-6a80-46f6-bcf2-75d28171c258 [2026-05-17T17:44:47.482163] Exit status 1 (STDOUT, APP/PROC/WEB)#
#2026 05 17 17:44:59.332#Z#DEBUG#ce142cac-5217-11f1-9eb0-eeee0a904712.bookscapm-srv#flowable-async-job-executor-thread-1295#
[PollStartAppStatusExecution] ab51efbf-6a80-46f6-bcf2-75d28171c258 [2026-05-17T17:44:54.723360] Cell 4401fcd0-006d-4ceb-9b51-aa22a1b186cf stopping instance f97f985e-dd00-44fb-7adb-085f (STDOUT, CELL)#
#2026 05 17 17:44:59.332#Z#DEBUG#ce142cac-5217-11f1-9eb0-eeee0a904712.bookscapm-srv#flowable-async-job-executor-thread-1295#
[PollStartAppStatusExecution] ab51efbf-6a80-46f6-bcf2-75d28171c258 [2026-05-17T17:44:54.723437] Cell 4401fcd0-006d-4ceb-9b51-aa22a1b186cf destroying container for instance f97f985e-dd00-44fb-7adb-085f (STDOUT, CELL)#
#2026 05 17 17:44:59.332#Z#DEBUG#ce142cac-5217-11f1-9eb0-eeee0a904712.bookscapm-srv#flowable-async-job-executor-thread-1295#
[PollStartAppStatusExecution] ab51efbf-6a80-46f6-bcf2-75d28171c258 [2026-05-17T17:44:54.728104] Process has crashed with type: "web" (STDOUT, API)#
#2026 05 17 17:44:59.332#Z#DEBUG#ce142cac-5217-11f1-9eb0-eeee0a904712.bookscapm-srv#flowable-async-job-executor-thread-1295#
[PollStartAppStatusExecution] ab51efbf-6a80-46f6-bcf2-75d28171c258 [2026-05-17T17:44:54.750391] App instance exited with guid ab51efbf-6a80-46f6-bcf2-75d28171c258 payload: {"instance"=>"f97f985e-dd00-44fb-7adb-085f", "index"=>0, "cell_id"=>"4401fcd0-006d-4ceb-9b51-aa22a1b186cf", "reason"=>"CRASHED", "exit_description"=>"APP/PROC/WEB: Exited with status 1", "crash_count"=>2, "crash_timestamp"=>1779039894700773080, "version"=>"65e9e7c9-1671-4a7a-9f81-6b9d34b55585"} (STDOUT, API)#
#2026 05 17 17:44:59.332#Z#DEBUG#ce142cac-5217-11f1-9eb0-eeee0a904712.bookscapm-srv#flowable-async-job-executor-thread-1295#
[PollStartAppStatusExecution] ab51efbf-6a80-46f6-bcf2-75d28171c258 [2026-05-17T17:44:54.777745] Cell 3697da87-6170-41a4-acb7-9186f1527dfa creating container for instance 0175e485-ef5b-4b2d-624b-2a92 (STDOUT, CELL)#
#2026 05 17 17:44:59.332#Z#DEBUG#ce142cac-5217-11f1-9eb0-eeee0a904712.bookscapm-srv#flowable-async-job-executor-thread-1295#
[PollStartAppStatusExecution] ab51efbf-6a80-46f6-bcf2-75d28171c258 [2026-05-17T17:44:54.950325] Exit status 137 (STDOUT, PROXY)#
#2026 05 17 17:44:59.332#Z#DEBUG#ce142cac-5217-11f1-9eb0-eeee0a904712.bookscapm-srv#flowable-async-job-executor-thread-1295#
[PollStartAppStatusExecution] ab51efbf-6a80-46f6-bcf2-75d28171c258 [2026-05-17T17:44:55.463281] Security group rules were updated (STDOUT, CELL)#
#2026 05 17 17:44:59.332#Z#DEBUG#ce142cac-5217-11f1-9eb0-eeee0a904712.bookscapm-srv#flowable-async-job-executor-thread-1295#
[PollStartAppStatusExecution] ab51efbf-6a80-46f6-bcf2-75d28171c258 [2026-05-17T17:44:55.566869] Cell 3697da87-6170-41a4-acb7-9186f1527dfa successfully created container for instance 0175e485-ef5b-4b2d-624b-2a92 (STDOUT, CELL)#
#2026 05 17 17:44:59.332#Z#DEBUG#ce142cac-5217-11f1-9eb0-eeee0a904712.bookscapm-srv#flowable-async-job-executor-thread-1295#
[PollStartAppStatusExecution] ab51efbf-6a80-46f6-bcf2-75d28171c258 [2026-05-17T17:44:56.707325] Downloading droplet... (STDOUT, CELL)#
#2026 05 17 17:44:59.332#Z#DEBUG#ce142cac-5217-11f1-9eb0-eeee0a904712.bookscapm-srv#flowable-async-job-executor-thread-1295#
[PollStartAppStatusExecution] ab51efbf-6a80-46f6-bcf2-75d28171c258 [2026-05-17T17:44:58.223009] Cell 4401fcd0-006d-4ceb-9b51-aa22a1b186cf successfully destroyed container for instance f97f985e-dd00-44fb-7adb-085f (STDOUT, CELL)#
#2026 05 17 17:45:09.365#Z#DEBUG#ce142cac-5217-11f1-9eb0-eeee0a904712.bookscapm-srv#flowable-async-job-executor-thread-1297#
[PollStartAppStatusExecution] ab51efbf-6a80-46f6-bcf2-75d28171c258 [2026-05-17T17:45:01.085393] Downloaded droplet (60.6M) (STDOUT, CELL)#
#2026 05 17 17:45:09.365#Z#DEBUG#ce142cac-5217-11f1-9eb0-eeee0a904712.bookscapm-srv#flowable-async-job-executor-thread-1297#
[PollStartAppStatusExecution] ab51efbf-6a80-46f6-bcf2-75d28171c258 [2026-05-17T17:45:01.085568] Starting health monitoring of container (STDOUT, CELL)#
#2026 05 17 17:45:09.365#Z#DEBUG#ce142cac-5217-11f1-9eb0-eeee0a904712.bookscapm-srv#flowable-async-job-executor-thread-1297#
[PollStartAppStatusExecution] ab51efbf-6a80-46f6-bcf2-75d28171c258 [2026-05-17T17:45:01.233067] Invoking pre-start scripts. (STDOUT, APP/PROC/WEB)#
#2026 05 17 17:45:09.365#Z#DEBUG#ce142cac-5217-11f1-9eb0-eeee0a904712.bookscapm-srv#flowable-async-job-executor-thread-1297#
[PollStartAppStatusExecution] ab51efbf-6a80-46f6-bcf2-75d28171c258 [2026-05-17T17:45:01.448964] Invoking start command. (STDOUT, APP/PROC/WEB)#
#2026 05 17 17:45:09.365#Z#DEBUG#ce142cac-5217-11f1-9eb0-eeee0a904712.bookscapm-srv#flowable-async-job-executor-thread-1297#
[PollStartAppStatusExecution] ab51efbf-6a80-46f6-bcf2-75d28171c258 [2026-05-17T17:45:01.895721] > bookscapm@1.0.0 start (STDOUT, APP/PROC/WEB)#
#2026 05 17 17:45:09.365#Z#DEBUG#ce142cac-5217-11f1-9eb0-eeee0a904712.bookscapm-srv#flowable-async-job-executor-thread-1297#
[PollStartAppStatusExecution] ab51efbf-6a80-46f6-bcf2-75d28171c258 [2026-05-17T17:45:01.895743] > cds-serve (STDOUT, APP/PROC/WEB)#
#2026 05 17 17:45:09.365#Z#DEBUG#ce142cac-5217-11f1-9eb0-eeee0a904712.bookscapm-srv#flowable-async-job-executor-thread-1297#
[PollStartAppStatusExecution] ab51efbf-6a80-46f6-bcf2-75d28171c258 [2026-05-17T17:45:02.166825] {"level":"info","logger":"cds","timestamp":"2026-05-17T17:45:02.165Z","layer":"cds","component_type":"application","container_id":"10.32.2.7","component_id":"ab51efbf-6a80-46f6-bcf2-75d28171c258","component_name":"bookscapm-srv","component_instance":0,"source_instance":0,"organization_name":"53d2ceb3trial","organization_id":"2243168d-2a9f-490d-bf17-3322448edf8b","space_name":"dev","space_id":"da2f47c5-67bb-4739-9dbb-6384db716e72","msg":"loaded model from 1 file(s):\n ","type":"log"} (STDOUT, APP/PROC/WEB)#
#2026 05 17 17:45:09.365#Z#DEBUG#ce142cac-5217-11f1-9eb0-eeee0a904712.bookscapm-srv#flowable-async-job-executor-thread-1297#
[PollStartAppStatusExecution] ab51efbf-6a80-46f6-bcf2-75d28171c258 [2026-05-17T17:45:02.167374] srv/csn.json (STDOUT, APP/PROC/WEB)#
#2026 05 17 17:45:09.366#Z#DEBUG#ce142cac-5217-11f1-9eb0-eeee0a904712.bookscapm-srv#flowable-async-job-executor-thread-1297#
[PollStartAppStatusExecution] ab51efbf-6a80-46f6-bcf2-75d28171c258 [2026-05-17T17:45:02.380810] {"level":"info","logger":"cds","timestamp":"2026-05-17T17:45:02.380Z","layer":"cds","component_type":"application","container_id":"10.32.2.7","component_id":"ab51efbf-6a80-46f6-bcf2-75d28171c258","component_name":"bookscapm-srv","component_instance":0,"source_instance":0,"organization_name":"53d2ceb3trial","organization_id":"2243168d-2a9f-490d-bf17-3322448edf8b","space_name":"dev","space_id":"da2f47c5-67bb-4739-9dbb-6384db716e72","msg":"connect to db > hana {\n  database_id: '7139a3f2-f85c-4b2f-aeb0-2db26a0a6bd7',\n  host: '7139a3f2-f85c-4b2f-aeb0-2db26a0a6bd7.hana.prod-ap21.hanacloud.ondemand.com',\n  port: '443',\n  driver: 'com.sap.db.jdbc.Driver',\n  url: 'jdbc:sap://7139a3f2-f85c-4b2f-aeb0-2db26a0a6bd7.hana.prod-ap21.hanacloud.ondemand.com:443?encrypt=true&validateCertificate=true&currentschema=C267CE7888044773AAA7C1B3CFC7C46E',\n  schema: 'C267CE7888044773AAA7C1B3CFC7C46E',\n  certificate: '...',\n  hdi_user: 'C267CE7888044773AAA7C1B3CFC7C46E_CVMXEJO6N50EXYFUMY54SI8SM_DT',\n  hdi_password: '...',\n  user: 'C267CE7888044773AAA7C1B3CFC7C46E_CVMXEJO6N50EXYFUMY54SI8SM_RT',\n  password: '...'\n}","type":"log"} (STDOUT, APP/PROC/WEB)#
#2026 05 17 17:45:09.366#Z#DEBUG#ce142cac-5217-11f1-9eb0-eeee0a904712.bookscapm-srv#flowable-async-job-executor-thread-1297#
[PollStartAppStatusExecution] ab51efbf-6a80-46f6-bcf2-75d28171c258 [2026-05-17T17:45:02.414186] {"level":"info","logger":"cds","timestamp":"2026-05-17T17:45:02.413Z","layer":"cds","component_type":"application","container_id":"10.32.2.7","component_id":"ab51efbf-6a80-46f6-bcf2-75d28171c258","component_name":"bookscapm-srv","component_instance":0,"source_instance":0,"organization_name":"53d2ceb3trial","organization_id":"2243168d-2a9f-490d-bf17-3322448edf8b","space_name":"dev","space_id":"da2f47c5-67bb-4739-9dbb-6384db716e72","msg":"using auth strategy { kind: 'jwt' }","type":"log"} (STDOUT, APP/PROC/WEB)#
#2026 05 17 17:45:09.366#Z#DEBUG#ce142cac-5217-11f1-9eb0-eeee0a904712.bookscapm-srv#flowable-async-job-executor-thread-1297#
[PollStartAppStatusExecution] ab51efbf-6a80-46f6-bcf2-75d28171c258 [2026-05-17T17:45:02.416089] node:internal/modules/cjs/loader:1421 (STDERR, APP/PROC/WEB)#
#2026 05 17 17:45:09.366#Z#DEBUG#ce142cac-5217-11f1-9eb0-eeee0a904712.bookscapm-srv#flowable-async-job-executor-thread-1297#
[PollStartAppStatusExecution] ab51efbf-6a80-46f6-bcf2-75d28171c258 [2026-05-17T17:45:02.416099] const err = new Error(message); (STDERR, APP/PROC/WEB)#
#2026 05 17 17:45:09.366#Z#DEBUG#ce142cac-5217-11f1-9eb0-eeee0a904712.bookscapm-srv#flowable-async-job-executor-thread-1297#
[PollStartAppStatusExecution] ab51efbf-6a80-46f6-bcf2-75d28171c258 [2026-05-17T17:45:02.416103] ^ (STDERR, APP/PROC/WEB)#
#2026 05 17 17:45:09.366#Z#DEBUG#ce142cac-5217-11f1-9eb0-eeee0a904712.bookscapm-srv#flowable-async-job-executor-thread-1297#
[PollStartAppStatusExecution] ab51efbf-6a80-46f6-bcf2-75d28171c258 [2026-05-17T17:45:02.416113] Error: Cannot find '@sap/xssec'. Make sure to install it with 'npm i @sap/xssec' (STDERR, APP/PROC/WEB)#
#2026 05 17 17:45:09.366#Z#DEBUG#ce142cac-5217-11f1-9eb0-eeee0a904712.bookscapm-srv#flowable-async-job-executor-thread-1297#
[PollStartAppStatusExecution] ab51efbf-6a80-46f6-bcf2-75d28171c258 [2026-05-17T17:45:02.416117] Cannot find module '@sap/xssec' (STDERR, APP/PROC/WEB)#
#2026 05 17 17:45:09.366#Z#DEBUG#ce142cac-5217-11f1-9eb0-eeee0a904712.bookscapm-srv#flowable-async-job-executor-thread-1297#
[PollStartAppStatusExecution] ab51efbf-6a80-46f6-bcf2-75d28171c258 [2026-05-17T17:45:02.416120] Require stack: (STDERR, APP/PROC/WEB)#
#2026 05 17 17:45:09.366#Z#DEBUG#ce142cac-5217-11f1-9eb0-eeee0a904712.bookscapm-srv#flowable-async-job-executor-thread-1297#
[PollStartAppStatusExecution] ab51efbf-6a80-46f6-bcf2-75d28171c258 [2026-05-17T17:45:02.416123] - /home/vcap/app/node_modules/@sap/cds/lib/srv/middlewares/auth/xssec.js (STDERR, APP/PROC/WEB)#
#2026 05 17 17:45:09.366#Z#DEBUG#ce142cac-5217-11f1-9eb0-eeee0a904712.bookscapm-srv#flowable-async-job-executor-thread-1297#
[PollStartAppStatusExecution] ab51efbf-6a80-46f6-bcf2-75d28171c258 [2026-05-17T17:45:02.416125] - /home/vcap/app/node_modules/@sap/cds/lib/srv/middlewares/auth/jwt-auth.js (STDERR, APP/PROC/WEB)#
#2026 05 17 17:45:09.366#Z#DEBUG#ce142cac-5217-11f1-9eb0-eeee0a904712.bookscapm-srv#flowable-async-job-executor-thread-1297#
[PollStartAppStatusExecution] ab51efbf-6a80-46f6-bcf2-75d28171c258 [2026-05-17T17:45:02.416129] - /home/vcap/app/node_modules/@sap/cds/lib/srv/middlewares/auth/index.js (STDERR, APP/PROC/WEB)#
#2026 05 17 17:45:09.366#Z#DEBUG#ce142cac-5217-11f1-9eb0-eeee0a904712.bookscapm-srv#flowable-async-job-executor-thread-1297#
[PollStartAppStatusExecution] ab51efbf-6a80-46f6-bcf2-75d28171c258 [2026-05-17T17:45:02.416132] - /home/vcap/app/node_modules/@sap/cds/lib/srv/middlewares/index.js (STDERR, APP/PROC/WEB)#
#2026 05 17 17:45:09.366#Z#DEBUG#ce142cac-5217-11f1-9eb0-eeee0a904712.bookscapm-srv#flowable-async-job-executor-thread-1297#
[PollStartAppStatusExecution] ab51efbf-6a80-46f6-bcf2-75d28171c258 [2026-05-17T17:45:02.416136] - /home/vcap/app/node_modules/@sap/cds/lib/index.js (STDERR, APP/PROC/WEB)#
#2026 05 17 17:45:09.366#Z#DEBUG#ce142cac-5217-11f1-9eb0-eeee0a904712.bookscapm-srv#flowable-async-job-executor-thread-1297#
[PollStartAppStatusExecution] ab51efbf-6a80-46f6-bcf2-75d28171c258 [2026-05-17T17:45:02.416138] - /home/vcap/app/node_modules/@sap/cds/bin/serve.js (STDERR, APP/PROC/WEB)#
#2026 05 17 17:45:09.366#Z#DEBUG#ce142cac-5217-11f1-9eb0-eeee0a904712.bookscapm-srv#flowable-async-job-executor-thread-1297#
[PollStartAppStatusExecution] ab51efbf-6a80-46f6-bcf2-75d28171c258 [2026-05-17T17:45:02.416141] at Module._resolveFilename (node:internal/modules/cjs/loader:1421:15) (STDERR, APP/PROC/WEB)#
#2026 05 17 17:45:09.366#Z#DEBUG#ce142cac-5217-11f1-9eb0-eeee0a904712.bookscapm-srv#flowable-async-job-executor-thread-1297#
[PollStartAppStatusExecution] ab51efbf-6a80-46f6-bcf2-75d28171c258 [2026-05-17T17:45:02.416144] at defaultResolveImpl (node:internal/modules/cjs/loader:1059:19) (STDERR, APP/PROC/WEB)#
#2026 05 17 17:45:09.366#Z#DEBUG#ce142cac-5217-11f1-9eb0-eeee0a904712.bookscapm-srv#flowable-async-job-executor-thread-1297#
[PollStartAppStatusExecution] ab51efbf-6a80-46f6-bcf2-75d28171c258 [2026-05-17T17:45:02.416147] at resolveForCJSWithHooks (node:internal/modules/cjs/loader:1064:22) (STDERR, APP/PROC/WEB)#
#2026 05 17 17:45:09.366#Z#DEBUG#ce142cac-5217-11f1-9eb0-eeee0a904712.bookscapm-srv#flowable-async-job-executor-thread-1297#
[PollStartAppStatusExecution] ab51efbf-6a80-46f6-bcf2-75d28171c258 [2026-05-17T17:45:02.416150] at Module._load (node:internal/modules/cjs/loader:1227:37) (STDERR, APP/PROC/WEB)#
#2026 05 17 17:45:09.366#Z#DEBUG#ce142cac-5217-11f1-9eb0-eeee0a904712.bookscapm-srv#flowable-async-job-executor-thread-1297#
[PollStartAppStatusExecution] ab51efbf-6a80-46f6-bcf2-75d28171c258 [2026-05-17T17:45:02.416153] at TracingChannel.traceSync (node:diagnostics_channel:328:14) (STDERR, APP/PROC/WEB)#
#2026 05 17 17:45:09.366#Z#DEBUG#ce142cac-5217-11f1-9eb0-eeee0a904712.bookscapm-srv#flowable-async-job-executor-thread-1297#
[PollStartAppStatusExecution] ab51efbf-6a80-46f6-bcf2-75d28171c258 [2026-05-17T17:45:02.416156] at wrapModuleLoad (node:internal/modules/cjs/loader:245:24) (STDERR, APP/PROC/WEB)#
#2026 05 17 17:45:09.366#Z#DEBUG#ce142cac-5217-11f1-9eb0-eeee0a904712.bookscapm-srv#flowable-async-job-executor-thread-1297#
[PollStartAppStatusExecution] ab51efbf-6a80-46f6-bcf2-75d28171c258 [2026-05-17T17:45:02.416159] at Module.require (node:internal/modules/cjs/loader:1504:12) (STDERR, APP/PROC/WEB)#
#2026 05 17 17:45:09.366#Z#DEBUG#ce142cac-5217-11f1-9eb0-eeee0a904712.bookscapm-srv#flowable-async-job-executor-thread-1297#
[PollStartAppStatusExecution] ab51efbf-6a80-46f6-bcf2-75d28171c258 [2026-05-17T17:45:02.416162] at require (node:internal/modules/helpers:152:16) (STDERR, APP/PROC/WEB)#
#2026 05 17 17:45:09.366#Z#DEBUG#ce142cac-5217-11f1-9eb0-eeee0a904712.bookscapm-srv#flowable-async-job-executor-thread-1297#
[PollStartAppStatusExecution] ab51efbf-6a80-46f6-bcf2-75d28171c258 [2026-05-17T17:45:02.416166] at Object.<anonymous> (/home/vcap/app/node_modules/@sap/cds/lib/srv/middlewares/auth/xssec.js:2:17) (STDERR, APP/PROC/WEB)#
#2026 05 17 17:45:09.366#Z#DEBUG#ce142cac-5217-11f1-9eb0-eeee0a904712.bookscapm-srv#flowable-async-job-executor-thread-1297#
[PollStartAppStatusExecution] ab51efbf-6a80-46f6-bcf2-75d28171c258 [2026-05-17T17:45:02.416169] at Module._compile (node:internal/modules/cjs/loader:1761:14) { (STDERR, APP/PROC/WEB)#
#2026 05 17 17:45:09.366#Z#DEBUG#ce142cac-5217-11f1-9eb0-eeee0a904712.bookscapm-srv#flowable-async-job-executor-thread-1297#
[PollStartAppStatusExecution] ab51efbf-6a80-46f6-bcf2-75d28171c258 [2026-05-17T17:45:02.416172] code: 'MODULE_NOT_FOUND', (STDERR, APP/PROC/WEB)#
#2026 05 17 17:45:09.366#Z#DEBUG#ce142cac-5217-11f1-9eb0-eeee0a904712.bookscapm-srv#flowable-async-job-executor-thread-1297#
[PollStartAppStatusExecution] ab51efbf-6a80-46f6-bcf2-75d28171c258 [2026-05-17T17:45:02.416175] requireStack: [ (STDERR, APP/PROC/WEB)#
#2026 05 17 17:45:09.366#Z#DEBUG#ce142cac-5217-11f1-9eb0-eeee0a904712.bookscapm-srv#flowable-async-job-executor-thread-1297#
[PollStartAppStatusExecution] ab51efbf-6a80-46f6-bcf2-75d28171c258 [2026-05-17T17:45:02.416178] '/home/vcap/app/node_modules/@sap/cds/lib/srv/middlewares/auth/xssec.js', (STDERR, APP/PROC/WEB)#
#2026 05 17 17:45:09.366#Z#DEBUG#ce142cac-5217-11f1-9eb0-eeee0a904712.bookscapm-srv#flowable-async-job-executor-thread-1297#
[PollStartAppStatusExecution] ab51efbf-6a80-46f6-bcf2-75d28171c258 [2026-05-17T17:45:02.416181] '/home/vcap/app/node_modules/@sap/cds/lib/srv/middlewares/auth/jwt-auth.js', (STDERR, APP/PROC/WEB)#
#2026 05 17 17:45:09.366#Z#DEBUG#ce142cac-5217-11f1-9eb0-eeee0a904712.bookscapm-srv#flowable-async-job-executor-thread-1297#
[PollStartAppStatusExecution] ab51efbf-6a80-46f6-bcf2-75d28171c258 [2026-05-17T17:45:02.416184] '/home/vcap/app/node_modules/@sap/cds/lib/srv/middlewares/auth/index.js', (STDERR, APP/PROC/WEB)#
#2026 05 17 17:45:09.366#Z#DEBUG#ce142cac-5217-11f1-9eb0-eeee0a904712.bookscapm-srv#flowable-async-job-executor-thread-1297#
[PollStartAppStatusExecution] ab51efbf-6a80-46f6-bcf2-75d28171c258 [2026-05-17T17:45:02.416186] '/home/vcap/app/node_modules/@sap/cds/lib/srv/middlewares/index.js', (STDERR, APP/PROC/WEB)#
#2026 05 17 17:45:09.366#Z#DEBUG#ce142cac-5217-11f1-9eb0-eeee0a904712.bookscapm-srv#flowable-async-job-executor-thread-1297#
[PollStartAppStatusExecution] ab51efbf-6a80-46f6-bcf2-75d28171c258 [2026-05-17T17:45:02.416190] '/home/vcap/app/node_modules/@sap/cds/lib/index.js', (STDERR, APP/PROC/WEB)#
#2026 05 17 17:45:09.366#Z#DEBUG#ce142cac-5217-11f1-9eb0-eeee0a904712.bookscapm-srv#flowable-async-job-executor-thread-1297#
[PollStartAppStatusExecution] ab51efbf-6a80-46f6-bcf2-75d28171c258 [2026-05-17T17:45:02.416192] '/home/vcap/app/node_modules/@sap/cds/bin/serve.js' (STDERR, APP/PROC/WEB)#
#2026 05 17 17:45:09.366#Z#DEBUG#ce142cac-5217-11f1-9eb0-eeee0a904712.bookscapm-srv#flowable-async-job-executor-thread-1297#
[PollStartAppStatusExecution] ab51efbf-6a80-46f6-bcf2-75d28171c258 [2026-05-17T17:45:02.416195] ] (STDERR, APP/PROC/WEB)#
#2026 05 17 17:45:09.366#Z#DEBUG#ce142cac-5217-11f1-9eb0-eeee0a904712.bookscapm-srv#flowable-async-job-executor-thread-1297#
[PollStartAppStatusExecution] ab51efbf-6a80-46f6-bcf2-75d28171c258 [2026-05-17T17:45:02.416198] } (STDERR, APP/PROC/WEB)#
#2026 05 17 17:45:09.366#Z#DEBUG#ce142cac-5217-11f1-9eb0-eeee0a904712.bookscapm-srv#flowable-async-job-executor-thread-1297#
[PollStartAppStatusExecution] ab51efbf-6a80-46f6-bcf2-75d28171c258 [2026-05-17T17:45:02.416213] Node.js v24.13.0 (STDERR, APP/PROC/WEB)#
#2026 05 17 17:45:09.366#Z#DEBUG#ce142cac-5217-11f1-9eb0-eeee0a904712.bookscapm-srv#flowable-async-job-executor-thread-1297#
[PollStartAppStatusExecution] ab51efbf-6a80-46f6-bcf2-75d28171c258 [2026-05-17T17:45:02.430315] npm notice (STDERR, APP/PROC/WEB)#
#2026 05 17 17:45:09.366#Z#DEBUG#ce142cac-5217-11f1-9eb0-eeee0a904712.bookscapm-srv#flowable-async-job-executor-thread-1297#
[PollStartAppStatusExecution] ab51efbf-6a80-46f6-bcf2-75d28171c258 [2026-05-17T17:45:02.430340] npm notice New minor version of npm available! 11.6.2 -> 11.14.1 (STDERR, APP/PROC/WEB)#
#2026 05 17 17:45:09.366#Z#DEBUG#ce142cac-5217-11f1-9eb0-eeee0a904712.bookscapm-srv#flowable-async-job-executor-thread-1297#
[PollStartAppStatusExecution] ab51efbf-6a80-46f6-bcf2-75d28171c258 [2026-05-17T17:45:02.430348] npm notice Changelog: https://github.com/npm/cli/releases/tag/v11.14.1 (STDERR, APP/PROC/WEB)#
#2026 05 17 17:45:09.366#Z#DEBUG#ce142cac-5217-11f1-9eb0-eeee0a904712.bookscapm-srv#flowable-async-job-executor-thread-1297#
[PollStartAppStatusExecution] ab51efbf-6a80-46f6-bcf2-75d28171c258 [2026-05-17T17:45:02.430351] npm notice To update run: npm install -g npm@11.14.1 (STDERR, APP/PROC/WEB)#
#2026 05 17 17:45:09.366#Z#DEBUG#ce142cac-5217-11f1-9eb0-eeee0a904712.bookscapm-srv#flowable-async-job-executor-thread-1297#
[PollStartAppStatusExecution] ab51efbf-6a80-46f6-bcf2-75d28171c258 [2026-05-17T17:45:02.430355] npm notice (STDERR, APP/PROC/WEB)#
#2026 05 17 17:45:09.366#Z#DEBUG#ce142cac-5217-11f1-9eb0-eeee0a904712.bookscapm-srv#flowable-async-job-executor-thread-1297#
[PollStartAppStatusExecution] ab51efbf-6a80-46f6-bcf2-75d28171c258 [2026-05-17T17:45:02.507504] Exit status 1 (STDOUT, APP/PROC/WEB)#
#2026 05 17 17:45:19.503#Z#DEBUG#ce142cac-5217-11f1-9eb0-eeee0a904712.bookscapm-srv#flowable-async-job-executor-thread-1300#
[PollStartAppStatusExecution] ab51efbf-6a80-46f6-bcf2-75d28171c258 [2026-05-17T17:45:01.085393] Downloaded droplet (60.6M) (STDOUT, CELL)#
#2026 05 17 17:45:19.503#Z#DEBUG#ce142cac-5217-11f1-9eb0-eeee0a904712.bookscapm-srv#flowable-async-job-executor-thread-1300#
[PollStartAppStatusExecution] ab51efbf-6a80-46f6-bcf2-75d28171c258 [2026-05-17T17:45:01.085568] Starting health monitoring of container (STDOUT, CELL)#
#2026 05 17 17:45:19.503#Z#DEBUG#ce142cac-5217-11f1-9eb0-eeee0a904712.bookscapm-srv#flowable-async-job-executor-thread-1300#
[PollStartAppStatusExecution] ab51efbf-6a80-46f6-bcf2-75d28171c258 [2026-05-17T17:45:01.233067] Invoking pre-start scripts. (STDOUT, APP/PROC/WEB)#
#2026 05 17 17:45:19.503#Z#DEBUG#ce142cac-5217-11f1-9eb0-eeee0a904712.bookscapm-srv#flowable-async-job-executor-thread-1300#
[PollStartAppStatusExecution] ab51efbf-6a80-46f6-bcf2-75d28171c258 [2026-05-17T17:45:01.448964] Invoking start command. (STDOUT, APP/PROC/WEB)#
#2026 05 17 17:45:19.503#Z#DEBUG#ce142cac-5217-11f1-9eb0-eeee0a904712.bookscapm-srv#flowable-async-job-executor-thread-1300#
[PollStartAppStatusExecution] ab51efbf-6a80-46f6-bcf2-75d28171c258 [2026-05-17T17:45:01.895721] > bookscapm@1.0.0 start (STDOUT, APP/PROC/WEB)#
#2026 05 17 17:45:19.503#Z#DEBUG#ce142cac-5217-11f1-9eb0-eeee0a904712.bookscapm-srv#flowable-async-job-executor-thread-1300#
[PollStartAppStatusExecution] ab51efbf-6a80-46f6-bcf2-75d28171c258 [2026-05-17T17:45:01.895743] > cds-serve (STDOUT, APP/PROC/WEB)#
#2026 05 17 17:45:19.503#Z#DEBUG#ce142cac-5217-11f1-9eb0-eeee0a904712.bookscapm-srv#flowable-async-job-executor-thread-1300#
[PollStartAppStatusExecution] ab51efbf-6a80-46f6-bcf2-75d28171c258 [2026-05-17T17:45:02.166825] {"level":"info","logger":"cds","timestamp":"2026-05-17T17:45:02.165Z","layer":"cds","component_type":"application","container_id":"10.32.2.7","component_id":"ab51efbf-6a80-46f6-bcf2-75d28171c258","component_name":"bookscapm-srv","component_instance":0,"source_instance":0,"organization_name":"53d2ceb3trial","organization_id":"2243168d-2a9f-490d-bf17-3322448edf8b","space_name":"dev","space_id":"da2f47c5-67bb-4739-9dbb-6384db716e72","msg":"loaded model from 1 file(s):\n ","type":"log"} (STDOUT, APP/PROC/WEB)#
#2026 05 17 17:45:19.503#Z#DEBUG#ce142cac-5217-11f1-9eb0-eeee0a904712.bookscapm-srv#flowable-async-job-executor-thread-1300#
[PollStartAppStatusExecution] ab51efbf-6a80-46f6-bcf2-75d28171c258 [2026-05-17T17:45:02.167374] srv/csn.json (STDOUT, APP/PROC/WEB)#
#2026 05 17 17:45:19.503#Z#DEBUG#ce142cac-5217-11f1-9eb0-eeee0a904712.bookscapm-srv#flowable-async-job-executor-thread-1300#
[PollStartAppStatusExecution] ab51efbf-6a80-46f6-bcf2-75d28171c258 [2026-05-17T17:45:02.380810] {"level":"info","logger":"cds","timestamp":"2026-05-17T17:45:02.380Z","layer":"cds","component_type":"application","container_id":"10.32.2.7","component_id":"ab51efbf-6a80-46f6-bcf2-75d28171c258","component_name":"bookscapm-srv","component_instance":0,"source_instance":0,"organization_name":"53d2ceb3trial","organization_id":"2243168d-2a9f-490d-bf17-3322448edf8b","space_name":"dev","space_id":"da2f47c5-67bb-4739-9dbb-6384db716e72","msg":"connect to db > hana {\n  database_id: '7139a3f2-f85c-4b2f-aeb0-2db26a0a6bd7',\n  host: '7139a3f2-f85c-4b2f-aeb0-2db26a0a6bd7.hana.prod-ap21.hanacloud.ondemand.com',\n  port: '443',\n  driver: 'com.sap.db.jdbc.Driver',\n  url: 'jdbc:sap://7139a3f2-f85c-4b2f-aeb0-2db26a0a6bd7.hana.prod-ap21.hanacloud.ondemand.com:443?encrypt=true&validateCertificate=true&currentschema=C267CE7888044773AAA7C1B3CFC7C46E',\n  schema: 'C267CE7888044773AAA7C1B3CFC7C46E',\n  certificate: '...',\n  hdi_user: 'C267CE7888044773AAA7C1B3CFC7C46E_CVMXEJO6N50EXYFUMY54SI8SM_DT',\n  hdi_password: '...',\n  user: 'C267CE7888044773AAA7C1B3CFC7C46E_CVMXEJO6N50EXYFUMY54SI8SM_RT',\n  password: '...'\n}","type":"log"} (STDOUT, APP/PROC/WEB)#
#2026 05 17 17:45:19.503#Z#DEBUG#ce142cac-5217-11f1-9eb0-eeee0a904712.bookscapm-srv#flowable-async-job-executor-thread-1300#
[PollStartAppStatusExecution] ab51efbf-6a80-46f6-bcf2-75d28171c258 [2026-05-17T17:45:02.414186] {"level":"info","logger":"cds","timestamp":"2026-05-17T17:45:02.413Z","layer":"cds","component_type":"application","container_id":"10.32.2.7","component_id":"ab51efbf-6a80-46f6-bcf2-75d28171c258","component_name":"bookscapm-srv","component_instance":0,"source_instance":0,"organization_name":"53d2ceb3trial","organization_id":"2243168d-2a9f-490d-bf17-3322448edf8b","space_name":"dev","space_id":"da2f47c5-67bb-4739-9dbb-6384db716e72","msg":"using auth strategy { kind: 'jwt' }","type":"log"} (STDOUT, APP/PROC/WEB)#
#2026 05 17 17:45:19.503#Z#DEBUG#ce142cac-5217-11f1-9eb0-eeee0a904712.bookscapm-srv#flowable-async-job-executor-thread-1300#
[PollStartAppStatusExecution] ab51efbf-6a80-46f6-bcf2-75d28171c258 [2026-05-17T17:45:02.416089] node:internal/modules/cjs/loader:1421 (STDERR, APP/PROC/WEB)#
#2026 05 17 17:45:19.503#Z#DEBUG#ce142cac-5217-11f1-9eb0-eeee0a904712.bookscapm-srv#flowable-async-job-executor-thread-1300#
[PollStartAppStatusExecution] ab51efbf-6a80-46f6-bcf2-75d28171c258 [2026-05-17T17:45:02.416099] const err = new Error(message); (STDERR, APP/PROC/WEB)#
#2026 05 17 17:45:19.503#Z#DEBUG#ce142cac-5217-11f1-9eb0-eeee0a904712.bookscapm-srv#flowable-async-job-executor-thread-1300#
[PollStartAppStatusExecution] ab51efbf-6a80-46f6-bcf2-75d28171c258 [2026-05-17T17:45:02.416103] ^ (STDERR, APP/PROC/WEB)#
#2026 05 17 17:45:19.503#Z#DEBUG#ce142cac-5217-11f1-9eb0-eeee0a904712.bookscapm-srv#flowable-async-job-executor-thread-1300#
[PollStartAppStatusExecution] ab51efbf-6a80-46f6-bcf2-75d28171c258 [2026-05-17T17:45:02.416113] Error: Cannot find '@sap/xssec'. Make sure to install it with 'npm i @sap/xssec' (STDERR, APP/PROC/WEB)#
#2026 05 17 17:45:19.503#Z#DEBUG#ce142cac-5217-11f1-9eb0-eeee0a904712.bookscapm-srv#flowable-async-job-executor-thread-1300#
[PollStartAppStatusExecution] ab51efbf-6a80-46f6-bcf2-75d28171c258 [2026-05-17T17:45:02.416117] Cannot find module '@sap/xssec' (STDERR, APP/PROC/WEB)#
#2026 05 17 17:45:19.503#Z#DEBUG#ce142cac-5217-11f1-9eb0-eeee0a904712.bookscapm-srv#flowable-async-job-executor-thread-1300#
[PollStartAppStatusExecution] ab51efbf-6a80-46f6-bcf2-75d28171c258 [2026-05-17T17:45:02.416120] Require stack: (STDERR, APP/PROC/WEB)#
#2026 05 17 17:45:19.503#Z#DEBUG#ce142cac-5217-11f1-9eb0-eeee0a904712.bookscapm-srv#flowable-async-job-executor-thread-1300#
[PollStartAppStatusExecution] ab51efbf-6a80-46f6-bcf2-75d28171c258 [2026-05-17T17:45:02.416123] - /home/vcap/app/node_modules/@sap/cds/lib/srv/middlewares/auth/xssec.js (STDERR, APP/PROC/WEB)#
#2026 05 17 17:45:19.503#Z#DEBUG#ce142cac-5217-11f1-9eb0-eeee0a904712.bookscapm-srv#flowable-async-job-executor-thread-1300#
[PollStartAppStatusExecution] ab51efbf-6a80-46f6-bcf2-75d28171c258 [2026-05-17T17:45:02.416125] - /home/vcap/app/node_modules/@sap/cds/lib/srv/middlewares/auth/jwt-auth.js (STDERR, APP/PROC/WEB)#
#2026 05 17 17:45:19.503#Z#DEBUG#ce142cac-5217-11f1-9eb0-eeee0a904712.bookscapm-srv#flowable-async-job-executor-thread-1300#
[PollStartAppStatusExecution] ab51efbf-6a80-46f6-bcf2-75d28171c258 [2026-05-17T17:45:02.416129] - /home/vcap/app/node_modules/@sap/cds/lib/srv/middlewares/auth/index.js (STDERR, APP/PROC/WEB)#
#2026 05 17 17:45:19.503#Z#DEBUG#ce142cac-5217-11f1-9eb0-eeee0a904712.bookscapm-srv#flowable-async-job-executor-thread-1300#
[PollStartAppStatusExecution] ab51efbf-6a80-46f6-bcf2-75d28171c258 [2026-05-17T17:45:02.416132] - /home/vcap/app/node_modules/@sap/cds/lib/srv/middlewares/index.js (STDERR, APP/PROC/WEB)#
#2026 05 17 17:45:19.503#Z#DEBUG#ce142cac-5217-11f1-9eb0-eeee0a904712.bookscapm-srv#flowable-async-job-executor-thread-1300#
[PollStartAppStatusExecution] ab51efbf-6a80-46f6-bcf2-75d28171c258 [2026-05-17T17:45:02.416136] - /home/vcap/app/node_modules/@sap/cds/lib/index.js (STDERR, APP/PROC/WEB)#
#2026 05 17 17:45:19.503#Z#DEBUG#ce142cac-5217-11f1-9eb0-eeee0a904712.bookscapm-srv#flowable-async-job-executor-thread-1300#
[PollStartAppStatusExecution] ab51efbf-6a80-46f6-bcf2-75d28171c258 [2026-05-17T17:45:02.416138] - /home/vcap/app/node_modules/@sap/cds/bin/serve.js (STDERR, APP/PROC/WEB)#
#2026 05 17 17:45:19.503#Z#DEBUG#ce142cac-5217-11f1-9eb0-eeee0a904712.bookscapm-srv#flowable-async-job-executor-thread-1300#
[PollStartAppStatusExecution] ab51efbf-6a80-46f6-bcf2-75d28171c258 [2026-05-17T17:45:02.416141] at Module._resolveFilename (node:internal/modules/cjs/loader:1421:15) (STDERR, APP/PROC/WEB)#
#2026 05 17 17:45:19.503#Z#DEBUG#ce142cac-5217-11f1-9eb0-eeee0a904712.bookscapm-srv#flowable-async-job-executor-thread-1300#
[PollStartAppStatusExecution] ab51efbf-6a80-46f6-bcf2-75d28171c258 [2026-05-17T17:45:02.416144] at defaultResolveImpl (node:internal/modules/cjs/loader:1059:19) (STDERR, APP/PROC/WEB)#
#2026 05 17 17:45:19.503#Z#DEBUG#ce142cac-5217-11f1-9eb0-eeee0a904712.bookscapm-srv#flowable-async-job-executor-thread-1300#
[PollStartAppStatusExecution] ab51efbf-6a80-46f6-bcf2-75d28171c258 [2026-05-17T17:45:02.416147] at resolveForCJSWithHooks (node:internal/modules/cjs/loader:1064:22) (STDERR, APP/PROC/WEB)#
#2026 05 17 17:45:19.503#Z#DEBUG#ce142cac-5217-11f1-9eb0-eeee0a904712.bookscapm-srv#flowable-async-job-executor-thread-1300#
[PollStartAppStatusExecution] ab51efbf-6a80-46f6-bcf2-75d28171c258 [2026-05-17T17:45:02.416150] at Module._load (node:internal/modules/cjs/loader:1227:37) (STDERR, APP/PROC/WEB)#
#2026 05 17 17:45:19.503#Z#DEBUG#ce142cac-5217-11f1-9eb0-eeee0a904712.bookscapm-srv#flowable-async-job-executor-thread-1300#
[PollStartAppStatusExecution] ab51efbf-6a80-46f6-bcf2-75d28171c258 [2026-05-17T17:45:02.416153] at TracingChannel.traceSync (node:diagnostics_channel:328:14) (STDERR, APP/PROC/WEB)#
#2026 05 17 17:45:19.503#Z#DEBUG#ce142cac-5217-11f1-9eb0-eeee0a904712.bookscapm-srv#flowable-async-job-executor-thread-1300#
[PollStartAppStatusExecution] ab51efbf-6a80-46f6-bcf2-75d28171c258 [2026-05-17T17:45:02.416156] at wrapModuleLoad (node:internal/modules/cjs/loader:245:24) (STDERR, APP/PROC/WEB)#
#2026 05 17 17:45:19.503#Z#DEBUG#ce142cac-5217-11f1-9eb0-eeee0a904712.bookscapm-srv#flowable-async-job-executor-thread-1300#
[PollStartAppStatusExecution] ab51efbf-6a80-46f6-bcf2-75d28171c258 [2026-05-17T17:45:02.416159] at Module.require (node:internal/modules/cjs/loader:1504:12) (STDERR, APP/PROC/WEB)#
#2026 05 17 17:45:19.503#Z#DEBUG#ce142cac-5217-11f1-9eb0-eeee0a904712.bookscapm-srv#flowable-async-job-executor-thread-1300#
[PollStartAppStatusExecution] ab51efbf-6a80-46f6-bcf2-75d28171c258 [2026-05-17T17:45:02.416162] at require (node:internal/modules/helpers:152:16) (STDERR, APP/PROC/WEB)#
#2026 05 17 17:45:19.503#Z#DEBUG#ce142cac-5217-11f1-9eb0-eeee0a904712.bookscapm-srv#flowable-async-job-executor-thread-1300#
[PollStartAppStatusExecution] ab51efbf-6a80-46f6-bcf2-75d28171c258 [2026-05-17T17:45:02.416166] at Object.<anonymous> (/home/vcap/app/node_modules/@sap/cds/lib/srv/middlewares/auth/xssec.js:2:17) (STDERR, APP/PROC/WEB)#
#2026 05 17 17:45:19.503#Z#DEBUG#ce142cac-5217-11f1-9eb0-eeee0a904712.bookscapm-srv#flowable-async-job-executor-thread-1300#
[PollStartAppStatusExecution] ab51efbf-6a80-46f6-bcf2-75d28171c258 [2026-05-17T17:45:02.416169] at Module._compile (node:internal/modules/cjs/loader:1761:14) { (STDERR, APP/PROC/WEB)#
#2026 05 17 17:45:19.503#Z#DEBUG#ce142cac-5217-11f1-9eb0-eeee0a904712.bookscapm-srv#flowable-async-job-executor-thread-1300#
[PollStartAppStatusExecution] ab51efbf-6a80-46f6-bcf2-75d28171c258 [2026-05-17T17:45:02.416172] code: 'MODULE_NOT_FOUND', (STDERR, APP/PROC/WEB)#
#2026 05 17 17:45:19.503#Z#DEBUG#ce142cac-5217-11f1-9eb0-eeee0a904712.bookscapm-srv#flowable-async-job-executor-thread-1300#
[PollStartAppStatusExecution] ab51efbf-6a80-46f6-bcf2-75d28171c258 [2026-05-17T17:45:02.416175] requireStack: [ (STDERR, APP/PROC/WEB)#
#2026 05 17 17:45:19.503#Z#DEBUG#ce142cac-5217-11f1-9eb0-eeee0a904712.bookscapm-srv#flowable-async-job-executor-thread-1300#
[PollStartAppStatusExecution] ab51efbf-6a80-46f6-bcf2-75d28171c258 [2026-05-17T17:45:02.416178] '/home/vcap/app/node_modules/@sap/cds/lib/srv/middlewares/auth/xssec.js', (STDERR, APP/PROC/WEB)#
#2026 05 17 17:45:19.503#Z#DEBUG#ce142cac-5217-11f1-9eb0-eeee0a904712.bookscapm-srv#flowable-async-job-executor-thread-1300#
[PollStartAppStatusExecution] ab51efbf-6a80-46f6-bcf2-75d28171c258 [2026-05-17T17:45:02.416181] '/home/vcap/app/node_modules/@sap/cds/lib/srv/middlewares/auth/jwt-auth.js', (STDERR, APP/PROC/WEB)#
#2026 05 17 17:45:19.503#Z#DEBUG#ce142cac-5217-11f1-9eb0-eeee0a904712.bookscapm-srv#flowable-async-job-executor-thread-1300#
[PollStartAppStatusExecution] ab51efbf-6a80-46f6-bcf2-75d28171c258 [2026-05-17T17:45:02.416184] '/home/vcap/app/node_modules/@sap/cds/lib/srv/middlewares/auth/index.js', (STDERR, APP/PROC/WEB)#
#2026 05 17 17:45:19.503#Z#DEBUG#ce142cac-5217-11f1-9eb0-eeee0a904712.bookscapm-srv#flowable-async-job-executor-thread-1300#
[PollStartAppStatusExecution] ab51efbf-6a80-46f6-bcf2-75d28171c258 [2026-05-17T17:45:02.416186] '/home/vcap/app/node_modules/@sap/cds/lib/srv/middlewares/index.js', (STDERR, APP/PROC/WEB)#
#2026 05 17 17:45:19.503#Z#DEBUG#ce142cac-5217-11f1-9eb0-eeee0a904712.bookscapm-srv#flowable-async-job-executor-thread-1300#
[PollStartAppStatusExecution] ab51efbf-6a80-46f6-bcf2-75d28171c258 [2026-05-17T17:45:02.416190] '/home/vcap/app/node_modules/@sap/cds/lib/index.js', (STDERR, APP/PROC/WEB)#
#2026 05 17 17:45:19.503#Z#DEBUG#ce142cac-5217-11f1-9eb0-eeee0a904712.bookscapm-srv#flowable-async-job-executor-thread-1300#
[PollStartAppStatusExecution] ab51efbf-6a80-46f6-bcf2-75d28171c258 [2026-05-17T17:45:02.416192] '/home/vcap/app/node_modules/@sap/cds/bin/serve.js' (STDERR, APP/PROC/WEB)#
#2026 05 17 17:45:19.503#Z#DEBUG#ce142cac-5217-11f1-9eb0-eeee0a904712.bookscapm-srv#flowable-async-job-executor-thread-1300#
[PollStartAppStatusExecution] ab51efbf-6a80-46f6-bcf2-75d28171c258 [2026-05-17T17:45:02.416195] ] (STDERR, APP/PROC/WEB)#
#2026 05 17 17:45:19.503#Z#DEBUG#ce142cac-5217-11f1-9eb0-eeee0a904712.bookscapm-srv#flowable-async-job-executor-thread-1300#
[PollStartAppStatusExecution] ab51efbf-6a80-46f6-bcf2-75d28171c258 [2026-05-17T17:45:02.416198] } (STDERR, APP/PROC/WEB)#
#2026 05 17 17:45:19.503#Z#DEBUG#ce142cac-5217-11f1-9eb0-eeee0a904712.bookscapm-srv#flowable-async-job-executor-thread-1300#
[PollStartAppStatusExecution] ab51efbf-6a80-46f6-bcf2-75d28171c258 [2026-05-17T17:45:02.416213] Node.js v24.13.0 (STDERR, APP/PROC/WEB)#
#2026 05 17 17:45:19.503#Z#DEBUG#ce142cac-5217-11f1-9eb0-eeee0a904712.bookscapm-srv#flowable-async-job-executor-thread-1300#
[PollStartAppStatusExecution] ab51efbf-6a80-46f6-bcf2-75d28171c258 [2026-05-17T17:45:02.430315] npm notice (STDERR, APP/PROC/WEB)#
#2026 05 17 17:45:19.503#Z#DEBUG#ce142cac-5217-11f1-9eb0-eeee0a904712.bookscapm-srv#flowable-async-job-executor-thread-1300#
[PollStartAppStatusExecution] ab51efbf-6a80-46f6-bcf2-75d28171c258 [2026-05-17T17:45:02.430340] npm notice New minor version of npm available! 11.6.2 -> 11.14.1 (STDERR, APP/PROC/WEB)#
#2026 05 17 17:45:19.503#Z#DEBUG#ce142cac-5217-11f1-9eb0-eeee0a904712.bookscapm-srv#flowable-async-job-executor-thread-1300#
[PollStartAppStatusExecution] ab51efbf-6a80-46f6-bcf2-75d28171c258 [2026-05-17T17:45:02.430348] npm notice Changelog: https://github.com/npm/cli/releases/tag/v11.14.1 (STDERR, APP/PROC/WEB)#
#2026 05 17 17:45:19.503#Z#DEBUG#ce142cac-5217-11f1-9eb0-eeee0a904712.bookscapm-srv#flowable-async-job-executor-thread-1300#
[PollStartAppStatusExecution] ab51efbf-6a80-46f6-bcf2-75d28171c258 [2026-05-17T17:45:02.430351] npm notice To update run: npm install -g npm@11.14.1 (STDERR, APP/PROC/WEB)#
#2026 05 17 17:45:19.503#Z#DEBUG#ce142cac-5217-11f1-9eb0-eeee0a904712.bookscapm-srv#flowable-async-job-executor-thread-1300#
[PollStartAppStatusExecution] ab51efbf-6a80-46f6-bcf2-75d28171c258 [2026-05-17T17:45:02.430355] npm notice (STDERR, APP/PROC/WEB)#
#2026 05 17 17:45:19.503#Z#DEBUG#ce142cac-5217-11f1-9eb0-eeee0a904712.bookscapm-srv#flowable-async-job-executor-thread-1300#
[PollStartAppStatusExecution] ab51efbf-6a80-46f6-bcf2-75d28171c258 [2026-05-17T17:45:02.507504] Exit status 1 (STDOUT, APP/PROC/WEB)#
#2026 05 17 17:45:19.503#Z#DEBUG#ce142cac-5217-11f1-9eb0-eeee0a904712.bookscapm-srv#flowable-async-job-executor-thread-1300#
[PollStartAppStatusExecution] ab51efbf-6a80-46f6-bcf2-75d28171c258 [2026-05-17T17:45:09.202195] Cell 3697da87-6170-41a4-acb7-9186f1527dfa stopping instance 0175e485-ef5b-4b2d-624b-2a92 (STDOUT, CELL)#
#2026 05 17 17:45:19.503#Z#DEBUG#ce142cac-5217-11f1-9eb0-eeee0a904712.bookscapm-srv#flowable-async-job-executor-thread-1300#
[PollStartAppStatusExecution] ab51efbf-6a80-46f6-bcf2-75d28171c258 [2026-05-17T17:45:09.202236] Cell 3697da87-6170-41a4-acb7-9186f1527dfa destroying container for instance 0175e485-ef5b-4b2d-624b-2a92 (STDOUT, CELL)#
#2026 05 17 17:45:19.503#Z#DEBUG#ce142cac-5217-11f1-9eb0-eeee0a904712.bookscapm-srv#flowable-async-job-executor-thread-1300#
[PollStartAppStatusExecution] ab51efbf-6a80-46f6-bcf2-75d28171c258 [2026-05-17T17:45:09.223783] Process has crashed with type: "web" (STDOUT, API)#
#2026 05 17 17:45:19.503#Z#DEBUG#ce142cac-5217-11f1-9eb0-eeee0a904712.bookscapm-srv#flowable-async-job-executor-thread-1300#
[PollStartAppStatusExecution] ab51efbf-6a80-46f6-bcf2-75d28171c258 [2026-05-17T17:45:09.245191] App instance exited with guid ab51efbf-6a80-46f6-bcf2-75d28171c258 payload: {"instance"=>"0175e485-ef5b-4b2d-624b-2a92", "index"=>0, "cell_id"=>"3697da87-6170-41a4-acb7-9186f1527dfa", "reason"=>"CRASHED", "exit_description"=>"APP/PROC/WEB: Exited with status 1", "crash_count"=>3, "crash_timestamp"=>1779039909195903618, "version"=>"65e9e7c9-1671-4a7a-9f81-6b9d34b55585"} (STDOUT, API)#
#2026 05 17 17:45:19.503#Z#DEBUG#ce142cac-5217-11f1-9eb0-eeee0a904712.bookscapm-srv#flowable-async-job-executor-thread-1300#
[PollStartAppStatusExecution] ab51efbf-6a80-46f6-bcf2-75d28171c258 [2026-05-17T17:45:09.345310] Exit status 137 (STDOUT, PROXY)#
#2026 05 17 17:45:19.503#Z#DEBUG#ce142cac-5217-11f1-9eb0-eeee0a904712.bookscapm-srv#flowable-async-job-executor-thread-1300#
[PollStartAppStatusExecution] ab51efbf-6a80-46f6-bcf2-75d28171c258 [2026-05-17T17:45:10.716676] Stopping app with guid ab51efbf-6a80-46f6-bcf2-75d28171c258 (STDOUT, API)#
#2026 05 17 17:45:19.503#Z#DEBUG#ce142cac-5217-11f1-9eb0-eeee0a904712.bookscapm-srv#flowable-async-job-executor-thread-1300#
[PollStartAppStatusExecution] ab51efbf-6a80-46f6-bcf2-75d28171c258 [2026-05-17T17:45:10.908676] Starting app with guid ab51efbf-6a80-46f6-bcf2-75d28171c258 (STDOUT, API)#
#2026 05 17 17:45:19.503#Z#DEBUG#ce142cac-5217-11f1-9eb0-eeee0a904712.bookscapm-srv#flowable-async-job-executor-thread-1300#
[PollStartAppStatusExecution] ab51efbf-6a80-46f6-bcf2-75d28171c258 [2026-05-17T17:45:11.108725] Cell 1ea14514-f0fe-461c-9aa9-a53bbe093b00 creating container for instance cd15f584-124e-4b03-443d-afff (STDOUT, CELL)#
#2026 05 17 17:45:19.504#Z#DEBUG#ce142cac-5217-11f1-9eb0-eeee0a904712.bookscapm-srv#flowable-async-job-executor-thread-1300#
[PollStartAppStatusExecution] ab51efbf-6a80-46f6-bcf2-75d28171c258 [2026-05-17T17:45:11.690291] Cell 3697da87-6170-41a4-acb7-9186f1527dfa successfully destroyed container for instance 0175e485-ef5b-4b2d-624b-2a92 (STDOUT, CELL)#
#2026 05 17 17:45:19.504#Z#DEBUG#ce142cac-5217-11f1-9eb0-eeee0a904712.bookscapm-srv#flowable-async-job-executor-thread-1300#
[PollStartAppStatusExecution] ab51efbf-6a80-46f6-bcf2-75d28171c258 [2026-05-17T17:45:11.868429] Security group rules were updated (STDOUT, CELL)#
#2026 05 17 17:45:19.504#Z#DEBUG#ce142cac-5217-11f1-9eb0-eeee0a904712.bookscapm-srv#flowable-async-job-executor-thread-1300#
[PollStartAppStatusExecution] ab51efbf-6a80-46f6-bcf2-75d28171c258 [2026-05-17T17:45:12.007664] Cell 1ea14514-f0fe-461c-9aa9-a53bbe093b00 successfully created container for instance cd15f584-124e-4b03-443d-afff (STDOUT, CELL)#
#2026 05 17 17:45:19.504#Z#DEBUG#ce142cac-5217-11f1-9eb0-eeee0a904712.bookscapm-srv#flowable-async-job-executor-thread-1300#
[PollStartAppStatusExecution] ab51efbf-6a80-46f6-bcf2-75d28171c258 [2026-05-17T17:45:12.632633] Downloading droplet... (STDOUT, CELL)#
#2026 05 17 17:45:19.504#Z#DEBUG#ce142cac-5217-11f1-9eb0-eeee0a904712.bookscapm-srv#flowable-async-job-executor-thread-1300#
[PollStartAppStatusExecution] ab51efbf-6a80-46f6-bcf2-75d28171c258 [2026-05-17T17:45:17.883331] Downloaded droplet (60.6M) (STDOUT, CELL)#
#2026 05 17 17:45:19.504#Z#DEBUG#ce142cac-5217-11f1-9eb0-eeee0a904712.bookscapm-srv#flowable-async-job-executor-thread-1300#
[PollStartAppStatusExecution] ab51efbf-6a80-46f6-bcf2-75d28171c258 [2026-05-17T17:45:17.883512] Starting health monitoring of container (STDOUT, CELL)#
#2026 05 17 17:45:19.504#Z#DEBUG#ce142cac-5217-11f1-9eb0-eeee0a904712.bookscapm-srv#flowable-async-job-executor-thread-1300#
[PollStartAppStatusExecution] ab51efbf-6a80-46f6-bcf2-75d28171c258 [2026-05-17T17:45:18.030185] Invoking pre-start scripts. (STDOUT, APP/PROC/WEB)#
#2026 05 17 17:45:19.504#Z#DEBUG#ce142cac-5217-11f1-9eb0-eeee0a904712.bookscapm-srv#flowable-async-job-executor-thread-1300#
[PollStartAppStatusExecution] ab51efbf-6a80-46f6-bcf2-75d28171c258 [2026-05-17T17:45:18.321787] Invoking start command. (STDOUT, APP/PROC/WEB)#
#2026 05 17 17:45:29.421#Z#DEBUG#ce142cac-5217-11f1-9eb0-eeee0a904712.bookscapm-srv#flowable-async-job-executor-thread-1302#
[PollStartAppStatusExecution] ab51efbf-6a80-46f6-bcf2-75d28171c258 [2026-05-17T17:45:18.860043] > bookscapm@1.0.0 start (STDOUT, APP/PROC/WEB)#
#2026 05 17 17:45:29.421#Z#DEBUG#ce142cac-5217-11f1-9eb0-eeee0a904712.bookscapm-srv#flowable-async-job-executor-thread-1302#
[PollStartAppStatusExecution] ab51efbf-6a80-46f6-bcf2-75d28171c258 [2026-05-17T17:45:18.860067] > cds-serve (STDOUT, APP/PROC/WEB)#
#2026 05 17 17:45:29.421#Z#DEBUG#ce142cac-5217-11f1-9eb0-eeee0a904712.bookscapm-srv#flowable-async-job-executor-thread-1302#
[PollStartAppStatusExecution] ab51efbf-6a80-46f6-bcf2-75d28171c258 [2026-05-17T17:45:19.200832] {"level":"info","logger":"cds","timestamp":"2026-05-17T17:45:19.198Z","layer":"cds","component_type":"application","container_id":"10.32.1.5","component_id":"ab51efbf-6a80-46f6-bcf2-75d28171c258","component_name":"bookscapm-srv","component_instance":0,"source_instance":0,"organization_name":"53d2ceb3trial","organization_id":"2243168d-2a9f-490d-bf17-3322448edf8b","space_name":"dev","space_id":"da2f47c5-67bb-4739-9dbb-6384db716e72","msg":"loaded model from 1 file(s):\n ","type":"log"} (STDOUT, APP/PROC/WEB)#
#2026 05 17 17:45:29.421#Z#DEBUG#ce142cac-5217-11f1-9eb0-eeee0a904712.bookscapm-srv#flowable-async-job-executor-thread-1302#
[PollStartAppStatusExecution] ab51efbf-6a80-46f6-bcf2-75d28171c258 [2026-05-17T17:45:19.200861] srv/csn.json (STDOUT, APP/PROC/WEB)#
#2026 05 17 17:45:29.421#Z#DEBUG#ce142cac-5217-11f1-9eb0-eeee0a904712.bookscapm-srv#flowable-async-job-executor-thread-1302#
[PollStartAppStatusExecution] ab51efbf-6a80-46f6-bcf2-75d28171c258 [2026-05-17T17:45:19.452978] {"level":"info","logger":"cds","timestamp":"2026-05-17T17:45:19.452Z","layer":"cds","component_type":"application","container_id":"10.32.1.5","component_id":"ab51efbf-6a80-46f6-bcf2-75d28171c258","component_name":"bookscapm-srv","component_instance":0,"source_instance":0,"organization_name":"53d2ceb3trial","organization_id":"2243168d-2a9f-490d-bf17-3322448edf8b","space_name":"dev","space_id":"da2f47c5-67bb-4739-9dbb-6384db716e72","msg":"connect to db > hana {\n  database_id: '7139a3f2-f85c-4b2f-aeb0-2db26a0a6bd7',\n  host: '7139a3f2-f85c-4b2f-aeb0-2db26a0a6bd7.hana.prod-ap21.hanacloud.ondemand.com',\n  port: '443',\n  driver: 'com.sap.db.jdbc.Driver',\n  url: 'jdbc:sap://7139a3f2-f85c-4b2f-aeb0-2db26a0a6bd7.hana.prod-ap21.hanacloud.ondemand.com:443?encrypt=true&validateCertificate=true&currentschema=C267CE7888044773AAA7C1B3CFC7C46E',\n  schema: 'C267CE7888044773AAA7C1B3CFC7C46E',\n  certificate: '...',\n  hdi_user: 'C267CE7888044773AAA7C1B3CFC7C46E_CVMXEJO6N50EXYFUMY54SI8SM_DT',\n  hdi_password: '...',\n  user: 'C267CE7888044773AAA7C1B3CFC7C46E_CVMXEJO6N50EXYFUMY54SI8SM_RT',\n  password: '...'\n}","type":"log"} (STDOUT, APP/PROC/WEB)#
#2026 05 17 17:45:29.421#Z#DEBUG#ce142cac-5217-11f1-9eb0-eeee0a904712.bookscapm-srv#flowable-async-job-executor-thread-1302#
[PollStartAppStatusExecution] ab51efbf-6a80-46f6-bcf2-75d28171c258 [2026-05-17T17:45:19.490867] {"level":"info","logger":"cds","timestamp":"2026-05-17T17:45:19.490Z","layer":"cds","component_type":"application","container_id":"10.32.1.5","component_id":"ab51efbf-6a80-46f6-bcf2-75d28171c258","component_name":"bookscapm-srv","component_instance":0,"source_instance":0,"organization_name":"53d2ceb3trial","organization_id":"2243168d-2a9f-490d-bf17-3322448edf8b","space_name":"dev","space_id":"da2f47c5-67bb-4739-9dbb-6384db716e72","msg":"using auth strategy { kind: 'jwt' }","type":"log"} (STDOUT, APP/PROC/WEB)#
#2026 05 17 17:45:29.421#Z#DEBUG#ce142cac-5217-11f1-9eb0-eeee0a904712.bookscapm-srv#flowable-async-job-executor-thread-1302#
[PollStartAppStatusExecution] ab51efbf-6a80-46f6-bcf2-75d28171c258 [2026-05-17T17:45:19.493044] node:internal/modules/cjs/loader:1421 (STDERR, APP/PROC/WEB)#
#2026 05 17 17:45:29.421#Z#DEBUG#ce142cac-5217-11f1-9eb0-eeee0a904712.bookscapm-srv#flowable-async-job-executor-thread-1302#
[PollStartAppStatusExecution] ab51efbf-6a80-46f6-bcf2-75d28171c258 [2026-05-17T17:45:19.493055] const err = new Error(message); (STDERR, APP/PROC/WEB)#
#2026 05 17 17:45:29.421#Z#DEBUG#ce142cac-5217-11f1-9eb0-eeee0a904712.bookscapm-srv#flowable-async-job-executor-thread-1302#
[PollStartAppStatusExecution] ab51efbf-6a80-46f6-bcf2-75d28171c258 [2026-05-17T17:45:19.493059] ^ (STDERR, APP/PROC/WEB)#
#2026 05 17 17:45:29.421#Z#DEBUG#ce142cac-5217-11f1-9eb0-eeee0a904712.bookscapm-srv#flowable-async-job-executor-thread-1302#
[PollStartAppStatusExecution] ab51efbf-6a80-46f6-bcf2-75d28171c258 [2026-05-17T17:45:19.493063] Error: Cannot find '@sap/xssec'. Make sure to install it with 'npm i @sap/xssec' (STDERR, APP/PROC/WEB)#
#2026 05 17 17:45:29.421#Z#DEBUG#ce142cac-5217-11f1-9eb0-eeee0a904712.bookscapm-srv#flowable-async-job-executor-thread-1302#
[PollStartAppStatusExecution] ab51efbf-6a80-46f6-bcf2-75d28171c258 [2026-05-17T17:45:19.493067] Cannot find module '@sap/xssec' (STDERR, APP/PROC/WEB)#
#2026 05 17 17:45:29.421#Z#DEBUG#ce142cac-5217-11f1-9eb0-eeee0a904712.bookscapm-srv#flowable-async-job-executor-thread-1302#
[PollStartAppStatusExecution] ab51efbf-6a80-46f6-bcf2-75d28171c258 [2026-05-17T17:45:19.493069] Require stack: (STDERR, APP/PROC/WEB)#
#2026 05 17 17:45:29.421#Z#DEBUG#ce142cac-5217-11f1-9eb0-eeee0a904712.bookscapm-srv#flowable-async-job-executor-thread-1302#
[PollStartAppStatusExecution] ab51efbf-6a80-46f6-bcf2-75d28171c258 [2026-05-17T17:45:19.493073] - /home/vcap/app/node_modules/@sap/cds/lib/srv/middlewares/auth/xssec.js (STDERR, APP/PROC/WEB)#
#2026 05 17 17:45:29.421#Z#DEBUG#ce142cac-5217-11f1-9eb0-eeee0a904712.bookscapm-srv#flowable-async-job-executor-thread-1302#
[PollStartAppStatusExecution] ab51efbf-6a80-46f6-bcf2-75d28171c258 [2026-05-17T17:45:19.493075] - /home/vcap/app/node_modules/@sap/cds/lib/srv/middlewares/auth/jwt-auth.js (STDERR, APP/PROC/WEB)#
#2026 05 17 17:45:29.421#Z#DEBUG#ce142cac-5217-11f1-9eb0-eeee0a904712.bookscapm-srv#flowable-async-job-executor-thread-1302#
[PollStartAppStatusExecution] ab51efbf-6a80-46f6-bcf2-75d28171c258 [2026-05-17T17:45:19.493078] - /home/vcap/app/node_modules/@sap/cds/lib/srv/middlewares/auth/index.js (STDERR, APP/PROC/WEB)#
#2026 05 17 17:45:29.421#Z#DEBUG#ce142cac-5217-11f1-9eb0-eeee0a904712.bookscapm-srv#flowable-async-job-executor-thread-1302#
[PollStartAppStatusExecution] ab51efbf-6a80-46f6-bcf2-75d28171c258 [2026-05-17T17:45:19.493081] - /home/vcap/app/node_modules/@sap/cds/lib/srv/middlewares/index.js (STDERR, APP/PROC/WEB)#
#2026 05 17 17:45:29.421#Z#DEBUG#ce142cac-5217-11f1-9eb0-eeee0a904712.bookscapm-srv#flowable-async-job-executor-thread-1302#
[PollStartAppStatusExecution] ab51efbf-6a80-46f6-bcf2-75d28171c258 [2026-05-17T17:45:19.493086] - /home/vcap/app/node_modules/@sap/cds/lib/index.js (STDERR, APP/PROC/WEB)#
#2026 05 17 17:45:29.421#Z#DEBUG#ce142cac-5217-11f1-9eb0-eeee0a904712.bookscapm-srv#flowable-async-job-executor-thread-1302#
[PollStartAppStatusExecution] ab51efbf-6a80-46f6-bcf2-75d28171c258 [2026-05-17T17:45:19.493088] - /home/vcap/app/node_modules/@sap/cds/bin/serve.js (STDERR, APP/PROC/WEB)#
#2026 05 17 17:45:29.421#Z#DEBUG#ce142cac-5217-11f1-9eb0-eeee0a904712.bookscapm-srv#flowable-async-job-executor-thread-1302#
[PollStartAppStatusExecution] ab51efbf-6a80-46f6-bcf2-75d28171c258 [2026-05-17T17:45:19.493091] at Module._resolveFilename (node:internal/modules/cjs/loader:1421:15) (STDERR, APP/PROC/WEB)#
#2026 05 17 17:45:29.421#Z#DEBUG#ce142cac-5217-11f1-9eb0-eeee0a904712.bookscapm-srv#flowable-async-job-executor-thread-1302#
[PollStartAppStatusExecution] ab51efbf-6a80-46f6-bcf2-75d28171c258 [2026-05-17T17:45:19.493096] at defaultResolveImpl (node:internal/modules/cjs/loader:1059:19) (STDERR, APP/PROC/WEB)#
#2026 05 17 17:45:29.421#Z#DEBUG#ce142cac-5217-11f1-9eb0-eeee0a904712.bookscapm-srv#flowable-async-job-executor-thread-1302#
[PollStartAppStatusExecution] ab51efbf-6a80-46f6-bcf2-75d28171c258 [2026-05-17T17:45:19.493098] at resolveForCJSWithHooks (node:internal/modules/cjs/loader:1064:22) (STDERR, APP/PROC/WEB)#
#2026 05 17 17:45:29.421#Z#DEBUG#ce142cac-5217-11f1-9eb0-eeee0a904712.bookscapm-srv#flowable-async-job-executor-thread-1302#
[PollStartAppStatusExecution] ab51efbf-6a80-46f6-bcf2-75d28171c258 [2026-05-17T17:45:19.493101] at Module._load (node:internal/modules/cjs/loader:1227:37) (STDERR, APP/PROC/WEB)#
#2026 05 17 17:45:29.421#Z#DEBUG#ce142cac-5217-11f1-9eb0-eeee0a904712.bookscapm-srv#flowable-async-job-executor-thread-1302#
[PollStartAppStatusExecution] ab51efbf-6a80-46f6-bcf2-75d28171c258 [2026-05-17T17:45:19.493104] at TracingChannel.traceSync (node:diagnostics_channel:328:14) (STDERR, APP/PROC/WEB)#
#2026 05 17 17:45:29.421#Z#DEBUG#ce142cac-5217-11f1-9eb0-eeee0a904712.bookscapm-srv#flowable-async-job-executor-thread-1302#
[PollStartAppStatusExecution] ab51efbf-6a80-46f6-bcf2-75d28171c258 [2026-05-17T17:45:19.493106] at wrapModuleLoad (node:internal/modules/cjs/loader:245:24) (STDERR, APP/PROC/WEB)#
#2026 05 17 17:45:29.421#Z#DEBUG#ce142cac-5217-11f1-9eb0-eeee0a904712.bookscapm-srv#flowable-async-job-executor-thread-1302#
[PollStartAppStatusExecution] ab51efbf-6a80-46f6-bcf2-75d28171c258 [2026-05-17T17:45:19.493109] at Module.require (node:internal/modules/cjs/loader:1504:12) (STDERR, APP/PROC/WEB)#
#2026 05 17 17:45:29.421#Z#DEBUG#ce142cac-5217-11f1-9eb0-eeee0a904712.bookscapm-srv#flowable-async-job-executor-thread-1302#
[PollStartAppStatusExecution] ab51efbf-6a80-46f6-bcf2-75d28171c258 [2026-05-17T17:45:19.493111] at require (node:internal/modules/helpers:152:16) (STDERR, APP/PROC/WEB)#
#2026 05 17 17:45:29.421#Z#DEBUG#ce142cac-5217-11f1-9eb0-eeee0a904712.bookscapm-srv#flowable-async-job-executor-thread-1302#
[PollStartAppStatusExecution] ab51efbf-6a80-46f6-bcf2-75d28171c258 [2026-05-17T17:45:19.493115] at Object.<anonymous> (/home/vcap/app/node_modules/@sap/cds/lib/srv/middlewares/auth/xssec.js:2:17) (STDERR, APP/PROC/WEB)#
#2026 05 17 17:45:29.421#Z#DEBUG#ce142cac-5217-11f1-9eb0-eeee0a904712.bookscapm-srv#flowable-async-job-executor-thread-1302#
[PollStartAppStatusExecution] ab51efbf-6a80-46f6-bcf2-75d28171c258 [2026-05-17T17:45:19.493118] at Module._compile (node:internal/modules/cjs/loader:1761:14) { (STDERR, APP/PROC/WEB)#
#2026 05 17 17:45:29.421#Z#DEBUG#ce142cac-5217-11f1-9eb0-eeee0a904712.bookscapm-srv#flowable-async-job-executor-thread-1302#
[PollStartAppStatusExecution] ab51efbf-6a80-46f6-bcf2-75d28171c258 [2026-05-17T17:45:19.493120] code: 'MODULE_NOT_FOUND', (STDERR, APP/PROC/WEB)#
#2026 05 17 17:45:29.421#Z#DEBUG#ce142cac-5217-11f1-9eb0-eeee0a904712.bookscapm-srv#flowable-async-job-executor-thread-1302#
[PollStartAppStatusExecution] ab51efbf-6a80-46f6-bcf2-75d28171c258 [2026-05-17T17:45:19.493123] requireStack: [ (STDERR, APP/PROC/WEB)#
#2026 05 17 17:45:29.421#Z#DEBUG#ce142cac-5217-11f1-9eb0-eeee0a904712.bookscapm-srv#flowable-async-job-executor-thread-1302#
[PollStartAppStatusExecution] ab51efbf-6a80-46f6-bcf2-75d28171c258 [2026-05-17T17:45:19.493127] '/home/vcap/app/node_modules/@sap/cds/lib/srv/middlewares/auth/xssec.js', (STDERR, APP/PROC/WEB)#
#2026 05 17 17:45:29.421#Z#DEBUG#ce142cac-5217-11f1-9eb0-eeee0a904712.bookscapm-srv#flowable-async-job-executor-thread-1302#
[PollStartAppStatusExecution] ab51efbf-6a80-46f6-bcf2-75d28171c258 [2026-05-17T17:45:19.493130] '/home/vcap/app/node_modules/@sap/cds/lib/srv/middlewares/auth/jwt-auth.js', (STDERR, APP/PROC/WEB)#
#2026 05 17 17:45:29.421#Z#DEBUG#ce142cac-5217-11f1-9eb0-eeee0a904712.bookscapm-srv#flowable-async-job-executor-thread-1302#
[PollStartAppStatusExecution] ab51efbf-6a80-46f6-bcf2-75d28171c258 [2026-05-17T17:45:19.493141] '/home/vcap/app/node_modules/@sap/cds/lib/srv/middlewares/auth/index.js', (STDERR, APP/PROC/WEB)#
#2026 05 17 17:45:29.421#Z#DEBUG#ce142cac-5217-11f1-9eb0-eeee0a904712.bookscapm-srv#flowable-async-job-executor-thread-1302#
[PollStartAppStatusExecution] ab51efbf-6a80-46f6-bcf2-75d28171c258 [2026-05-17T17:45:19.493144] '/home/vcap/app/node_modules/@sap/cds/lib/srv/middlewares/index.js', (STDERR, APP/PROC/WEB)#
#2026 05 17 17:45:29.421#Z#DEBUG#ce142cac-5217-11f1-9eb0-eeee0a904712.bookscapm-srv#flowable-async-job-executor-thread-1302#
[PollStartAppStatusExecution] ab51efbf-6a80-46f6-bcf2-75d28171c258 [2026-05-17T17:45:19.493149] '/home/vcap/app/node_modules/@sap/cds/lib/index.js', (STDERR, APP/PROC/WEB)#
#2026 05 17 17:45:29.421#Z#DEBUG#ce142cac-5217-11f1-9eb0-eeee0a904712.bookscapm-srv#flowable-async-job-executor-thread-1302#
[PollStartAppStatusExecution] ab51efbf-6a80-46f6-bcf2-75d28171c258 [2026-05-17T17:45:19.493152] '/home/vcap/app/node_modules/@sap/cds/bin/serve.js' (STDERR, APP/PROC/WEB)#
#2026 05 17 17:45:29.421#Z#DEBUG#ce142cac-5217-11f1-9eb0-eeee0a904712.bookscapm-srv#flowable-async-job-executor-thread-1302#
[PollStartAppStatusExecution] ab51efbf-6a80-46f6-bcf2-75d28171c258 [2026-05-17T17:45:19.493154] ] (STDERR, APP/PROC/WEB)#
#2026 05 17 17:45:29.421#Z#DEBUG#ce142cac-5217-11f1-9eb0-eeee0a904712.bookscapm-srv#flowable-async-job-executor-thread-1302#
[PollStartAppStatusExecution] ab51efbf-6a80-46f6-bcf2-75d28171c258 [2026-05-17T17:45:19.493157] } (STDERR, APP/PROC/WEB)#
#2026 05 17 17:45:29.421#Z#DEBUG#ce142cac-5217-11f1-9eb0-eeee0a904712.bookscapm-srv#flowable-async-job-executor-thread-1302#
[PollStartAppStatusExecution] ab51efbf-6a80-46f6-bcf2-75d28171c258 [2026-05-17T17:45:19.493159] Node.js v24.13.0 (STDERR, APP/PROC/WEB)#
#2026 05 17 17:45:29.421#Z#DEBUG#ce142cac-5217-11f1-9eb0-eeee0a904712.bookscapm-srv#flowable-async-job-executor-thread-1302#
[PollStartAppStatusExecution] ab51efbf-6a80-46f6-bcf2-75d28171c258 [2026-05-17T17:45:19.512810] npm notice (STDERR, APP/PROC/WEB)#
#2026 05 17 17:45:29.421#Z#DEBUG#ce142cac-5217-11f1-9eb0-eeee0a904712.bookscapm-srv#flowable-async-job-executor-thread-1302#
[PollStartAppStatusExecution] ab51efbf-6a80-46f6-bcf2-75d28171c258 [2026-05-17T17:45:19.512825] npm notice New minor version of npm available! 11.6.2 -> 11.14.1 (STDERR, APP/PROC/WEB)#
#2026 05 17 17:45:29.421#Z#DEBUG#ce142cac-5217-11f1-9eb0-eeee0a904712.bookscapm-srv#flowable-async-job-executor-thread-1302#
[PollStartAppStatusExecution] ab51efbf-6a80-46f6-bcf2-75d28171c258 [2026-05-17T17:45:19.512830] npm notice Changelog: https://github.com/npm/cli/releases/tag/v11.14.1 (STDERR, APP/PROC/WEB)#
#2026 05 17 17:45:29.421#Z#DEBUG#ce142cac-5217-11f1-9eb0-eeee0a904712.bookscapm-srv#flowable-async-job-executor-thread-1302#
[PollStartAppStatusExecution] ab51efbf-6a80-46f6-bcf2-75d28171c258 [2026-05-17T17:45:19.512834] npm notice To update run: npm install -g npm@11.14.1 (STDERR, APP/PROC/WEB)#
#2026 05 17 17:45:29.421#Z#DEBUG#ce142cac-5217-11f1-9eb0-eeee0a904712.bookscapm-srv#flowable-async-job-executor-thread-1302#
[PollStartAppStatusExecution] ab51efbf-6a80-46f6-bcf2-75d28171c258 [2026-05-17T17:45:19.512838] npm notice (STDERR, APP/PROC/WEB)#
#2026 05 17 17:45:29.421#Z#DEBUG#ce142cac-5217-11f1-9eb0-eeee0a904712.bookscapm-srv#flowable-async-job-executor-thread-1302#
[PollStartAppStatusExecution] ab51efbf-6a80-46f6-bcf2-75d28171c258 [2026-05-17T17:45:19.607713] Exit status 1 (STDOUT, APP/PROC/WEB)#
#2026 05 17 17:45:29.421#Z#DEBUG#ce142cac-5217-11f1-9eb0-eeee0a904712.bookscapm-srv#flowable-async-job-executor-thread-1302#
[PollStartAppStatusExecution] ab51efbf-6a80-46f6-bcf2-75d28171c258 [2026-05-17T17:45:26.054142] Cell 1ea14514-f0fe-461c-9aa9-a53bbe093b00 stopping instance cd15f584-124e-4b03-443d-afff (STDOUT, CELL)#
#2026 05 17 17:45:29.421#Z#DEBUG#ce142cac-5217-11f1-9eb0-eeee0a904712.bookscapm-srv#flowable-async-job-executor-thread-1302#
[PollStartAppStatusExecution] ab51efbf-6a80-46f6-bcf2-75d28171c258 [2026-05-17T17:45:26.054182] Cell 1ea14514-f0fe-461c-9aa9-a53bbe093b00 destroying container for instance cd15f584-124e-4b03-443d-afff (STDOUT, CELL)#
#2026 05 17 17:45:29.421#Z#DEBUG#ce142cac-5217-11f1-9eb0-eeee0a904712.bookscapm-srv#flowable-async-job-executor-thread-1302#
[PollStartAppStatusExecution] ab51efbf-6a80-46f6-bcf2-75d28171c258 [2026-05-17T17:45:26.056332] Process has crashed with type: "web" (STDOUT, API)#
#2026 05 17 17:45:29.421#Z#DEBUG#ce142cac-5217-11f1-9eb0-eeee0a904712.bookscapm-srv#flowable-async-job-executor-thread-1302#
[PollStartAppStatusExecution] ab51efbf-6a80-46f6-bcf2-75d28171c258 [2026-05-17T17:45:26.076348] App instance exited with guid ab51efbf-6a80-46f6-bcf2-75d28171c258 payload: {"instance"=>"cd15f584-124e-4b03-443d-afff", "index"=>0, "cell_id"=>"1ea14514-f0fe-461c-9aa9-a53bbe093b00", "reason"=>"CRASHED", "exit_description"=>"APP/PROC/WEB: Exited with status 1", "crash_count"=>1, "crash_timestamp"=>1779039926026781066, "version"=>"78ce9c2d-3ad3-471c-bf8f-f4c511a5248e"} (STDOUT, API)#
#2026 05 17 17:45:29.421#Z#DEBUG#ce142cac-5217-11f1-9eb0-eeee0a904712.bookscapm-srv#flowable-async-job-executor-thread-1302#
[PollStartAppStatusExecution] ab51efbf-6a80-46f6-bcf2-75d28171c258 [2026-05-17T17:45:26.176534] Cell 4401fcd0-006d-4ceb-9b51-aa22a1b186cf creating container for instance 3a6e3ef0-e710-4c26-46be-cc9f (STDOUT, CELL)#
#2026 05 17 17:45:29.421#Z#DEBUG#ce142cac-5217-11f1-9eb0-eeee0a904712.bookscapm-srv#flowable-async-job-executor-thread-1302#
[PollStartAppStatusExecution] ab51efbf-6a80-46f6-bcf2-75d28171c258 [2026-05-17T17:45:26.229872] Exit status 137 (STDOUT, PROXY)#
#2026 05 17 17:45:29.421#Z#DEBUG#ce142cac-5217-11f1-9eb0-eeee0a904712.bookscapm-srv#flowable-async-job-executor-thread-1302#
[PollStartAppStatusExecution] ab51efbf-6a80-46f6-bcf2-75d28171c258 [2026-05-17T17:45:27.186907] Security group rules were updated (STDOUT, CELL)#
#2026 05 17 17:45:29.421#Z#DEBUG#ce142cac-5217-11f1-9eb0-eeee0a904712.bookscapm-srv#flowable-async-job-executor-thread-1302#
[PollStartAppStatusExecution] ab51efbf-6a80-46f6-bcf2-75d28171c258 [2026-05-17T17:45:27.333153] Cell 4401fcd0-006d-4ceb-9b51-aa22a1b186cf successfully created container for instance 3a6e3ef0-e710-4c26-46be-cc9f (STDOUT, CELL)#
#2026 05 17 17:45:29.422#Z#DEBUG#ce142cac-5217-11f1-9eb0-eeee0a904712.bookscapm-srv#flowable-async-job-executor-thread-1302#
[PollStartAppStatusExecution] ab51efbf-6a80-46f6-bcf2-75d28171c258 [2026-05-17T17:45:28.118114] Downloading droplet... (STDOUT, CELL)#
#2026 05 17 17:45:39.422#Z#DEBUG#ce142cac-5217-11f1-9eb0-eeee0a904712.bookscapm-srv#flowable-async-job-executor-thread-1304#
[PollStartAppStatusExecution] ab51efbf-6a80-46f6-bcf2-75d28171c258 [2026-05-17T17:45:28.973146] Cell 1ea14514-f0fe-461c-9aa9-a53bbe093b00 successfully destroyed container for instance cd15f584-124e-4b03-443d-afff (STDOUT, CELL)#
#2026 05 17 17:45:39.422#Z#DEBUG#ce142cac-5217-11f1-9eb0-eeee0a904712.bookscapm-srv#flowable-async-job-executor-thread-1304#
[PollStartAppStatusExecution] ab51efbf-6a80-46f6-bcf2-75d28171c258 [2026-05-17T17:45:35.570129] Downloaded droplet (60.6M) (STDOUT, CELL)#
#2026 05 17 17:45:39.422#Z#DEBUG#ce142cac-5217-11f1-9eb0-eeee0a904712.bookscapm-srv#flowable-async-job-executor-thread-1304#
[PollStartAppStatusExecution] ab51efbf-6a80-46f6-bcf2-75d28171c258 [2026-05-17T17:45:35.570420] Starting health monitoring of container (STDOUT, CELL)#
#2026 05 17 17:45:39.422#Z#DEBUG#ce142cac-5217-11f1-9eb0-eeee0a904712.bookscapm-srv#flowable-async-job-executor-thread-1304#
[PollStartAppStatusExecution] ab51efbf-6a80-46f6-bcf2-75d28171c258 [2026-05-17T17:45:35.829328] Invoking pre-start scripts. (STDOUT, APP/PROC/WEB)#
#2026 05 17 17:45:39.422#Z#DEBUG#ce142cac-5217-11f1-9eb0-eeee0a904712.bookscapm-srv#flowable-async-job-executor-thread-1304#
[PollStartAppStatusExecution] ab51efbf-6a80-46f6-bcf2-75d28171c258 [2026-05-17T17:45:36.264274] Invoking start command. (STDOUT, APP/PROC/WEB)#
#2026 05 17 17:45:39.422#Z#DEBUG#ce142cac-5217-11f1-9eb0-eeee0a904712.bookscapm-srv#flowable-async-job-executor-thread-1304#
[PollStartAppStatusExecution] ab51efbf-6a80-46f6-bcf2-75d28171c258 [2026-05-17T17:45:37.118429] > bookscapm@1.0.0 start (STDOUT, APP/PROC/WEB)#
#2026 05 17 17:45:39.422#Z#DEBUG#ce142cac-5217-11f1-9eb0-eeee0a904712.bookscapm-srv#flowable-async-job-executor-thread-1304#
[PollStartAppStatusExecution] ab51efbf-6a80-46f6-bcf2-75d28171c258 [2026-05-17T17:45:37.118461] > cds-serve (STDOUT, APP/PROC/WEB)#
#2026 05 17 17:45:39.422#Z#DEBUG#ce142cac-5217-11f1-9eb0-eeee0a904712.bookscapm-srv#flowable-async-job-executor-thread-1304#
[PollStartAppStatusExecution] ab51efbf-6a80-46f6-bcf2-75d28171c258 [2026-05-17T17:45:37.580100] {"level":"info","logger":"cds","timestamp":"2026-05-17T17:45:37.577Z","layer":"cds","component_type":"application","container_id":"10.32.3.5","component_id":"ab51efbf-6a80-46f6-bcf2-75d28171c258","component_name":"bookscapm-srv","component_instance":0,"source_instance":0,"organization_name":"53d2ceb3trial","organization_id":"2243168d-2a9f-490d-bf17-3322448edf8b","space_name":"dev","space_id":"da2f47c5-67bb-4739-9dbb-6384db716e72","msg":"loaded model from 1 file(s):\n ","type":"log"} (STDOUT, APP/PROC/WEB)#
#2026 05 17 17:45:39.422#Z#DEBUG#ce142cac-5217-11f1-9eb0-eeee0a904712.bookscapm-srv#flowable-async-job-executor-thread-1304#
[PollStartAppStatusExecution] ab51efbf-6a80-46f6-bcf2-75d28171c258 [2026-05-17T17:45:37.580987] srv/csn.json (STDOUT, APP/PROC/WEB)#
#2026 05 17 17:45:39.422#Z#DEBUG#ce142cac-5217-11f1-9eb0-eeee0a904712.bookscapm-srv#flowable-async-job-executor-thread-1304#
[PollStartAppStatusExecution] ab51efbf-6a80-46f6-bcf2-75d28171c258 [2026-05-17T17:45:37.972479] {"level":"info","logger":"cds","timestamp":"2026-05-17T17:45:37.971Z","layer":"cds","component_type":"application","container_id":"10.32.3.5","component_id":"ab51efbf-6a80-46f6-bcf2-75d28171c258","component_name":"bookscapm-srv","component_instance":0,"source_instance":0,"organization_name":"53d2ceb3trial","organization_id":"2243168d-2a9f-490d-bf17-3322448edf8b","space_name":"dev","space_id":"da2f47c5-67bb-4739-9dbb-6384db716e72","msg":"connect to db > hana {\n  database_id: '7139a3f2-f85c-4b2f-aeb0-2db26a0a6bd7',\n  host: '7139a3f2-f85c-4b2f-aeb0-2db26a0a6bd7.hana.prod-ap21.hanacloud.ondemand.com',\n  port: '443',\n  driver: 'com.sap.db.jdbc.Driver',\n  url: 'jdbc:sap://7139a3f2-f85c-4b2f-aeb0-2db26a0a6bd7.hana.prod-ap21.hanacloud.ondemand.com:443?encrypt=true&validateCertificate=true&currentschema=C267CE7888044773AAA7C1B3CFC7C46E',\n  schema: 'C267CE7888044773AAA7C1B3CFC7C46E',\n  certificate: '...',\n  hdi_user: 'C267CE7888044773AAA7C1B3CFC7C46E_CVMXEJO6N50EXYFUMY54SI8SM_DT',\n  hdi_password: '...',\n  user: 'C267CE7888044773AAA7C1B3CFC7C46E_CVMXEJO6N50EXYFUMY54SI8SM_RT',\n  password: '...'\n}","type":"log"} (STDOUT, APP/PROC/WEB)#
#2026 05 17 17:45:39.422#Z#DEBUG#ce142cac-5217-11f1-9eb0-eeee0a904712.bookscapm-srv#flowable-async-job-executor-thread-1304#
[PollStartAppStatusExecution] ab51efbf-6a80-46f6-bcf2-75d28171c258 [2026-05-17T17:45:38.033965] {"level":"info","logger":"cds","timestamp":"2026-05-17T17:45:38.033Z","layer":"cds","component_type":"application","container_id":"10.32.3.5","component_id":"ab51efbf-6a80-46f6-bcf2-75d28171c258","component_name":"bookscapm-srv","component_instance":0,"source_instance":0,"organization_name":"53d2ceb3trial","organization_id":"2243168d-2a9f-490d-bf17-3322448edf8b","space_name":"dev","space_id":"da2f47c5-67bb-4739-9dbb-6384db716e72","msg":"using auth strategy { kind: 'jwt' }","type":"log"} (STDOUT, APP/PROC/WEB)#
#2026 05 17 17:45:39.422#Z#DEBUG#ce142cac-5217-11f1-9eb0-eeee0a904712.bookscapm-srv#flowable-async-job-executor-thread-1304#
[PollStartAppStatusExecution] ab51efbf-6a80-46f6-bcf2-75d28171c258 [2026-05-17T17:45:38.037492] node:internal/modules/cjs/loader:1421 (STDERR, APP/PROC/WEB)#
#2026 05 17 17:45:39.422#Z#DEBUG#ce142cac-5217-11f1-9eb0-eeee0a904712.bookscapm-srv#flowable-async-job-executor-thread-1304#
[PollStartAppStatusExecution] ab51efbf-6a80-46f6-bcf2-75d28171c258 [2026-05-17T17:45:38.037517] const err = new Error(message); (STDERR, APP/PROC/WEB)#
#2026 05 17 17:45:39.422#Z#DEBUG#ce142cac-5217-11f1-9eb0-eeee0a904712.bookscapm-srv#flowable-async-job-executor-thread-1304#
[PollStartAppStatusExecution] ab51efbf-6a80-46f6-bcf2-75d28171c258 [2026-05-17T17:45:38.037524] ^ (STDERR, APP/PROC/WEB)#
#2026 05 17 17:45:39.422#Z#DEBUG#ce142cac-5217-11f1-9eb0-eeee0a904712.bookscapm-srv#flowable-async-job-executor-thread-1304#
[PollStartAppStatusExecution] ab51efbf-6a80-46f6-bcf2-75d28171c258 [2026-05-17T17:45:38.037533] Error: Cannot find '@sap/xssec'. Make sure to install it with 'npm i @sap/xssec' (STDERR, APP/PROC/WEB)#
#2026 05 17 17:45:39.423#Z#DEBUG#ce142cac-5217-11f1-9eb0-eeee0a904712.bookscapm-srv#flowable-async-job-executor-thread-1304#
[PollStartAppStatusExecution] ab51efbf-6a80-46f6-bcf2-75d28171c258 [2026-05-17T17:45:38.037539] Cannot find module '@sap/xssec' (STDERR, APP/PROC/WEB)#
#2026 05 17 17:45:39.423#Z#DEBUG#ce142cac-5217-11f1-9eb0-eeee0a904712.bookscapm-srv#flowable-async-job-executor-thread-1304#
[PollStartAppStatusExecution] ab51efbf-6a80-46f6-bcf2-75d28171c258 [2026-05-17T17:45:38.037544] Require stack: (STDERR, APP/PROC/WEB)#
#2026 05 17 17:45:39.423#Z#DEBUG#ce142cac-5217-11f1-9eb0-eeee0a904712.bookscapm-srv#flowable-async-job-executor-thread-1304#
[PollStartAppStatusExecution] ab51efbf-6a80-46f6-bcf2-75d28171c258 [2026-05-17T17:45:38.037585] - /home/vcap/app/node_modules/@sap/cds/lib/srv/middlewares/auth/xssec.js (STDERR, APP/PROC/WEB)#
#2026 05 17 17:45:39.423#Z#DEBUG#ce142cac-5217-11f1-9eb0-eeee0a904712.bookscapm-srv#flowable-async-job-executor-thread-1304#
[PollStartAppStatusExecution] ab51efbf-6a80-46f6-bcf2-75d28171c258 [2026-05-17T17:45:38.037593] - /home/vcap/app/node_modules/@sap/cds/lib/srv/middlewares/auth/jwt-auth.js (STDERR, APP/PROC/WEB)#
#2026 05 17 17:45:39.423#Z#DEBUG#ce142cac-5217-11f1-9eb0-eeee0a904712.bookscapm-srv#flowable-async-job-executor-thread-1304#
[PollStartAppStatusExecution] ab51efbf-6a80-46f6-bcf2-75d28171c258 [2026-05-17T17:45:38.037601] - /home/vcap/app/node_modules/@sap/cds/lib/srv/middlewares/auth/index.js (STDERR, APP/PROC/WEB)#
#2026 05 17 17:45:39.423#Z#DEBUG#ce142cac-5217-11f1-9eb0-eeee0a904712.bookscapm-srv#flowable-async-job-executor-thread-1304#
[PollStartAppStatusExecution] ab51efbf-6a80-46f6-bcf2-75d28171c258 [2026-05-17T17:45:38.037607] - /home/vcap/app/node_modules/@sap/cds/lib/srv/middlewares/index.js (STDERR, APP/PROC/WEB)#
#2026 05 17 17:45:39.423#Z#DEBUG#ce142cac-5217-11f1-9eb0-eeee0a904712.bookscapm-srv#flowable-async-job-executor-thread-1304#
[PollStartAppStatusExecution] ab51efbf-6a80-46f6-bcf2-75d28171c258 [2026-05-17T17:45:38.037613] - /home/vcap/app/node_modules/@sap/cds/lib/index.js (STDERR, APP/PROC/WEB)#
#2026 05 17 17:45:39.423#Z#DEBUG#ce142cac-5217-11f1-9eb0-eeee0a904712.bookscapm-srv#flowable-async-job-executor-thread-1304#
[PollStartAppStatusExecution] ab51efbf-6a80-46f6-bcf2-75d28171c258 [2026-05-17T17:45:38.037619] - /home/vcap/app/node_modules/@sap/cds/bin/serve.js (STDERR, APP/PROC/WEB)#
#2026 05 17 17:45:39.423#Z#DEBUG#ce142cac-5217-11f1-9eb0-eeee0a904712.bookscapm-srv#flowable-async-job-executor-thread-1304#
[PollStartAppStatusExecution] ab51efbf-6a80-46f6-bcf2-75d28171c258 [2026-05-17T17:45:38.037624] at Module._resolveFilename (node:internal/modules/cjs/loader:1421:15) (STDERR, APP/PROC/WEB)#
#2026 05 17 17:45:39.423#Z#DEBUG#ce142cac-5217-11f1-9eb0-eeee0a904712.bookscapm-srv#flowable-async-job-executor-thread-1304#
[PollStartAppStatusExecution] ab51efbf-6a80-46f6-bcf2-75d28171c258 [2026-05-17T17:45:38.037629] at defaultResolveImpl (node:internal/modules/cjs/loader:1059:19) (STDERR, APP/PROC/WEB)#
#2026 05 17 17:45:39.423#Z#DEBUG#ce142cac-5217-11f1-9eb0-eeee0a904712.bookscapm-srv#flowable-async-job-executor-thread-1304#
[PollStartAppStatusExecution] ab51efbf-6a80-46f6-bcf2-75d28171c258 [2026-05-17T17:45:38.037635] at resolveForCJSWithHooks (node:internal/modules/cjs/loader:1064:22) (STDERR, APP/PROC/WEB)#
#2026 05 17 17:45:39.423#Z#DEBUG#ce142cac-5217-11f1-9eb0-eeee0a904712.bookscapm-srv#flowable-async-job-executor-thread-1304#
[PollStartAppStatusExecution] ab51efbf-6a80-46f6-bcf2-75d28171c258 [2026-05-17T17:45:38.037644] at Module._load (node:internal/modules/cjs/loader:1227:37) (STDERR, APP/PROC/WEB)#
#2026 05 17 17:45:39.423#Z#DEBUG#ce142cac-5217-11f1-9eb0-eeee0a904712.bookscapm-srv#flowable-async-job-executor-thread-1304#
[PollStartAppStatusExecution] ab51efbf-6a80-46f6-bcf2-75d28171c258 [2026-05-17T17:45:38.037651] at TracingChannel.traceSync (node:diagnostics_channel:328:14) (STDERR, APP/PROC/WEB)#
#2026 05 17 17:45:39.423#Z#DEBUG#ce142cac-5217-11f1-9eb0-eeee0a904712.bookscapm-srv#flowable-async-job-executor-thread-1304#
[PollStartAppStatusExecution] ab51efbf-6a80-46f6-bcf2-75d28171c258 [2026-05-17T17:45:38.037656] at wrapModuleLoad (node:internal/modules/cjs/loader:245:24) (STDERR, APP/PROC/WEB)#
#2026 05 17 17:45:39.423#Z#DEBUG#ce142cac-5217-11f1-9eb0-eeee0a904712.bookscapm-srv#flowable-async-job-executor-thread-1304#
[PollStartAppStatusExecution] ab51efbf-6a80-46f6-bcf2-75d28171c258 [2026-05-17T17:45:38.037661] at Module.require (node:internal/modules/cjs/loader:1504:12) (STDERR, APP/PROC/WEB)#
#2026 05 17 17:45:39.423#Z#DEBUG#ce142cac-5217-11f1-9eb0-eeee0a904712.bookscapm-srv#flowable-async-job-executor-thread-1304#
[PollStartAppStatusExecution] ab51efbf-6a80-46f6-bcf2-75d28171c258 [2026-05-17T17:45:38.037666] at require (node:internal/modules/helpers:152:16) (STDERR, APP/PROC/WEB)#
#2026 05 17 17:45:39.423#Z#DEBUG#ce142cac-5217-11f1-9eb0-eeee0a904712.bookscapm-srv#flowable-async-job-executor-thread-1304#
[PollStartAppStatusExecution] ab51efbf-6a80-46f6-bcf2-75d28171c258 [2026-05-17T17:45:38.037675] at Object.<anonymous> (/home/vcap/app/node_modules/@sap/cds/lib/srv/middlewares/auth/xssec.js:2:17) (STDERR, APP/PROC/WEB)#
#2026 05 17 17:45:39.423#Z#DEBUG#ce142cac-5217-11f1-9eb0-eeee0a904712.bookscapm-srv#flowable-async-job-executor-thread-1304#
[PollStartAppStatusExecution] ab51efbf-6a80-46f6-bcf2-75d28171c258 [2026-05-17T17:45:38.037681] at Module._compile (node:internal/modules/cjs/loader:1761:14) { (STDERR, APP/PROC/WEB)#
#2026 05 17 17:45:39.423#Z#DEBUG#ce142cac-5217-11f1-9eb0-eeee0a904712.bookscapm-srv#flowable-async-job-executor-thread-1304#
[PollStartAppStatusExecution] ab51efbf-6a80-46f6-bcf2-75d28171c258 [2026-05-17T17:45:38.037687] code: 'MODULE_NOT_FOUND', (STDERR, APP/PROC/WEB)#
#2026 05 17 17:45:39.423#Z#DEBUG#ce142cac-5217-11f1-9eb0-eeee0a904712.bookscapm-srv#flowable-async-job-executor-thread-1304#
[PollStartAppStatusExecution] ab51efbf-6a80-46f6-bcf2-75d28171c258 [2026-05-17T17:45:38.037696] requireStack: [ (STDERR, APP/PROC/WEB)#
#2026 05 17 17:45:39.423#Z#DEBUG#ce142cac-5217-11f1-9eb0-eeee0a904712.bookscapm-srv#flowable-async-job-executor-thread-1304#
[PollStartAppStatusExecution] ab51efbf-6a80-46f6-bcf2-75d28171c258 [2026-05-17T17:45:38.037701] '/home/vcap/app/node_modules/@sap/cds/lib/srv/middlewares/auth/xssec.js', (STDERR, APP/PROC/WEB)#
#2026 05 17 17:45:39.423#Z#DEBUG#ce142cac-5217-11f1-9eb0-eeee0a904712.bookscapm-srv#flowable-async-job-executor-thread-1304#
[PollStartAppStatusExecution] ab51efbf-6a80-46f6-bcf2-75d28171c258 [2026-05-17T17:45:38.037707] '/home/vcap/app/node_modules/@sap/cds/lib/srv/middlewares/auth/jwt-auth.js', (STDERR, APP/PROC/WEB)#
#2026 05 17 17:45:39.423#Z#DEBUG#ce142cac-5217-11f1-9eb0-eeee0a904712.bookscapm-srv#flowable-async-job-executor-thread-1304#
[PollStartAppStatusExecution] ab51efbf-6a80-46f6-bcf2-75d28171c258 [2026-05-17T17:45:38.037712] '/home/vcap/app/node_modules/@sap/cds/lib/srv/middlewares/auth/index.js', (STDERR, APP/PROC/WEB)#
#2026 05 17 17:45:39.423#Z#DEBUG#ce142cac-5217-11f1-9eb0-eeee0a904712.bookscapm-srv#flowable-async-job-executor-thread-1304#
[PollStartAppStatusExecution] ab51efbf-6a80-46f6-bcf2-75d28171c258 [2026-05-17T17:45:38.037716] '/home/vcap/app/node_modules/@sap/cds/lib/srv/middlewares/index.js', (STDERR, APP/PROC/WEB)#
#2026 05 17 17:45:39.423#Z#DEBUG#ce142cac-5217-11f1-9eb0-eeee0a904712.bookscapm-srv#flowable-async-job-executor-thread-1304#
[PollStartAppStatusExecution] ab51efbf-6a80-46f6-bcf2-75d28171c258 [2026-05-17T17:45:38.037721] '/home/vcap/app/node_modules/@sap/cds/lib/index.js', (STDERR, APP/PROC/WEB)#
#2026 05 17 17:45:39.423#Z#DEBUG#ce142cac-5217-11f1-9eb0-eeee0a904712.bookscapm-srv#flowable-async-job-executor-thread-1304#
[PollStartAppStatusExecution] ab51efbf-6a80-46f6-bcf2-75d28171c258 [2026-05-17T17:45:38.037726] '/home/vcap/app/node_modules/@sap/cds/bin/serve.js' (STDERR, APP/PROC/WEB)#
#2026 05 17 17:45:39.423#Z#DEBUG#ce142cac-5217-11f1-9eb0-eeee0a904712.bookscapm-srv#flowable-async-job-executor-thread-1304#
[PollStartAppStatusExecution] ab51efbf-6a80-46f6-bcf2-75d28171c258 [2026-05-17T17:45:38.037730] ] (STDERR, APP/PROC/WEB)#
#2026 05 17 17:45:39.423#Z#DEBUG#ce142cac-5217-11f1-9eb0-eeee0a904712.bookscapm-srv#flowable-async-job-executor-thread-1304#
[PollStartAppStatusExecution] ab51efbf-6a80-46f6-bcf2-75d28171c258 [2026-05-17T17:45:38.037735] } (STDERR, APP/PROC/WEB)#
#2026 05 17 17:45:39.423#Z#DEBUG#ce142cac-5217-11f1-9eb0-eeee0a904712.bookscapm-srv#flowable-async-job-executor-thread-1304#
[PollStartAppStatusExecution] ab51efbf-6a80-46f6-bcf2-75d28171c258 [2026-05-17T17:45:38.037740] Node.js v24.13.0 (STDERR, APP/PROC/WEB)#
#2026 05 17 17:45:39.423#Z#DEBUG#ce142cac-5217-11f1-9eb0-eeee0a904712.bookscapm-srv#flowable-async-job-executor-thread-1304#
[PollStartAppStatusExecution] ab51efbf-6a80-46f6-bcf2-75d28171c258 [2026-05-17T17:45:38.063162] npm notice (STDERR, APP/PROC/WEB)#
#2026 05 17 17:45:39.423#Z#DEBUG#ce142cac-5217-11f1-9eb0-eeee0a904712.bookscapm-srv#flowable-async-job-executor-thread-1304#
[PollStartAppStatusExecution] ab51efbf-6a80-46f6-bcf2-75d28171c258 [2026-05-17T17:45:38.063193] npm notice New minor version of npm available! 11.6.2 -> 11.14.1 (STDERR, APP/PROC/WEB)#
#2026 05 17 17:45:39.423#Z#DEBUG#ce142cac-5217-11f1-9eb0-eeee0a904712.bookscapm-srv#flowable-async-job-executor-thread-1304#
[PollStartAppStatusExecution] ab51efbf-6a80-46f6-bcf2-75d28171c258 [2026-05-17T17:45:38.063200] npm notice Changelog: https://github.com/npm/cli/releases/tag/v11.14.1 (STDERR, APP/PROC/WEB)#
#2026 05 17 17:45:39.423#Z#DEBUG#ce142cac-5217-11f1-9eb0-eeee0a904712.bookscapm-srv#flowable-async-job-executor-thread-1304#
[PollStartAppStatusExecution] ab51efbf-6a80-46f6-bcf2-75d28171c258 [2026-05-17T17:45:38.063205] npm notice To update run: npm install -g npm@11.14.1 (STDERR, APP/PROC/WEB)#
#2026 05 17 17:45:39.423#Z#DEBUG#ce142cac-5217-11f1-9eb0-eeee0a904712.bookscapm-srv#flowable-async-job-executor-thread-1304#
[PollStartAppStatusExecution] ab51efbf-6a80-46f6-bcf2-75d28171c258 [2026-05-17T17:45:38.063212] npm notice (STDERR, APP/PROC/WEB)#
#2026 05 17 17:45:39.423#Z#DEBUG#ce142cac-5217-11f1-9eb0-eeee0a904712.bookscapm-srv#flowable-async-job-executor-thread-1304#
[PollStartAppStatusExecution] ab51efbf-6a80-46f6-bcf2-75d28171c258 [2026-05-17T17:45:38.221746] Exit status 1 (STDOUT, APP/PROC/WEB)#
#2026 05 17 17:45:49.400#Z#DEBUG#ce142cac-5217-11f1-9eb0-eeee0a904712.bookscapm-srv#flowable-async-job-executor-thread-1306#
[PollStartAppStatusExecution] ab51efbf-6a80-46f6-bcf2-75d28171c258 [2026-05-17T17:45:44.635155] Cell 4401fcd0-006d-4ceb-9b51-aa22a1b186cf stopping instance 3a6e3ef0-e710-4c26-46be-cc9f (STDOUT, CELL)#
#2026 05 17 17:45:49.400#Z#DEBUG#ce142cac-5217-11f1-9eb0-eeee0a904712.bookscapm-srv#flowable-async-job-executor-thread-1306#
[PollStartAppStatusExecution] ab51efbf-6a80-46f6-bcf2-75d28171c258 [2026-05-17T17:45:44.635203] Cell 4401fcd0-006d-4ceb-9b51-aa22a1b186cf destroying container for instance 3a6e3ef0-e710-4c26-46be-cc9f (STDOUT, CELL)#
#2026 05 17 17:45:49.400#Z#DEBUG#ce142cac-5217-11f1-9eb0-eeee0a904712.bookscapm-srv#flowable-async-job-executor-thread-1306#
[PollStartAppStatusExecution] ab51efbf-6a80-46f6-bcf2-75d28171c258 [2026-05-17T17:45:44.641112] Process has crashed with type: "web" (STDOUT, API)#
#2026 05 17 17:45:49.400#Z#DEBUG#ce142cac-5217-11f1-9eb0-eeee0a904712.bookscapm-srv#flowable-async-job-executor-thread-1306#
[PollStartAppStatusExecution] ab51efbf-6a80-46f6-bcf2-75d28171c258 [2026-05-17T17:45:44.663876] App instance exited with guid ab51efbf-6a80-46f6-bcf2-75d28171c258 payload: {"instance"=>"3a6e3ef0-e710-4c26-46be-cc9f", "index"=>0, "cell_id"=>"4401fcd0-006d-4ceb-9b51-aa22a1b186cf", "reason"=>"CRASHED", "exit_description"=>"APP/PROC/WEB: Exited with status 1", "crash_count"=>2, "crash_timestamp"=>1779039944609819622, "version"=>"78ce9c2d-3ad3-471c-bf8f-f4c511a5248e"} (STDOUT, API)#
#2026 05 17 17:45:49.400#Z#DEBUG#ce142cac-5217-11f1-9eb0-eeee0a904712.bookscapm-srv#flowable-async-job-executor-thread-1306#
[PollStartAppStatusExecution] ab51efbf-6a80-46f6-bcf2-75d28171c258 [2026-05-17T17:45:44.693629] Cell 3697da87-6170-41a4-acb7-9186f1527dfa creating container for instance c045aa7a-6d95-45c9-437d-6a7e (STDOUT, CELL)#
#2026 05 17 17:45:49.400#Z#DEBUG#ce142cac-5217-11f1-9eb0-eeee0a904712.bookscapm-srv#flowable-async-job-executor-thread-1306#
[PollStartAppStatusExecution] ab51efbf-6a80-46f6-bcf2-75d28171c258 [2026-05-17T17:45:44.876704] Exit status 137 (STDOUT, PROXY)#
#2026 05 17 17:45:49.400#Z#DEBUG#ce142cac-5217-11f1-9eb0-eeee0a904712.bookscapm-srv#flowable-async-job-executor-thread-1306#
[PollStartAppStatusExecution] ab51efbf-6a80-46f6-bcf2-75d28171c258 [2026-05-17T17:45:45.435038] Security group rules were updated (STDOUT, CELL)#
#2026 05 17 17:45:49.400#Z#DEBUG#ce142cac-5217-11f1-9eb0-eeee0a904712.bookscapm-srv#flowable-async-job-executor-thread-1306#
[PollStartAppStatusExecution] ab51efbf-6a80-46f6-bcf2-75d28171c258 [2026-05-17T17:45:45.529411] Cell 3697da87-6170-41a4-acb7-9186f1527dfa successfully created container for instance c045aa7a-6d95-45c9-437d-6a7e (STDOUT, CELL)#
#2026 05 17 17:45:49.400#Z#DEBUG#ce142cac-5217-11f1-9eb0-eeee0a904712.bookscapm-srv#flowable-async-job-executor-thread-1306#
[PollStartAppStatusExecution] ab51efbf-6a80-46f6-bcf2-75d28171c258 [2026-05-17T17:45:47.372388] Downloading droplet... (STDOUT, CELL)#
#2026 05 17 17:45:49.400#Z#DEBUG#ce142cac-5217-11f1-9eb0-eeee0a904712.bookscapm-srv#flowable-async-job-executor-thread-1306#
[PollStartAppStatusExecution] ab51efbf-6a80-46f6-bcf2-75d28171c258 [2026-05-17T17:45:48.154849] Cell 4401fcd0-006d-4ceb-9b51-aa22a1b186cf successfully destroyed container for instance 3a6e3ef0-e710-4c26-46be-cc9f (STDOUT, CELL)#
#2026 05 17 17:45:59.469#Z#DEBUG#ce142cac-5217-11f1-9eb0-eeee0a904712.bookscapm-srv#flowable-async-job-executor-thread-1308#
[PollStartAppStatusExecution] ab51efbf-6a80-46f6-bcf2-75d28171c258 [2026-05-17T17:45:51.739085] Downloaded droplet (60.6M) (STDOUT, CELL)#
#2026 05 17 17:45:59.469#Z#DEBUG#ce142cac-5217-11f1-9eb0-eeee0a904712.bookscapm-srv#flowable-async-job-executor-thread-1308#
[PollStartAppStatusExecution] ab51efbf-6a80-46f6-bcf2-75d28171c258 [2026-05-17T17:45:51.739278] Starting health monitoring of container (STDOUT, CELL)#
#2026 05 17 17:45:59.469#Z#DEBUG#ce142cac-5217-11f1-9eb0-eeee0a904712.bookscapm-srv#flowable-async-job-executor-thread-1308#
[PollStartAppStatusExecution] ab51efbf-6a80-46f6-bcf2-75d28171c258 [2026-05-17T17:45:51.866239] Invoking pre-start scripts. (STDOUT, APP/PROC/WEB)#
#2026 05 17 17:45:59.469#Z#DEBUG#ce142cac-5217-11f1-9eb0-eeee0a904712.bookscapm-srv#flowable-async-job-executor-thread-1308#
[PollStartAppStatusExecution] ab51efbf-6a80-46f6-bcf2-75d28171c258 [2026-05-17T17:45:52.084175] Invoking start command. (STDOUT, APP/PROC/WEB)#
#2026 05 17 17:45:59.469#Z#DEBUG#ce142cac-5217-11f1-9eb0-eeee0a904712.bookscapm-srv#flowable-async-job-executor-thread-1308#
[PollStartAppStatusExecution] ab51efbf-6a80-46f6-bcf2-75d28171c258 [2026-05-17T17:45:52.550004] > bookscapm@1.0.0 start (STDOUT, APP/PROC/WEB)#
#2026 05 17 17:45:59.469#Z#DEBUG#ce142cac-5217-11f1-9eb0-eeee0a904712.bookscapm-srv#flowable-async-job-executor-thread-1308#
[PollStartAppStatusExecution] ab51efbf-6a80-46f6-bcf2-75d28171c258 [2026-05-17T17:45:52.550025] > cds-serve (STDOUT, APP/PROC/WEB)#
#2026 05 17 17:45:59.469#Z#DEBUG#ce142cac-5217-11f1-9eb0-eeee0a904712.bookscapm-srv#flowable-async-job-executor-thread-1308#
[PollStartAppStatusExecution] ab51efbf-6a80-46f6-bcf2-75d28171c258 [2026-05-17T17:45:52.830155] {"level":"info","logger":"cds","timestamp":"2026-05-17T17:45:52.828Z","layer":"cds","component_type":"application","container_id":"10.32.2.7","component_id":"ab51efbf-6a80-46f6-bcf2-75d28171c258","component_name":"bookscapm-srv","component_instance":0,"source_instance":0,"organization_name":"53d2ceb3trial","organization_id":"2243168d-2a9f-490d-bf17-3322448edf8b","space_name":"dev","space_id":"da2f47c5-67bb-4739-9dbb-6384db716e72","msg":"loaded model from 1 file(s):\n ","type":"log"} (STDOUT, APP/PROC/WEB)#
#2026 05 17 17:45:59.469#Z#DEBUG#ce142cac-5217-11f1-9eb0-eeee0a904712.bookscapm-srv#flowable-async-job-executor-thread-1308#
[PollStartAppStatusExecution] ab51efbf-6a80-46f6-bcf2-75d28171c258 [2026-05-17T17:45:52.830632] srv/csn.json (STDOUT, APP/PROC/WEB)#
#2026 05 17 17:45:59.469#Z#DEBUG#ce142cac-5217-11f1-9eb0-eeee0a904712.bookscapm-srv#flowable-async-job-executor-thread-1308#
[PollStartAppStatusExecution] ab51efbf-6a80-46f6-bcf2-75d28171c258 [2026-05-17T17:45:53.083642] {"level":"info","logger":"cds","timestamp":"2026-05-17T17:45:53.082Z","layer":"cds","component_type":"application","container_id":"10.32.2.7","component_id":"ab51efbf-6a80-46f6-bcf2-75d28171c258","component_name":"bookscapm-srv","component_instance":0,"source_instance":0,"organization_name":"53d2ceb3trial","organization_id":"2243168d-2a9f-490d-bf17-3322448edf8b","space_name":"dev","space_id":"da2f47c5-67bb-4739-9dbb-6384db716e72","msg":"connect to db > hana {\n  database_id: '7139a3f2-f85c-4b2f-aeb0-2db26a0a6bd7',\n  host: '7139a3f2-f85c-4b2f-aeb0-2db26a0a6bd7.hana.prod-ap21.hanacloud.ondemand.com',\n  port: '443',\n  driver: 'com.sap.db.jdbc.Driver',\n  url: 'jdbc:sap://7139a3f2-f85c-4b2f-aeb0-2db26a0a6bd7.hana.prod-ap21.hanacloud.ondemand.com:443?encrypt=true&validateCertificate=true&currentschema=C267CE7888044773AAA7C1B3CFC7C46E',\n  schema: 'C267CE7888044773AAA7C1B3CFC7C46E',\n  certificate: '...',\n  hdi_user: 'C267CE7888044773AAA7C1B3CFC7C46E_CVMXEJO6N50EXYFUMY54SI8SM_DT',\n  hdi_password: '...',\n  user: 'C267CE7888044773AAA7C1B3CFC7C46E_CVMXEJO6N50EXYFUMY54SI8SM_RT',\n  password: '...'\n}","type":"log"} (STDOUT, APP/PROC/WEB)#
#2026 05 17 17:45:59.469#Z#DEBUG#ce142cac-5217-11f1-9eb0-eeee0a904712.bookscapm-srv#flowable-async-job-executor-thread-1308#
[PollStartAppStatusExecution] ab51efbf-6a80-46f6-bcf2-75d28171c258 [2026-05-17T17:45:53.118441] {"level":"info","logger":"cds","timestamp":"2026-05-17T17:45:53.118Z","layer":"cds","component_type":"application","container_id":"10.32.2.7","component_id":"ab51efbf-6a80-46f6-bcf2-75d28171c258","component_name":"bookscapm-srv","component_instance":0,"source_instance":0,"organization_name":"53d2ceb3trial","organization_id":"2243168d-2a9f-490d-bf17-3322448edf8b","space_name":"dev","space_id":"da2f47c5-67bb-4739-9dbb-6384db716e72","msg":"using auth strategy { kind: 'jwt' }","type":"log"} (STDOUT, APP/PROC/WEB)#
#2026 05 17 17:45:59.469#Z#DEBUG#ce142cac-5217-11f1-9eb0-eeee0a904712.bookscapm-srv#flowable-async-job-executor-thread-1308#
[PollStartAppStatusExecution] ab51efbf-6a80-46f6-bcf2-75d28171c258 [2026-05-17T17:45:53.120388] node:internal/modules/cjs/loader:1421 (STDERR, APP/PROC/WEB)#
#2026 05 17 17:45:59.469#Z#DEBUG#ce142cac-5217-11f1-9eb0-eeee0a904712.bookscapm-srv#flowable-async-job-executor-thread-1308#
[PollStartAppStatusExecution] ab51efbf-6a80-46f6-bcf2-75d28171c258 [2026-05-17T17:45:53.120401] const err = new Error(message); (STDERR, APP/PROC/WEB)#
#2026 05 17 17:45:59.469#Z#DEBUG#ce142cac-5217-11f1-9eb0-eeee0a904712.bookscapm-srv#flowable-async-job-executor-thread-1308#
[PollStartAppStatusExecution] ab51efbf-6a80-46f6-bcf2-75d28171c258 [2026-05-17T17:45:53.120404] ^ (STDERR, APP/PROC/WEB)#
#2026 05 17 17:45:59.469#Z#DEBUG#ce142cac-5217-11f1-9eb0-eeee0a904712.bookscapm-srv#flowable-async-job-executor-thread-1308#
[PollStartAppStatusExecution] ab51efbf-6a80-46f6-bcf2-75d28171c258 [2026-05-17T17:45:53.120408] Error: Cannot find '@sap/xssec'. Make sure to install it with 'npm i @sap/xssec' (STDERR, APP/PROC/WEB)#
#2026 05 17 17:45:59.470#Z#DEBUG#ce142cac-5217-11f1-9eb0-eeee0a904712.bookscapm-srv#flowable-async-job-executor-thread-1308#
[PollStartAppStatusExecution] ab51efbf-6a80-46f6-bcf2-75d28171c258 [2026-05-17T17:45:53.120411] Cannot find module '@sap/xssec' (STDERR, APP/PROC/WEB)#
#2026 05 17 17:45:59.470#Z#DEBUG#ce142cac-5217-11f1-9eb0-eeee0a904712.bookscapm-srv#flowable-async-job-executor-thread-1308#
[PollStartAppStatusExecution] ab51efbf-6a80-46f6-bcf2-75d28171c258 [2026-05-17T17:45:53.120414] Require stack: (STDERR, APP/PROC/WEB)#
#2026 05 17 17:45:59.470#Z#DEBUG#ce142cac-5217-11f1-9eb0-eeee0a904712.bookscapm-srv#flowable-async-job-executor-thread-1308#
[PollStartAppStatusExecution] ab51efbf-6a80-46f6-bcf2-75d28171c258 [2026-05-17T17:45:53.120418] - /home/vcap/app/node_modules/@sap/cds/lib/srv/middlewares/auth/xssec.js (STDERR, APP/PROC/WEB)#
#2026 05 17 17:45:59.470#Z#DEBUG#ce142cac-5217-11f1-9eb0-eeee0a904712.bookscapm-srv#flowable-async-job-executor-thread-1308#
[PollStartAppStatusExecution] ab51efbf-6a80-46f6-bcf2-75d28171c258 [2026-05-17T17:45:53.120429] - /home/vcap/app/node_modules/@sap/cds/lib/srv/middlewares/auth/jwt-auth.js (STDERR, APP/PROC/WEB)#
#2026 05 17 17:45:59.470#Z#DEBUG#ce142cac-5217-11f1-9eb0-eeee0a904712.bookscapm-srv#flowable-async-job-executor-thread-1308#
[PollStartAppStatusExecution] ab51efbf-6a80-46f6-bcf2-75d28171c258 [2026-05-17T17:45:53.120432] - /home/vcap/app/node_modules/@sap/cds/lib/srv/middlewares/auth/index.js (STDERR, APP/PROC/WEB)#
#2026 05 17 17:45:59.470#Z#DEBUG#ce142cac-5217-11f1-9eb0-eeee0a904712.bookscapm-srv#flowable-async-job-executor-thread-1308#
[PollStartAppStatusExecution] ab51efbf-6a80-46f6-bcf2-75d28171c258 [2026-05-17T17:45:53.120435] - /home/vcap/app/node_modules/@sap/cds/lib/srv/middlewares/index.js (STDERR, APP/PROC/WEB)#
#2026 05 17 17:45:59.470#Z#DEBUG#ce142cac-5217-11f1-9eb0-eeee0a904712.bookscapm-srv#flowable-async-job-executor-thread-1308#
[PollStartAppStatusExecution] ab51efbf-6a80-46f6-bcf2-75d28171c258 [2026-05-17T17:45:53.120446] - /home/vcap/app/node_modules/@sap/cds/lib/index.js (STDERR, APP/PROC/WEB)#
#2026 05 17 17:45:59.470#Z#DEBUG#ce142cac-5217-11f1-9eb0-eeee0a904712.bookscapm-srv#flowable-async-job-executor-thread-1308#
[PollStartAppStatusExecution] ab51efbf-6a80-46f6-bcf2-75d28171c258 [2026-05-17T17:45:53.120449] - /home/vcap/app/node_modules/@sap/cds/bin/serve.js (STDERR, APP/PROC/WEB)#
#2026 05 17 17:45:59.470#Z#DEBUG#ce142cac-5217-11f1-9eb0-eeee0a904712.bookscapm-srv#flowable-async-job-executor-thread-1308#
[PollStartAppStatusExecution] ab51efbf-6a80-46f6-bcf2-75d28171c258 [2026-05-17T17:45:53.120452] at Module._resolveFilename (node:internal/modules/cjs/loader:1421:15) (STDERR, APP/PROC/WEB)#
#2026 05 17 17:45:59.470#Z#DEBUG#ce142cac-5217-11f1-9eb0-eeee0a904712.bookscapm-srv#flowable-async-job-executor-thread-1308#
[PollStartAppStatusExecution] ab51efbf-6a80-46f6-bcf2-75d28171c258 [2026-05-17T17:45:53.120455] at defaultResolveImpl (node:internal/modules/cjs/loader:1059:19) (STDERR, APP/PROC/WEB)#
#2026 05 17 17:45:59.470#Z#DEBUG#ce142cac-5217-11f1-9eb0-eeee0a904712.bookscapm-srv#flowable-async-job-executor-thread-1308#
[PollStartAppStatusExecution] ab51efbf-6a80-46f6-bcf2-75d28171c258 [2026-05-17T17:45:53.120462] at resolveForCJSWithHooks (node:internal/modules/cjs/loader:1064:22) (STDERR, APP/PROC/WEB)#
#2026 05 17 17:45:59.470#Z#DEBUG#ce142cac-5217-11f1-9eb0-eeee0a904712.bookscapm-srv#flowable-async-job-executor-thread-1308#
[PollStartAppStatusExecution] ab51efbf-6a80-46f6-bcf2-75d28171c258 [2026-05-17T17:45:53.120465] at Module._load (node:internal/modules/cjs/loader:1227:37) (STDERR, APP/PROC/WEB)#
#2026 05 17 17:45:59.470#Z#DEBUG#ce142cac-5217-11f1-9eb0-eeee0a904712.bookscapm-srv#flowable-async-job-executor-thread-1308#
[PollStartAppStatusExecution] ab51efbf-6a80-46f6-bcf2-75d28171c258 [2026-05-17T17:45:53.120468] at TracingChannel.traceSync (node:diagnostics_channel:328:14) (STDERR, APP/PROC/WEB)#
#2026 05 17 17:45:59.470#Z#DEBUG#ce142cac-5217-11f1-9eb0-eeee0a904712.bookscapm-srv#flowable-async-job-executor-thread-1308#
[PollStartAppStatusExecution] ab51efbf-6a80-46f6-bcf2-75d28171c258 [2026-05-17T17:45:53.120471] at wrapModuleLoad (node:internal/modules/cjs/loader:245:24) (STDERR, APP/PROC/WEB)#
#2026 05 17 17:45:59.470#Z#DEBUG#ce142cac-5217-11f1-9eb0-eeee0a904712.bookscapm-srv#flowable-async-job-executor-thread-1308#
[PollStartAppStatusExecution] ab51efbf-6a80-46f6-bcf2-75d28171c258 [2026-05-17T17:45:53.120473] at Module.require (node:internal/modules/cjs/loader:1504:12) (STDERR, APP/PROC/WEB)#
#2026 05 17 17:45:59.470#Z#DEBUG#ce142cac-5217-11f1-9eb0-eeee0a904712.bookscapm-srv#flowable-async-job-executor-thread-1308#
[PollStartAppStatusExecution] ab51efbf-6a80-46f6-bcf2-75d28171c258 [2026-05-17T17:45:53.120476] at require (node:internal/modules/helpers:152:16) (STDERR, APP/PROC/WEB)#
#2026 05 17 17:45:59.470#Z#DEBUG#ce142cac-5217-11f1-9eb0-eeee0a904712.bookscapm-srv#flowable-async-job-executor-thread-1308#
[PollStartAppStatusExecution] ab51efbf-6a80-46f6-bcf2-75d28171c258 [2026-05-17T17:45:53.120479] at Object.<anonymous> (/home/vcap/app/node_modules/@sap/cds/lib/srv/middlewares/auth/xssec.js:2:17) (STDERR, APP/PROC/WEB)#
#2026 05 17 17:45:59.470#Z#DEBUG#ce142cac-5217-11f1-9eb0-eeee0a904712.bookscapm-srv#flowable-async-job-executor-thread-1308#
[PollStartAppStatusExecution] ab51efbf-6a80-46f6-bcf2-75d28171c258 [2026-05-17T17:45:53.120485] at Module._compile (node:internal/modules/cjs/loader:1761:14) { (STDERR, APP/PROC/WEB)#
#2026 05 17 17:45:59.470#Z#DEBUG#ce142cac-5217-11f1-9eb0-eeee0a904712.bookscapm-srv#flowable-async-job-executor-thread-1308#
[PollStartAppStatusExecution] ab51efbf-6a80-46f6-bcf2-75d28171c258 [2026-05-17T17:45:53.120487] code: 'MODULE_NOT_FOUND', (STDERR, APP/PROC/WEB)#
#2026 05 17 17:45:59.470#Z#DEBUG#ce142cac-5217-11f1-9eb0-eeee0a904712.bookscapm-srv#flowable-async-job-executor-thread-1308#
[PollStartAppStatusExecution] ab51efbf-6a80-46f6-bcf2-75d28171c258 [2026-05-17T17:45:53.120491] requireStack: [ (STDERR, APP/PROC/WEB)#
#2026 05 17 17:45:59.470#Z#DEBUG#ce142cac-5217-11f1-9eb0-eeee0a904712.bookscapm-srv#flowable-async-job-executor-thread-1308#
[PollStartAppStatusExecution] ab51efbf-6a80-46f6-bcf2-75d28171c258 [2026-05-17T17:45:53.120494] '/home/vcap/app/node_modules/@sap/cds/lib/srv/middlewares/auth/xssec.js', (STDERR, APP/PROC/WEB)#
#2026 05 17 17:45:59.470#Z#DEBUG#ce142cac-5217-11f1-9eb0-eeee0a904712.bookscapm-srv#flowable-async-job-executor-thread-1308#
[PollStartAppStatusExecution] ab51efbf-6a80-46f6-bcf2-75d28171c258 [2026-05-17T17:45:53.120499] '/home/vcap/app/node_modules/@sap/cds/lib/srv/middlewares/auth/jwt-auth.js', (STDERR, APP/PROC/WEB)#
#2026 05 17 17:45:59.470#Z#DEBUG#ce142cac-5217-11f1-9eb0-eeee0a904712.bookscapm-srv#flowable-async-job-executor-thread-1308#
[PollStartAppStatusExecution] ab51efbf-6a80-46f6-bcf2-75d28171c258 [2026-05-17T17:45:53.120504] '/home/vcap/app/node_modules/@sap/cds/lib/srv/middlewares/auth/index.js', (STDERR, APP/PROC/WEB)#
#2026 05 17 17:45:59.470#Z#DEBUG#ce142cac-5217-11f1-9eb0-eeee0a904712.bookscapm-srv#flowable-async-job-executor-thread-1308#
[PollStartAppStatusExecution] ab51efbf-6a80-46f6-bcf2-75d28171c258 [2026-05-17T17:45:53.120507] '/home/vcap/app/node_modules/@sap/cds/lib/srv/middlewares/index.js', (STDERR, APP/PROC/WEB)#
#2026 05 17 17:45:59.470#Z#DEBUG#ce142cac-5217-11f1-9eb0-eeee0a904712.bookscapm-srv#flowable-async-job-executor-thread-1308#
[PollStartAppStatusExecution] ab51efbf-6a80-46f6-bcf2-75d28171c258 [2026-05-17T17:45:53.120514] '/home/vcap/app/node_modules/@sap/cds/lib/index.js', (STDERR, APP/PROC/WEB)#
#2026 05 17 17:45:59.470#Z#DEBUG#ce142cac-5217-11f1-9eb0-eeee0a904712.bookscapm-srv#flowable-async-job-executor-thread-1308#
[PollStartAppStatusExecution] ab51efbf-6a80-46f6-bcf2-75d28171c258 [2026-05-17T17:45:53.120517] '/home/vcap/app/node_modules/@sap/cds/bin/serve.js' (STDERR, APP/PROC/WEB)#
#2026 05 17 17:45:59.470#Z#DEBUG#ce142cac-5217-11f1-9eb0-eeee0a904712.bookscapm-srv#flowable-async-job-executor-thread-1308#
[PollStartAppStatusExecution] ab51efbf-6a80-46f6-bcf2-75d28171c258 [2026-05-17T17:45:53.120519] ] (STDERR, APP/PROC/WEB)#
#2026 05 17 17:45:59.470#Z#DEBUG#ce142cac-5217-11f1-9eb0-eeee0a904712.bookscapm-srv#flowable-async-job-executor-thread-1308#
[PollStartAppStatusExecution] ab51efbf-6a80-46f6-bcf2-75d28171c258 [2026-05-17T17:45:53.120522] } (STDERR, APP/PROC/WEB)#
#2026 05 17 17:45:59.470#Z#DEBUG#ce142cac-5217-11f1-9eb0-eeee0a904712.bookscapm-srv#flowable-async-job-executor-thread-1308#
[PollStartAppStatusExecution] ab51efbf-6a80-46f6-bcf2-75d28171c258 [2026-05-17T17:45:53.120537] Node.js v24.13.0 (STDERR, APP/PROC/WEB)#
#2026 05 17 17:45:59.470#Z#DEBUG#ce142cac-5217-11f1-9eb0-eeee0a904712.bookscapm-srv#flowable-async-job-executor-thread-1308#
[PollStartAppStatusExecution] ab51efbf-6a80-46f6-bcf2-75d28171c258 [2026-05-17T17:45:53.135232] npm notice (STDERR, APP/PROC/WEB)#
#2026 05 17 17:45:59.470#Z#DEBUG#ce142cac-5217-11f1-9eb0-eeee0a904712.bookscapm-srv#flowable-async-job-executor-thread-1308#
[PollStartAppStatusExecution] ab51efbf-6a80-46f6-bcf2-75d28171c258 [2026-05-17T17:45:53.135246] npm notice New minor version of npm available! 11.6.2 -> 11.14.1 (STDERR, APP/PROC/WEB)#
#2026 05 17 17:45:59.470#Z#DEBUG#ce142cac-5217-11f1-9eb0-eeee0a904712.bookscapm-srv#flowable-async-job-executor-thread-1308#
[PollStartAppStatusExecution] ab51efbf-6a80-46f6-bcf2-75d28171c258 [2026-05-17T17:45:53.135249] npm notice Changelog: https://github.com/npm/cli/releases/tag/v11.14.1 (STDERR, APP/PROC/WEB)#
#2026 05 17 17:45:59.470#Z#DEBUG#ce142cac-5217-11f1-9eb0-eeee0a904712.bookscapm-srv#flowable-async-job-executor-thread-1308#
[PollStartAppStatusExecution] ab51efbf-6a80-46f6-bcf2-75d28171c258 [2026-05-17T17:45:53.135254] npm notice To update run: npm install -g npm@11.14.1 (STDERR, APP/PROC/WEB)#
#2026 05 17 17:45:59.470#Z#DEBUG#ce142cac-5217-11f1-9eb0-eeee0a904712.bookscapm-srv#flowable-async-job-executor-thread-1308#
[PollStartAppStatusExecution] ab51efbf-6a80-46f6-bcf2-75d28171c258 [2026-05-17T17:45:53.135263] npm notice (STDERR, APP/PROC/WEB)#
#2026 05 17 17:45:59.470#Z#DEBUG#ce142cac-5217-11f1-9eb0-eeee0a904712.bookscapm-srv#flowable-async-job-executor-thread-1308#
[PollStartAppStatusExecution] ab51efbf-6a80-46f6-bcf2-75d28171c258 [2026-05-17T17:45:53.211759] Exit status 1 (STDOUT, APP/PROC/WEB)#
#2026 05 17 17:46:09.454#Z#DEBUG#ce142cac-5217-11f1-9eb0-eeee0a904712.bookscapm-srv#flowable-async-job-executor-thread-1310#
[PollStartAppStatusExecution] ab51efbf-6a80-46f6-bcf2-75d28171c258 [2026-05-17T17:46:00.934119] Cell 3697da87-6170-41a4-acb7-9186f1527dfa stopping instance c045aa7a-6d95-45c9-437d-6a7e (STDOUT, CELL)#
#2026 05 17 17:46:09.454#Z#DEBUG#ce142cac-5217-11f1-9eb0-eeee0a904712.bookscapm-srv#flowable-async-job-executor-thread-1310#
[PollStartAppStatusExecution] ab51efbf-6a80-46f6-bcf2-75d28171c258 [2026-05-17T17:46:00.934145] Cell 3697da87-6170-41a4-acb7-9186f1527dfa destroying container for instance c045aa7a-6d95-45c9-437d-6a7e (STDOUT, CELL)#
#2026 05 17 17:46:09.454#Z#DEBUG#ce142cac-5217-11f1-9eb0-eeee0a904712.bookscapm-srv#flowable-async-job-executor-thread-1310#
[PollStartAppStatusExecution] ab51efbf-6a80-46f6-bcf2-75d28171c258 [2026-05-17T17:46:00.956143] Process has crashed with type: "web" (STDOUT, API)#
#2026 05 17 17:46:09.454#Z#DEBUG#ce142cac-5217-11f1-9eb0-eeee0a904712.bookscapm-srv#flowable-async-job-executor-thread-1310#
[PollStartAppStatusExecution] ab51efbf-6a80-46f6-bcf2-75d28171c258 [2026-05-17T17:46:00.977886] App instance exited with guid ab51efbf-6a80-46f6-bcf2-75d28171c258 payload: {"instance"=>"c045aa7a-6d95-45c9-437d-6a7e", "index"=>0, "cell_id"=>"3697da87-6170-41a4-acb7-9186f1527dfa", "reason"=>"CRASHED", "exit_description"=>"APP/PROC/WEB: Exited with status 1", "crash_count"=>3, "crash_timestamp"=>1779039960928185249, "version"=>"78ce9c2d-3ad3-471c-bf8f-f4c511a5248e"} (STDOUT, API)#
#2026 05 17 17:46:09.454#Z#DEBUG#ce142cac-5217-11f1-9eb0-eeee0a904712.bookscapm-srv#flowable-async-job-executor-thread-1310#
[PollStartAppStatusExecution] ab51efbf-6a80-46f6-bcf2-75d28171c258 [2026-05-17T17:46:01.073544] Exit status 137 (STDOUT, PROXY)#
#2026 05 17 17:46:09.454#Z#DEBUG#ce142cac-5217-11f1-9eb0-eeee0a904712.bookscapm-srv#flowable-async-job-executor-thread-1310#
[PollStartAppStatusExecution] ab51efbf-6a80-46f6-bcf2-75d28171c258 [2026-05-17T17:46:03.485224] Cell 3697da87-6170-41a4-acb7-9186f1527dfa successfully destroyed container for instance c045aa7a-6d95-45c9-437d-6a7e (STDOUT, CELL)#
#2026 05 17 17:46:19.512#Z#DEBUG#ce142cac-5217-11f1-9eb0-eeee0a904712.bookscapm-srv#flowable-async-job-executor-thread-1313#
[PollStartAppStatusExecution] ab51efbf-6a80-46f6-bcf2-75d28171c258 [2026-05-17T17:46:00.934119] Cell 3697da87-6170-41a4-acb7-9186f1527dfa stopping instance c045aa7a-6d95-45c9-437d-6a7e (STDOUT, CELL)#
#2026 05 17 17:46:19.512#Z#DEBUG#ce142cac-5217-11f1-9eb0-eeee0a904712.bookscapm-srv#flowable-async-job-executor-thread-1313#
[PollStartAppStatusExecution] ab51efbf-6a80-46f6-bcf2-75d28171c258 [2026-05-17T17:46:00.934145] Cell 3697da87-6170-41a4-acb7-9186f1527dfa destroying container for instance c045aa7a-6d95-45c9-437d-6a7e (STDOUT, CELL)#
#2026 05 17 17:46:19.512#Z#DEBUG#ce142cac-5217-11f1-9eb0-eeee0a904712.bookscapm-srv#flowable-async-job-executor-thread-1313#
[PollStartAppStatusExecution] ab51efbf-6a80-46f6-bcf2-75d28171c258 [2026-05-17T17:46:00.956143] Process has crashed with type: "web" (STDOUT, API)#
#2026 05 17 17:46:19.512#Z#DEBUG#ce142cac-5217-11f1-9eb0-eeee0a904712.bookscapm-srv#flowable-async-job-executor-thread-1313#
[PollStartAppStatusExecution] ab51efbf-6a80-46f6-bcf2-75d28171c258 [2026-05-17T17:46:00.977886] App instance exited with guid ab51efbf-6a80-46f6-bcf2-75d28171c258 payload: {"instance"=>"c045aa7a-6d95-45c9-437d-6a7e", "index"=>0, "cell_id"=>"3697da87-6170-41a4-acb7-9186f1527dfa", "reason"=>"CRASHED", "exit_description"=>"APP/PROC/WEB: Exited with status 1", "crash_count"=>3, "crash_timestamp"=>1779039960928185249, "version"=>"78ce9c2d-3ad3-471c-bf8f-f4c511a5248e"} (STDOUT, API)#
#2026 05 17 17:46:19.512#Z#DEBUG#ce142cac-5217-11f1-9eb0-eeee0a904712.bookscapm-srv#flowable-async-job-executor-thread-1313#
[PollStartAppStatusExecution] ab51efbf-6a80-46f6-bcf2-75d28171c258 [2026-05-17T17:46:01.073544] Exit status 137 (STDOUT, PROXY)#
#2026 05 17 17:46:19.512#Z#DEBUG#ce142cac-5217-11f1-9eb0-eeee0a904712.bookscapm-srv#flowable-async-job-executor-thread-1313#
[PollStartAppStatusExecution] ab51efbf-6a80-46f6-bcf2-75d28171c258 [2026-05-17T17:46:03.485224] Cell 3697da87-6170-41a4-acb7-9186f1527dfa successfully destroyed container for instance c045aa7a-6d95-45c9-437d-6a7e (STDOUT, CELL)#
#2026 05 17 17:46:19.512#Z#DEBUG#ce142cac-5217-11f1-9eb0-eeee0a904712.bookscapm-srv#flowable-async-job-executor-thread-1313#
[PollStartAppStatusExecution] ab51efbf-6a80-46f6-bcf2-75d28171c258 [2026-05-17T17:46:11.352248] Stopping app with guid ab51efbf-6a80-46f6-bcf2-75d28171c258 (STDOUT, API)#
#2026 05 17 17:46:19.512#Z#DEBUG#ce142cac-5217-11f1-9eb0-eeee0a904712.bookscapm-srv#flowable-async-job-executor-thread-1313#
[PollStartAppStatusExecution] ab51efbf-6a80-46f6-bcf2-75d28171c258 [2026-05-17T17:46:11.564523] Starting app with guid ab51efbf-6a80-46f6-bcf2-75d28171c258 (STDOUT, API)#
#2026 05 17 17:46:19.512#Z#DEBUG#ce142cac-5217-11f1-9eb0-eeee0a904712.bookscapm-srv#flowable-async-job-executor-thread-1313#
[PollStartAppStatusExecution] ab51efbf-6a80-46f6-bcf2-75d28171c258 [2026-05-17T17:46:11.775156] Cell 4401fcd0-006d-4ceb-9b51-aa22a1b186cf creating container for instance a5d3e3e5-52da-465e-58dd-d7cf (STDOUT, CELL)#
#2026 05 17 17:46:19.512#Z#DEBUG#ce142cac-5217-11f1-9eb0-eeee0a904712.bookscapm-srv#flowable-async-job-executor-thread-1313#
[PollStartAppStatusExecution] ab51efbf-6a80-46f6-bcf2-75d28171c258 [2026-05-17T17:46:12.571075] Security group rules were updated (STDOUT, CELL)#
#2026 05 17 17:46:19.512#Z#DEBUG#ce142cac-5217-11f1-9eb0-eeee0a904712.bookscapm-srv#flowable-async-job-executor-thread-1313#
[PollStartAppStatusExecution] ab51efbf-6a80-46f6-bcf2-75d28171c258 [2026-05-17T17:46:12.688190] Cell 4401fcd0-006d-4ceb-9b51-aa22a1b186cf successfully created container for instance a5d3e3e5-52da-465e-58dd-d7cf (STDOUT, CELL)#
#2026 05 17 17:46:19.512#Z#DEBUG#ce142cac-5217-11f1-9eb0-eeee0a904712.bookscapm-srv#flowable-async-job-executor-thread-1313#
[PollStartAppStatusExecution] ab51efbf-6a80-46f6-bcf2-75d28171c258 [2026-05-17T17:46:12.980505] Downloading droplet... (STDOUT, CELL)#
#2026 05 17 17:46:29.525#Z#DEBUG#ce142cac-5217-11f1-9eb0-eeee0a904712.bookscapm-srv#flowable-async-job-executor-thread-1316#
[PollStartAppStatusExecution] ab51efbf-6a80-46f6-bcf2-75d28171c258 [2026-05-17T17:46:19.835097] Downloaded droplet (60.6M) (STDOUT, CELL)#
#2026 05 17 17:46:29.525#Z#DEBUG#ce142cac-5217-11f1-9eb0-eeee0a904712.bookscapm-srv#flowable-async-job-executor-thread-1316#
[PollStartAppStatusExecution] ab51efbf-6a80-46f6-bcf2-75d28171c258 [2026-05-17T17:46:19.835383] Starting health monitoring of container (STDOUT, CELL)#
#2026 05 17 17:46:29.525#Z#DEBUG#ce142cac-5217-11f1-9eb0-eeee0a904712.bookscapm-srv#flowable-async-job-executor-thread-1316#
[PollStartAppStatusExecution] ab51efbf-6a80-46f6-bcf2-75d28171c258 [2026-05-17T17:46:20.057257] Invoking pre-start scripts. (STDOUT, APP/PROC/WEB)#
#2026 05 17 17:46:29.525#Z#DEBUG#ce142cac-5217-11f1-9eb0-eeee0a904712.bookscapm-srv#flowable-async-job-executor-thread-1316#
[PollStartAppStatusExecution] ab51efbf-6a80-46f6-bcf2-75d28171c258 [2026-05-17T17:46:20.568145] Invoking start command. (STDOUT, APP/PROC/WEB)#
#2026 05 17 17:46:29.525#Z#DEBUG#ce142cac-5217-11f1-9eb0-eeee0a904712.bookscapm-srv#flowable-async-job-executor-thread-1316#
[PollStartAppStatusExecution] ab51efbf-6a80-46f6-bcf2-75d28171c258 [2026-05-17T17:46:21.370226] > bookscapm@1.0.0 start (STDOUT, APP/PROC/WEB)#
#2026 05 17 17:46:29.525#Z#DEBUG#ce142cac-5217-11f1-9eb0-eeee0a904712.bookscapm-srv#flowable-async-job-executor-thread-1316#
[PollStartAppStatusExecution] ab51efbf-6a80-46f6-bcf2-75d28171c258 [2026-05-17T17:46:21.370252] > cds-serve (STDOUT, APP/PROC/WEB)#
#2026 05 17 17:46:29.525#Z#DEBUG#ce142cac-5217-11f1-9eb0-eeee0a904712.bookscapm-srv#flowable-async-job-executor-thread-1316#
[PollStartAppStatusExecution] ab51efbf-6a80-46f6-bcf2-75d28171c258 [2026-05-17T17:46:21.851330] {"level":"info","logger":"cds","timestamp":"2026-05-17T17:46:21.849Z","layer":"cds","component_type":"application","container_id":"10.32.3.5","component_id":"ab51efbf-6a80-46f6-bcf2-75d28171c258","component_name":"bookscapm-srv","component_instance":0,"source_instance":0,"organization_name":"53d2ceb3trial","organization_id":"2243168d-2a9f-490d-bf17-3322448edf8b","space_name":"dev","space_id":"da2f47c5-67bb-4739-9dbb-6384db716e72","msg":"loaded model from 1 file(s):\n ","type":"log"} (STDOUT, APP/PROC/WEB)#
#2026 05 17 17:46:29.525#Z#DEBUG#ce142cac-5217-11f1-9eb0-eeee0a904712.bookscapm-srv#flowable-async-job-executor-thread-1316#
[PollStartAppStatusExecution] ab51efbf-6a80-46f6-bcf2-75d28171c258 [2026-05-17T17:46:21.852346] srv/csn.json (STDOUT, APP/PROC/WEB)#
#2026 05 17 17:46:29.525#Z#DEBUG#ce142cac-5217-11f1-9eb0-eeee0a904712.bookscapm-srv#flowable-async-job-executor-thread-1316#
[PollStartAppStatusExecution] ab51efbf-6a80-46f6-bcf2-75d28171c258 [2026-05-17T17:46:22.212721] {"level":"info","logger":"cds","timestamp":"2026-05-17T17:46:22.211Z","layer":"cds","component_type":"application","container_id":"10.32.3.5","component_id":"ab51efbf-6a80-46f6-bcf2-75d28171c258","component_name":"bookscapm-srv","component_instance":0,"source_instance":0,"organization_name":"53d2ceb3trial","organization_id":"2243168d-2a9f-490d-bf17-3322448edf8b","space_name":"dev","space_id":"da2f47c5-67bb-4739-9dbb-6384db716e72","msg":"connect to db > hana {\n  database_id: '7139a3f2-f85c-4b2f-aeb0-2db26a0a6bd7',\n  host: '7139a3f2-f85c-4b2f-aeb0-2db26a0a6bd7.hana.prod-ap21.hanacloud.ondemand.com',\n  port: '443',\n  driver: 'com.sap.db.jdbc.Driver',\n  url: 'jdbc:sap://7139a3f2-f85c-4b2f-aeb0-2db26a0a6bd7.hana.prod-ap21.hanacloud.ondemand.com:443?encrypt=true&validateCertificate=true&currentschema=C267CE7888044773AAA7C1B3CFC7C46E',\n  schema: 'C267CE7888044773AAA7C1B3CFC7C46E',\n  certificate: '...',\n  hdi_user: 'C267CE7888044773AAA7C1B3CFC7C46E_CVMXEJO6N50EXYFUMY54SI8SM_DT',\n  hdi_password: '...',\n  user: 'C267CE7888044773AAA7C1B3CFC7C46E_CVMXEJO6N50EXYFUMY54SI8SM_RT',\n  password: '...'\n}","type":"log"} (STDOUT, APP/PROC/WEB)#
#2026 05 17 17:46:29.525#Z#DEBUG#ce142cac-5217-11f1-9eb0-eeee0a904712.bookscapm-srv#flowable-async-job-executor-thread-1316#
[PollStartAppStatusExecution] ab51efbf-6a80-46f6-bcf2-75d28171c258 [2026-05-17T17:46:22.267646] {"level":"info","logger":"cds","timestamp":"2026-05-17T17:46:22.266Z","layer":"cds","component_type":"application","container_id":"10.32.3.5","component_id":"ab51efbf-6a80-46f6-bcf2-75d28171c258","component_name":"bookscapm-srv","component_instance":0,"source_instance":0,"organization_name":"53d2ceb3trial","organization_id":"2243168d-2a9f-490d-bf17-3322448edf8b","space_name":"dev","space_id":"da2f47c5-67bb-4739-9dbb-6384db716e72","msg":"using auth strategy { kind: 'jwt' }","type":"log"} (STDOUT, APP/PROC/WEB)#
#2026 05 17 17:46:29.525#Z#DEBUG#ce142cac-5217-11f1-9eb0-eeee0a904712.bookscapm-srv#flowable-async-job-executor-thread-1316#
[PollStartAppStatusExecution] ab51efbf-6a80-46f6-bcf2-75d28171c258 [2026-05-17T17:46:22.270618] node:internal/modules/cjs/loader:1421 (STDERR, APP/PROC/WEB)#
#2026 05 17 17:46:29.525#Z#DEBUG#ce142cac-5217-11f1-9eb0-eeee0a904712.bookscapm-srv#flowable-async-job-executor-thread-1316#
[PollStartAppStatusExecution] ab51efbf-6a80-46f6-bcf2-75d28171c258 [2026-05-17T17:46:22.270650] const err = new Error(message); (STDERR, APP/PROC/WEB)#
#2026 05 17 17:46:29.525#Z#DEBUG#ce142cac-5217-11f1-9eb0-eeee0a904712.bookscapm-srv#flowable-async-job-executor-thread-1316#
[PollStartAppStatusExecution] ab51efbf-6a80-46f6-bcf2-75d28171c258 [2026-05-17T17:46:22.270659] ^ (STDERR, APP/PROC/WEB)#
#2026 05 17 17:46:29.525#Z#DEBUG#ce142cac-5217-11f1-9eb0-eeee0a904712.bookscapm-srv#flowable-async-job-executor-thread-1316#
[PollStartAppStatusExecution] ab51efbf-6a80-46f6-bcf2-75d28171c258 [2026-05-17T17:46:22.270670] Error: Cannot find '@sap/xssec'. Make sure to install it with 'npm i @sap/xssec' (STDERR, APP/PROC/WEB)#
#2026 05 17 17:46:29.525#Z#DEBUG#ce142cac-5217-11f1-9eb0-eeee0a904712.bookscapm-srv#flowable-async-job-executor-thread-1316#
[PollStartAppStatusExecution] ab51efbf-6a80-46f6-bcf2-75d28171c258 [2026-05-17T17:46:22.270676] Cannot find module '@sap/xssec' (STDERR, APP/PROC/WEB)#
#2026 05 17 17:46:29.525#Z#DEBUG#ce142cac-5217-11f1-9eb0-eeee0a904712.bookscapm-srv#flowable-async-job-executor-thread-1316#
[PollStartAppStatusExecution] ab51efbf-6a80-46f6-bcf2-75d28171c258 [2026-05-17T17:46:22.270680] Require stack: (STDERR, APP/PROC/WEB)#
#2026 05 17 17:46:29.525#Z#DEBUG#ce142cac-5217-11f1-9eb0-eeee0a904712.bookscapm-srv#flowable-async-job-executor-thread-1316#
[PollStartAppStatusExecution] ab51efbf-6a80-46f6-bcf2-75d28171c258 [2026-05-17T17:46:22.270686] - /home/vcap/app/node_modules/@sap/cds/lib/srv/middlewares/auth/xssec.js (STDERR, APP/PROC/WEB)#
#2026 05 17 17:46:29.525#Z#DEBUG#ce142cac-5217-11f1-9eb0-eeee0a904712.bookscapm-srv#flowable-async-job-executor-thread-1316#
[PollStartAppStatusExecution] ab51efbf-6a80-46f6-bcf2-75d28171c258 [2026-05-17T17:46:22.270691] - /home/vcap/app/node_modules/@sap/cds/lib/srv/middlewares/auth/jwt-auth.js (STDERR, APP/PROC/WEB)#
#2026 05 17 17:46:29.525#Z#DEBUG#ce142cac-5217-11f1-9eb0-eeee0a904712.bookscapm-srv#flowable-async-job-executor-thread-1316#
[PollStartAppStatusExecution] ab51efbf-6a80-46f6-bcf2-75d28171c258 [2026-05-17T17:46:22.270698] - /home/vcap/app/node_modules/@sap/cds/lib/srv/middlewares/auth/index.js (STDERR, APP/PROC/WEB)#
#2026 05 17 17:46:29.525#Z#DEBUG#ce142cac-5217-11f1-9eb0-eeee0a904712.bookscapm-srv#flowable-async-job-executor-thread-1316#
[PollStartAppStatusExecution] ab51efbf-6a80-46f6-bcf2-75d28171c258 [2026-05-17T17:46:22.270703] - /home/vcap/app/node_modules/@sap/cds/lib/srv/middlewares/index.js (STDERR, APP/PROC/WEB)#
#2026 05 17 17:46:29.525#Z#DEBUG#ce142cac-5217-11f1-9eb0-eeee0a904712.bookscapm-srv#flowable-async-job-executor-thread-1316#
[PollStartAppStatusExecution] ab51efbf-6a80-46f6-bcf2-75d28171c258 [2026-05-17T17:46:22.270710] - /home/vcap/app/node_modules/@sap/cds/lib/index.js (STDERR, APP/PROC/WEB)#
#2026 05 17 17:46:29.525#Z#DEBUG#ce142cac-5217-11f1-9eb0-eeee0a904712.bookscapm-srv#flowable-async-job-executor-thread-1316#
[PollStartAppStatusExecution] ab51efbf-6a80-46f6-bcf2-75d28171c258 [2026-05-17T17:46:22.270716] - /home/vcap/app/node_modules/@sap/cds/bin/serve.js (STDERR, APP/PROC/WEB)#
#2026 05 17 17:46:29.525#Z#DEBUG#ce142cac-5217-11f1-9eb0-eeee0a904712.bookscapm-srv#flowable-async-job-executor-thread-1316#
[PollStartAppStatusExecution] ab51efbf-6a80-46f6-bcf2-75d28171c258 [2026-05-17T17:46:22.270721] at Module._resolveFilename (node:internal/modules/cjs/loader:1421:15) (STDERR, APP/PROC/WEB)#
#2026 05 17 17:46:29.525#Z#DEBUG#ce142cac-5217-11f1-9eb0-eeee0a904712.bookscapm-srv#flowable-async-job-executor-thread-1316#
[PollStartAppStatusExecution] ab51efbf-6a80-46f6-bcf2-75d28171c258 [2026-05-17T17:46:22.270726] at defaultResolveImpl (node:internal/modules/cjs/loader:1059:19) (STDERR, APP/PROC/WEB)#
#2026 05 17 17:46:29.525#Z#DEBUG#ce142cac-5217-11f1-9eb0-eeee0a904712.bookscapm-srv#flowable-async-job-executor-thread-1316#
[PollStartAppStatusExecution] ab51efbf-6a80-46f6-bcf2-75d28171c258 [2026-05-17T17:46:22.270732] at resolveForCJSWithHooks (node:internal/modules/cjs/loader:1064:22) (STDERR, APP/PROC/WEB)#
#2026 05 17 17:46:29.525#Z#DEBUG#ce142cac-5217-11f1-9eb0-eeee0a904712.bookscapm-srv#flowable-async-job-executor-thread-1316#
[PollStartAppStatusExecution] ab51efbf-6a80-46f6-bcf2-75d28171c258 [2026-05-17T17:46:22.270741] at Module._load (node:internal/modules/cjs/loader:1227:37) (STDERR, APP/PROC/WEB)#
#2026 05 17 17:46:29.525#Z#DEBUG#ce142cac-5217-11f1-9eb0-eeee0a904712.bookscapm-srv#flowable-async-job-executor-thread-1316#
[PollStartAppStatusExecution] ab51efbf-6a80-46f6-bcf2-75d28171c258 [2026-05-17T17:46:22.270745] at TracingChannel.traceSync (node:diagnostics_channel:328:14) (STDERR, APP/PROC/WEB)#
#2026 05 17 17:46:29.525#Z#DEBUG#ce142cac-5217-11f1-9eb0-eeee0a904712.bookscapm-srv#flowable-async-job-executor-thread-1316#
[PollStartAppStatusExecution] ab51efbf-6a80-46f6-bcf2-75d28171c258 [2026-05-17T17:46:22.270749] at wrapModuleLoad (node:internal/modules/cjs/loader:245:24) (STDERR, APP/PROC/WEB)#
#2026 05 17 17:46:29.525#Z#DEBUG#ce142cac-5217-11f1-9eb0-eeee0a904712.bookscapm-srv#flowable-async-job-executor-thread-1316#
[PollStartAppStatusExecution] ab51efbf-6a80-46f6-bcf2-75d28171c258 [2026-05-17T17:46:22.270756] at Module.require (node:internal/modules/cjs/loader:1504:12) (STDERR, APP/PROC/WEB)#
#2026 05 17 17:46:29.525#Z#DEBUG#ce142cac-5217-11f1-9eb0-eeee0a904712.bookscapm-srv#flowable-async-job-executor-thread-1316#
[PollStartAppStatusExecution] ab51efbf-6a80-46f6-bcf2-75d28171c258 [2026-05-17T17:46:22.270760] at require (node:internal/modules/helpers:152:16) (STDERR, APP/PROC/WEB)#
#2026 05 17 17:46:29.525#Z#DEBUG#ce142cac-5217-11f1-9eb0-eeee0a904712.bookscapm-srv#flowable-async-job-executor-thread-1316#
[PollStartAppStatusExecution] ab51efbf-6a80-46f6-bcf2-75d28171c258 [2026-05-17T17:46:22.270766] at Object.<anonymous> (/home/vcap/app/node_modules/@sap/cds/lib/srv/middlewares/auth/xssec.js:2:17) (STDERR, APP/PROC/WEB)#
#2026 05 17 17:46:29.525#Z#DEBUG#ce142cac-5217-11f1-9eb0-eeee0a904712.bookscapm-srv#flowable-async-job-executor-thread-1316#
[PollStartAppStatusExecution] ab51efbf-6a80-46f6-bcf2-75d28171c258 [2026-05-17T17:46:22.270770] at Module._compile (node:internal/modules/cjs/loader:1761:14) { (STDERR, APP/PROC/WEB)#
#2026 05 17 17:46:29.525#Z#DEBUG#ce142cac-5217-11f1-9eb0-eeee0a904712.bookscapm-srv#flowable-async-job-executor-thread-1316#
[PollStartAppStatusExecution] ab51efbf-6a80-46f6-bcf2-75d28171c258 [2026-05-17T17:46:22.270775] code: 'MODULE_NOT_FOUND', (STDERR, APP/PROC/WEB)#
#2026 05 17 17:46:29.525#Z#DEBUG#ce142cac-5217-11f1-9eb0-eeee0a904712.bookscapm-srv#flowable-async-job-executor-thread-1316#
[PollStartAppStatusExecution] ab51efbf-6a80-46f6-bcf2-75d28171c258 [2026-05-17T17:46:22.270781] requireStack: [ (STDERR, APP/PROC/WEB)#
#2026 05 17 17:46:29.525#Z#DEBUG#ce142cac-5217-11f1-9eb0-eeee0a904712.bookscapm-srv#flowable-async-job-executor-thread-1316#
[PollStartAppStatusExecution] ab51efbf-6a80-46f6-bcf2-75d28171c258 [2026-05-17T17:46:22.270786] '/home/vcap/app/node_modules/@sap/cds/lib/srv/middlewares/auth/xssec.js', (STDERR, APP/PROC/WEB)#
#2026 05 17 17:46:29.525#Z#DEBUG#ce142cac-5217-11f1-9eb0-eeee0a904712.bookscapm-srv#flowable-async-job-executor-thread-1316#
[PollStartAppStatusExecution] ab51efbf-6a80-46f6-bcf2-75d28171c258 [2026-05-17T17:46:22.270795] '/home/vcap/app/node_modules/@sap/cds/lib/srv/middlewares/auth/jwt-auth.js', (STDERR, APP/PROC/WEB)#
#2026 05 17 17:46:29.525#Z#DEBUG#ce142cac-5217-11f1-9eb0-eeee0a904712.bookscapm-srv#flowable-async-job-executor-thread-1316#
[PollStartAppStatusExecution] ab51efbf-6a80-46f6-bcf2-75d28171c258 [2026-05-17T17:46:22.270800] '/home/vcap/app/node_modules/@sap/cds/lib/srv/middlewares/auth/index.js', (STDERR, APP/PROC/WEB)#
#2026 05 17 17:46:29.525#Z#DEBUG#ce142cac-5217-11f1-9eb0-eeee0a904712.bookscapm-srv#flowable-async-job-executor-thread-1316#
[PollStartAppStatusExecution] ab51efbf-6a80-46f6-bcf2-75d28171c258 [2026-05-17T17:46:22.270805] '/home/vcap/app/node_modules/@sap/cds/lib/srv/middlewares/index.js', (STDERR, APP/PROC/WEB)#
#2026 05 17 17:46:29.525#Z#DEBUG#ce142cac-5217-11f1-9eb0-eeee0a904712.bookscapm-srv#flowable-async-job-executor-thread-1316#
[PollStartAppStatusExecution] ab51efbf-6a80-46f6-bcf2-75d28171c258 [2026-05-17T17:46:22.270814] '/home/vcap/app/node_modules/@sap/cds/lib/index.js', (STDERR, APP/PROC/WEB)#
#2026 05 17 17:46:29.525#Z#DEBUG#ce142cac-5217-11f1-9eb0-eeee0a904712.bookscapm-srv#flowable-async-job-executor-thread-1316#
[PollStartAppStatusExecution] ab51efbf-6a80-46f6-bcf2-75d28171c258 [2026-05-17T17:46:22.270819] '/home/vcap/app/node_modules/@sap/cds/bin/serve.js' (STDERR, APP/PROC/WEB)#
#2026 05 17 17:46:29.525#Z#DEBUG#ce142cac-5217-11f1-9eb0-eeee0a904712.bookscapm-srv#flowable-async-job-executor-thread-1316#
[PollStartAppStatusExecution] ab51efbf-6a80-46f6-bcf2-75d28171c258 [2026-05-17T17:46:22.270824] ] (STDERR, APP/PROC/WEB)#
#2026 05 17 17:46:29.525#Z#DEBUG#ce142cac-5217-11f1-9eb0-eeee0a904712.bookscapm-srv#flowable-async-job-executor-thread-1316#
[PollStartAppStatusExecution] ab51efbf-6a80-46f6-bcf2-75d28171c258 [2026-05-17T17:46:22.270829] } (STDERR, APP/PROC/WEB)#
#2026 05 17 17:46:29.525#Z#DEBUG#ce142cac-5217-11f1-9eb0-eeee0a904712.bookscapm-srv#flowable-async-job-executor-thread-1316#
[PollStartAppStatusExecution] ab51efbf-6a80-46f6-bcf2-75d28171c258 [2026-05-17T17:46:22.270835] Node.js v24.13.0 (STDERR, APP/PROC/WEB)#
#2026 05 17 17:46:29.525#Z#DEBUG#ce142cac-5217-11f1-9eb0-eeee0a904712.bookscapm-srv#flowable-async-job-executor-thread-1316#
[PollStartAppStatusExecution] ab51efbf-6a80-46f6-bcf2-75d28171c258 [2026-05-17T17:46:22.297716] npm notice (STDERR, APP/PROC/WEB)#
#2026 05 17 17:46:29.525#Z#DEBUG#ce142cac-5217-11f1-9eb0-eeee0a904712.bookscapm-srv#flowable-async-job-executor-thread-1316#
[PollStartAppStatusExecution] ab51efbf-6a80-46f6-bcf2-75d28171c258 [2026-05-17T17:46:22.297762] npm notice New minor version of npm available! 11.6.2 -> 11.14.1 (STDERR, APP/PROC/WEB)#
#2026 05 17 17:46:29.525#Z#DEBUG#ce142cac-5217-11f1-9eb0-eeee0a904712.bookscapm-srv#flowable-async-job-executor-thread-1316#
[PollStartAppStatusExecution] ab51efbf-6a80-46f6-bcf2-75d28171c258 [2026-05-17T17:46:22.297774] npm notice Changelog: https://github.com/npm/cli/releases/tag/v11.14.1 (STDERR, APP/PROC/WEB)#
#2026 05 17 17:46:29.525#Z#DEBUG#ce142cac-5217-11f1-9eb0-eeee0a904712.bookscapm-srv#flowable-async-job-executor-thread-1316#
[PollStartAppStatusExecution] ab51efbf-6a80-46f6-bcf2-75d28171c258 [2026-05-17T17:46:22.297781] npm notice To update run: npm install -g npm@11.14.1 (STDERR, APP/PROC/WEB)#
#2026 05 17 17:46:29.525#Z#DEBUG#ce142cac-5217-11f1-9eb0-eeee0a904712.bookscapm-srv#flowable-async-job-executor-thread-1316#
[PollStartAppStatusExecution] ab51efbf-6a80-46f6-bcf2-75d28171c258 [2026-05-17T17:46:22.297792] npm notice (STDERR, APP/PROC/WEB)#
#2026 05 17 17:46:29.525#Z#DEBUG#ce142cac-5217-11f1-9eb0-eeee0a904712.bookscapm-srv#flowable-async-job-executor-thread-1316#
[PollStartAppStatusExecution] ab51efbf-6a80-46f6-bcf2-75d28171c258 [2026-05-17T17:46:22.471097] Exit status 1 (STDOUT, APP/PROC/WEB)#
#2026 05 17 17:46:39.551#Z#DEBUG#ce142cac-5217-11f1-9eb0-eeee0a904712.bookscapm-srv#flowable-async-job-executor-thread-1323#
[PollStartAppStatusExecution] ab51efbf-6a80-46f6-bcf2-75d28171c258 [2026-05-17T17:46:29.870167] Cell 4401fcd0-006d-4ceb-9b51-aa22a1b186cf stopping instance a5d3e3e5-52da-465e-58dd-d7cf (STDOUT, CELL)#
#2026 05 17 17:46:39.551#Z#DEBUG#ce142cac-5217-11f1-9eb0-eeee0a904712.bookscapm-srv#flowable-async-job-executor-thread-1323#
[PollStartAppStatusExecution] ab51efbf-6a80-46f6-bcf2-75d28171c258 [2026-05-17T17:46:29.870235] Cell 4401fcd0-006d-4ceb-9b51-aa22a1b186cf destroying container for instance a5d3e3e5-52da-465e-58dd-d7cf (STDOUT, CELL)#
#2026 05 17 17:46:39.551#Z#DEBUG#ce142cac-5217-11f1-9eb0-eeee0a904712.bookscapm-srv#flowable-async-job-executor-thread-1323#
[PollStartAppStatusExecution] ab51efbf-6a80-46f6-bcf2-75d28171c258 [2026-05-17T17:46:29.874238] Process has crashed with type: "web" (STDOUT, API)#
#2026 05 17 17:46:39.551#Z#DEBUG#ce142cac-5217-11f1-9eb0-eeee0a904712.bookscapm-srv#flowable-async-job-executor-thread-1323#
[PollStartAppStatusExecution] ab51efbf-6a80-46f6-bcf2-75d28171c258 [2026-05-17T17:46:29.894124] App instance exited with guid ab51efbf-6a80-46f6-bcf2-75d28171c258 payload: {"instance"=>"a5d3e3e5-52da-465e-58dd-d7cf", "index"=>0, "cell_id"=>"4401fcd0-006d-4ceb-9b51-aa22a1b186cf", "reason"=>"CRASHED", "exit_description"=>"APP/PROC/WEB: Exited with status 1", "crash_count"=>1, "crash_timestamp"=>1779039989848439605, "version"=>"6569b5a8-0de6-45a8-980d-46cc6dfacbc9"} (STDOUT, API)#
#2026 05 17 17:46:39.551#Z#DEBUG#ce142cac-5217-11f1-9eb0-eeee0a904712.bookscapm-srv#flowable-async-job-executor-thread-1323#
[PollStartAppStatusExecution] ab51efbf-6a80-46f6-bcf2-75d28171c258 [2026-05-17T17:46:29.941124] Cell 3697da87-6170-41a4-acb7-9186f1527dfa creating container for instance 0dbc01a9-43d1-4211-4aa2-3050 (STDOUT, CELL)#
#2026 05 17 17:46:39.551#Z#DEBUG#ce142cac-5217-11f1-9eb0-eeee0a904712.bookscapm-srv#flowable-async-job-executor-thread-1323#
[PollStartAppStatusExecution] ab51efbf-6a80-46f6-bcf2-75d28171c258 [2026-05-17T17:46:30.094555] Exit status 137 (STDOUT, PROXY)#
#2026 05 17 17:46:39.551#Z#DEBUG#ce142cac-5217-11f1-9eb0-eeee0a904712.bookscapm-srv#flowable-async-job-executor-thread-1323#
[PollStartAppStatusExecution] ab51efbf-6a80-46f6-bcf2-75d28171c258 [2026-05-17T17:46:30.574939] Security group rules were updated (STDOUT, CELL)#
#2026 05 17 17:46:39.551#Z#DEBUG#ce142cac-5217-11f1-9eb0-eeee0a904712.bookscapm-srv#flowable-async-job-executor-thread-1323#
[PollStartAppStatusExecution] ab51efbf-6a80-46f6-bcf2-75d28171c258 [2026-05-17T17:46:30.698618] Cell 3697da87-6170-41a4-acb7-9186f1527dfa successfully created container for instance 0dbc01a9-43d1-4211-4aa2-3050 (STDOUT, CELL)#
#2026 05 17 17:46:39.551#Z#DEBUG#ce142cac-5217-11f1-9eb0-eeee0a904712.bookscapm-srv#flowable-async-job-executor-thread-1323#
[PollStartAppStatusExecution] ab51efbf-6a80-46f6-bcf2-75d28171c258 [2026-05-17T17:46:31.595718] Downloading droplet... (STDOUT, CELL)#
#2026 05 17 17:46:39.551#Z#DEBUG#ce142cac-5217-11f1-9eb0-eeee0a904712.bookscapm-srv#flowable-async-job-executor-thread-1323#
[PollStartAppStatusExecution] ab51efbf-6a80-46f6-bcf2-75d28171c258 [2026-05-17T17:46:33.445094] Cell 4401fcd0-006d-4ceb-9b51-aa22a1b186cf successfully destroyed container for instance a5d3e3e5-52da-465e-58dd-d7cf (STDOUT, CELL)#
#2026 05 17 17:46:39.551#Z#DEBUG#ce142cac-5217-11f1-9eb0-eeee0a904712.bookscapm-srv#flowable-async-job-executor-thread-1323#
[PollStartAppStatusExecution] ab51efbf-6a80-46f6-bcf2-75d28171c258 [2026-05-17T17:46:36.207409] Downloaded droplet (60.6M) (STDOUT, CELL)#
#2026 05 17 17:46:39.551#Z#DEBUG#ce142cac-5217-11f1-9eb0-eeee0a904712.bookscapm-srv#flowable-async-job-executor-thread-1323#
[PollStartAppStatusExecution] ab51efbf-6a80-46f6-bcf2-75d28171c258 [2026-05-17T17:46:36.207600] Starting health monitoring of container (STDOUT, CELL)#
#2026 05 17 17:46:39.551#Z#DEBUG#ce142cac-5217-11f1-9eb0-eeee0a904712.bookscapm-srv#flowable-async-job-executor-thread-1323#
[PollStartAppStatusExecution] ab51efbf-6a80-46f6-bcf2-75d28171c258 [2026-05-17T17:46:36.316365] Invoking pre-start scripts. (STDOUT, APP/PROC/WEB)#
#2026 05 17 17:46:39.551#Z#DEBUG#ce142cac-5217-11f1-9eb0-eeee0a904712.bookscapm-srv#flowable-async-job-executor-thread-1323#
[PollStartAppStatusExecution] ab51efbf-6a80-46f6-bcf2-75d28171c258 [2026-05-17T17:46:36.541315] Invoking start command. (STDOUT, APP/PROC/WEB)#
#2026 05 17 17:46:39.551#Z#DEBUG#ce142cac-5217-11f1-9eb0-eeee0a904712.bookscapm-srv#flowable-async-job-executor-thread-1323#
[PollStartAppStatusExecution] ab51efbf-6a80-46f6-bcf2-75d28171c258 [2026-05-17T17:46:37.006570] > bookscapm@1.0.0 start (STDOUT, APP/PROC/WEB)#
#2026 05 17 17:46:39.551#Z#DEBUG#ce142cac-5217-11f1-9eb0-eeee0a904712.bookscapm-srv#flowable-async-job-executor-thread-1323#
[PollStartAppStatusExecution] ab51efbf-6a80-46f6-bcf2-75d28171c258 [2026-05-17T17:46:37.006584] > cds-serve (STDOUT, APP/PROC/WEB)#
#2026 05 17 17:46:39.551#Z#DEBUG#ce142cac-5217-11f1-9eb0-eeee0a904712.bookscapm-srv#flowable-async-job-executor-thread-1323#
[PollStartAppStatusExecution] ab51efbf-6a80-46f6-bcf2-75d28171c258 [2026-05-17T17:46:37.292295] {"level":"info","logger":"cds","timestamp":"2026-05-17T17:46:37.290Z","layer":"cds","component_type":"application","container_id":"10.32.2.7","component_id":"ab51efbf-6a80-46f6-bcf2-75d28171c258","component_name":"bookscapm-srv","component_instance":0,"source_instance":0,"organization_name":"53d2ceb3trial","organization_id":"2243168d-2a9f-490d-bf17-3322448edf8b","space_name":"dev","space_id":"da2f47c5-67bb-4739-9dbb-6384db716e72","msg":"loaded model from 1 file(s):\n ","type":"log"} (STDOUT, APP/PROC/WEB)#
#2026 05 17 17:46:39.551#Z#DEBUG#ce142cac-5217-11f1-9eb0-eeee0a904712.bookscapm-srv#flowable-async-job-executor-thread-1323#
[PollStartAppStatusExecution] ab51efbf-6a80-46f6-bcf2-75d28171c258 [2026-05-17T17:46:37.292819] srv/csn.json (STDOUT, APP/PROC/WEB)#
#2026 05 17 17:46:39.551#Z#DEBUG#ce142cac-5217-11f1-9eb0-eeee0a904712.bookscapm-srv#flowable-async-job-executor-thread-1323#
[PollStartAppStatusExecution] ab51efbf-6a80-46f6-bcf2-75d28171c258 [2026-05-17T17:46:37.505553] {"level":"info","logger":"cds","timestamp":"2026-05-17T17:46:37.504Z","layer":"cds","component_type":"application","container_id":"10.32.2.7","component_id":"ab51efbf-6a80-46f6-bcf2-75d28171c258","component_name":"bookscapm-srv","component_instance":0,"source_instance":0,"organization_name":"53d2ceb3trial","organization_id":"2243168d-2a9f-490d-bf17-3322448edf8b","space_name":"dev","space_id":"da2f47c5-67bb-4739-9dbb-6384db716e72","msg":"connect to db > hana {\n  database_id: '7139a3f2-f85c-4b2f-aeb0-2db26a0a6bd7',\n  host: '7139a3f2-f85c-4b2f-aeb0-2db26a0a6bd7.hana.prod-ap21.hanacloud.ondemand.com',\n  port: '443',\n  driver: 'com.sap.db.jdbc.Driver',\n  url: 'jdbc:sap://7139a3f2-f85c-4b2f-aeb0-2db26a0a6bd7.hana.prod-ap21.hanacloud.ondemand.com:443?encrypt=true&validateCertificate=true&currentschema=C267CE7888044773AAA7C1B3CFC7C46E',\n  schema: 'C267CE7888044773AAA7C1B3CFC7C46E',\n  certificate: '...',\n  hdi_user: 'C267CE7888044773AAA7C1B3CFC7C46E_CVMXEJO6N50EXYFUMY54SI8SM_DT',\n  hdi_password: '...',\n  user: 'C267CE7888044773AAA7C1B3CFC7C46E_CVMXEJO6N50EXYFUMY54SI8SM_RT',\n  password: '...'\n}","type":"log"} (STDOUT, APP/PROC/WEB)#
#2026 05 17 17:46:39.551#Z#DEBUG#ce142cac-5217-11f1-9eb0-eeee0a904712.bookscapm-srv#flowable-async-job-executor-thread-1323#
[PollStartAppStatusExecution] ab51efbf-6a80-46f6-bcf2-75d28171c258 [2026-05-17T17:46:37.538723] {"level":"info","logger":"cds","timestamp":"2026-05-17T17:46:37.538Z","layer":"cds","component_type":"application","container_id":"10.32.2.7","component_id":"ab51efbf-6a80-46f6-bcf2-75d28171c258","component_name":"bookscapm-srv","component_instance":0,"source_instance":0,"organization_name":"53d2ceb3trial","organization_id":"2243168d-2a9f-490d-bf17-3322448edf8b","space_name":"dev","space_id":"da2f47c5-67bb-4739-9dbb-6384db716e72","msg":"using auth strategy { kind: 'jwt' }","type":"log"} (STDOUT, APP/PROC/WEB)#
#2026 05 17 17:46:39.551#Z#DEBUG#ce142cac-5217-11f1-9eb0-eeee0a904712.bookscapm-srv#flowable-async-job-executor-thread-1323#
[PollStartAppStatusExecution] ab51efbf-6a80-46f6-bcf2-75d28171c258 [2026-05-17T17:46:37.540563] node:internal/modules/cjs/loader:1421 (STDERR, APP/PROC/WEB)#
#2026 05 17 17:46:39.551#Z#DEBUG#ce142cac-5217-11f1-9eb0-eeee0a904712.bookscapm-srv#flowable-async-job-executor-thread-1323#
[PollStartAppStatusExecution] ab51efbf-6a80-46f6-bcf2-75d28171c258 [2026-05-17T17:46:37.540576] const err = new Error(message); (STDERR, APP/PROC/WEB)#
#2026 05 17 17:46:39.551#Z#DEBUG#ce142cac-5217-11f1-9eb0-eeee0a904712.bookscapm-srv#flowable-async-job-executor-thread-1323#
[PollStartAppStatusExecution] ab51efbf-6a80-46f6-bcf2-75d28171c258 [2026-05-17T17:46:37.540579] ^ (STDERR, APP/PROC/WEB)#
#2026 05 17 17:46:39.551#Z#DEBUG#ce142cac-5217-11f1-9eb0-eeee0a904712.bookscapm-srv#flowable-async-job-executor-thread-1323#
[PollStartAppStatusExecution] ab51efbf-6a80-46f6-bcf2-75d28171c258 [2026-05-17T17:46:37.540585] Error: Cannot find '@sap/xssec'. Make sure to install it with 'npm i @sap/xssec' (STDERR, APP/PROC/WEB)#
#2026 05 17 17:46:39.551#Z#DEBUG#ce142cac-5217-11f1-9eb0-eeee0a904712.bookscapm-srv#flowable-async-job-executor-thread-1323#
[PollStartAppStatusExecution] ab51efbf-6a80-46f6-bcf2-75d28171c258 [2026-05-17T17:46:37.540591] Cannot find module '@sap/xssec' (STDERR, APP/PROC/WEB)#
#2026 05 17 17:46:39.551#Z#DEBUG#ce142cac-5217-11f1-9eb0-eeee0a904712.bookscapm-srv#flowable-async-job-executor-thread-1323#
[PollStartAppStatusExecution] ab51efbf-6a80-46f6-bcf2-75d28171c258 [2026-05-17T17:46:37.540594] Require stack: (STDERR, APP/PROC/WEB)#
#2026 05 17 17:46:39.551#Z#DEBUG#ce142cac-5217-11f1-9eb0-eeee0a904712.bookscapm-srv#flowable-async-job-executor-thread-1323#
[PollStartAppStatusExecution] ab51efbf-6a80-46f6-bcf2-75d28171c258 [2026-05-17T17:46:37.540597] - /home/vcap/app/node_modules/@sap/cds/lib/srv/middlewares/auth/xssec.js (STDERR, APP/PROC/WEB)#
#2026 05 17 17:46:39.551#Z#DEBUG#ce142cac-5217-11f1-9eb0-eeee0a904712.bookscapm-srv#flowable-async-job-executor-thread-1323#
[PollStartAppStatusExecution] ab51efbf-6a80-46f6-bcf2-75d28171c258 [2026-05-17T17:46:37.540600] - /home/vcap/app/node_modules/@sap/cds/lib/srv/middlewares/auth/jwt-auth.js (STDERR, APP/PROC/WEB)#
#2026 05 17 17:46:39.551#Z#DEBUG#ce142cac-5217-11f1-9eb0-eeee0a904712.bookscapm-srv#flowable-async-job-executor-thread-1323#
[PollStartAppStatusExecution] ab51efbf-6a80-46f6-bcf2-75d28171c258 [2026-05-17T17:46:37.540604] - /home/vcap/app/node_modules/@sap/cds/lib/srv/middlewares/auth/index.js (STDERR, APP/PROC/WEB)#
#2026 05 17 17:46:39.551#Z#DEBUG#ce142cac-5217-11f1-9eb0-eeee0a904712.bookscapm-srv#flowable-async-job-executor-thread-1323#
[PollStartAppStatusExecution] ab51efbf-6a80-46f6-bcf2-75d28171c258 [2026-05-17T17:46:37.540609] - /home/vcap/app/node_modules/@sap/cds/lib/srv/middlewares/index.js (STDERR, APP/PROC/WEB)#
#2026 05 17 17:46:39.551#Z#DEBUG#ce142cac-5217-11f1-9eb0-eeee0a904712.bookscapm-srv#flowable-async-job-executor-thread-1323#
[PollStartAppStatusExecution] ab51efbf-6a80-46f6-bcf2-75d28171c258 [2026-05-17T17:46:37.540612] - /home/vcap/app/node_modules/@sap/cds/lib/index.js (STDERR, APP/PROC/WEB)#
#2026 05 17 17:46:39.551#Z#DEBUG#ce142cac-5217-11f1-9eb0-eeee0a904712.bookscapm-srv#flowable-async-job-executor-thread-1323#
[PollStartAppStatusExecution] ab51efbf-6a80-46f6-bcf2-75d28171c258 [2026-05-17T17:46:37.540615] - /home/vcap/app/node_modules/@sap/cds/bin/serve.js (STDERR, APP/PROC/WEB)#
#2026 05 17 17:46:39.551#Z#DEBUG#ce142cac-5217-11f1-9eb0-eeee0a904712.bookscapm-srv#flowable-async-job-executor-thread-1323#
[PollStartAppStatusExecution] ab51efbf-6a80-46f6-bcf2-75d28171c258 [2026-05-17T17:46:37.540618] at Module._resolveFilename (node:internal/modules/cjs/loader:1421:15) (STDERR, APP/PROC/WEB)#
#2026 05 17 17:46:39.551#Z#DEBUG#ce142cac-5217-11f1-9eb0-eeee0a904712.bookscapm-srv#flowable-async-job-executor-thread-1323#
[PollStartAppStatusExecution] ab51efbf-6a80-46f6-bcf2-75d28171c258 [2026-05-17T17:46:37.540621] at defaultResolveImpl (node:internal/modules/cjs/loader:1059:19) (STDERR, APP/PROC/WEB)#
#2026 05 17 17:46:39.551#Z#DEBUG#ce142cac-5217-11f1-9eb0-eeee0a904712.bookscapm-srv#flowable-async-job-executor-thread-1323#
[PollStartAppStatusExecution] ab51efbf-6a80-46f6-bcf2-75d28171c258 [2026-05-17T17:46:37.540624] at resolveForCJSWithHooks (node:internal/modules/cjs/loader:1064:22) (STDERR, APP/PROC/WEB)#
#2026 05 17 17:46:39.551#Z#DEBUG#ce142cac-5217-11f1-9eb0-eeee0a904712.bookscapm-srv#flowable-async-job-executor-thread-1323#
[PollStartAppStatusExecution] ab51efbf-6a80-46f6-bcf2-75d28171c258 [2026-05-17T17:46:37.540627] at Module._load (node:internal/modules/cjs/loader:1227:37) (STDERR, APP/PROC/WEB)#
#2026 05 17 17:46:39.551#Z#DEBUG#ce142cac-5217-11f1-9eb0-eeee0a904712.bookscapm-srv#flowable-async-job-executor-thread-1323#
[PollStartAppStatusExecution] ab51efbf-6a80-46f6-bcf2-75d28171c258 [2026-05-17T17:46:37.540630] at TracingChannel.traceSync (node:diagnostics_channel:328:14) (STDERR, APP/PROC/WEB)#
#2026 05 17 17:46:39.551#Z#DEBUG#ce142cac-5217-11f1-9eb0-eeee0a904712.bookscapm-srv#flowable-async-job-executor-thread-1323#
[PollStartAppStatusExecution] ab51efbf-6a80-46f6-bcf2-75d28171c258 [2026-05-17T17:46:37.540633] at wrapModuleLoad (node:internal/modules/cjs/loader:245:24) (STDERR, APP/PROC/WEB)#
#2026 05 17 17:46:39.551#Z#DEBUG#ce142cac-5217-11f1-9eb0-eeee0a904712.bookscapm-srv#flowable-async-job-executor-thread-1323#
[PollStartAppStatusExecution] ab51efbf-6a80-46f6-bcf2-75d28171c258 [2026-05-17T17:46:37.540635] at Module.require (node:internal/modules/cjs/loader:1504:12) (STDERR, APP/PROC/WEB)#
#2026 05 17 17:46:39.551#Z#DEBUG#ce142cac-5217-11f1-9eb0-eeee0a904712.bookscapm-srv#flowable-async-job-executor-thread-1323#
[PollStartAppStatusExecution] ab51efbf-6a80-46f6-bcf2-75d28171c258 [2026-05-17T17:46:37.540638] at require (node:internal/modules/helpers:152:16) (STDERR, APP/PROC/WEB)#
#2026 05 17 17:46:39.551#Z#DEBUG#ce142cac-5217-11f1-9eb0-eeee0a904712.bookscapm-srv#flowable-async-job-executor-thread-1323#
[PollStartAppStatusExecution] ab51efbf-6a80-46f6-bcf2-75d28171c258 [2026-05-17T17:46:37.540641] at Object.<anonymous> (/home/vcap/app/node_modules/@sap/cds/lib/srv/middlewares/auth/xssec.js:2:17) (STDERR, APP/PROC/WEB)#
#2026 05 17 17:46:39.551#Z#DEBUG#ce142cac-5217-11f1-9eb0-eeee0a904712.bookscapm-srv#flowable-async-job-executor-thread-1323#
[PollStartAppStatusExecution] ab51efbf-6a80-46f6-bcf2-75d28171c258 [2026-05-17T17:46:37.540644] at Module._compile (node:internal/modules/cjs/loader:1761:14) { (STDERR, APP/PROC/WEB)#
#2026 05 17 17:46:39.551#Z#DEBUG#ce142cac-5217-11f1-9eb0-eeee0a904712.bookscapm-srv#flowable-async-job-executor-thread-1323#
[PollStartAppStatusExecution] ab51efbf-6a80-46f6-bcf2-75d28171c258 [2026-05-17T17:46:37.540647] code: 'MODULE_NOT_FOUND', (STDERR, APP/PROC/WEB)#
#2026 05 17 17:46:39.551#Z#DEBUG#ce142cac-5217-11f1-9eb0-eeee0a904712.bookscapm-srv#flowable-async-job-executor-thread-1323#
[PollStartAppStatusExecution] ab51efbf-6a80-46f6-bcf2-75d28171c258 [2026-05-17T17:46:37.540651] requireStack: [ (STDERR, APP/PROC/WEB)#
#2026 05 17 17:46:39.551#Z#DEBUG#ce142cac-5217-11f1-9eb0-eeee0a904712.bookscapm-srv#flowable-async-job-executor-thread-1323#
[PollStartAppStatusExecution] ab51efbf-6a80-46f6-bcf2-75d28171c258 [2026-05-17T17:46:37.540653] '/home/vcap/app/node_modules/@sap/cds/lib/srv/middlewares/auth/xssec.js', (STDERR, APP/PROC/WEB)#
#2026 05 17 17:46:39.551#Z#DEBUG#ce142cac-5217-11f1-9eb0-eeee0a904712.bookscapm-srv#flowable-async-job-executor-thread-1323#
[PollStartAppStatusExecution] ab51efbf-6a80-46f6-bcf2-75d28171c258 [2026-05-17T17:46:37.540657] '/home/vcap/app/node_modules/@sap/cds/lib/srv/middlewares/auth/jwt-auth.js', (STDERR, APP/PROC/WEB)#
#2026 05 17 17:46:39.551#Z#DEBUG#ce142cac-5217-11f1-9eb0-eeee0a904712.bookscapm-srv#flowable-async-job-executor-thread-1323#
[PollStartAppStatusExecution] ab51efbf-6a80-46f6-bcf2-75d28171c258 [2026-05-17T17:46:37.540661] '/home/vcap/app/node_modules/@sap/cds/lib/srv/middlewares/auth/index.js', (STDERR, APP/PROC/WEB)#
#2026 05 17 17:46:39.551#Z#DEBUG#ce142cac-5217-11f1-9eb0-eeee0a904712.bookscapm-srv#flowable-async-job-executor-thread-1323#
[PollStartAppStatusExecution] ab51efbf-6a80-46f6-bcf2-75d28171c258 [2026-05-17T17:46:37.540664] '/home/vcap/app/node_modules/@sap/cds/lib/srv/middlewares/index.js', (STDERR, APP/PROC/WEB)#
#2026 05 17 17:46:39.551#Z#DEBUG#ce142cac-5217-11f1-9eb0-eeee0a904712.bookscapm-srv#flowable-async-job-executor-thread-1323#
[PollStartAppStatusExecution] ab51efbf-6a80-46f6-bcf2-75d28171c258 [2026-05-17T17:46:37.540668] '/home/vcap/app/node_modules/@sap/cds/lib/index.js', (STDERR, APP/PROC/WEB)#
#2026 05 17 17:46:39.551#Z#DEBUG#ce142cac-5217-11f1-9eb0-eeee0a904712.bookscapm-srv#flowable-async-job-executor-thread-1323#
[PollStartAppStatusExecution] ab51efbf-6a80-46f6-bcf2-75d28171c258 [2026-05-17T17:46:37.540671] '/home/vcap/app/node_modules/@sap/cds/bin/serve.js' (STDERR, APP/PROC/WEB)#
#2026 05 17 17:46:39.551#Z#DEBUG#ce142cac-5217-11f1-9eb0-eeee0a904712.bookscapm-srv#flowable-async-job-executor-thread-1323#
[PollStartAppStatusExecution] ab51efbf-6a80-46f6-bcf2-75d28171c258 [2026-05-17T17:46:37.540674] ] (STDERR, APP/PROC/WEB)#
#2026 05 17 17:46:39.551#Z#DEBUG#ce142cac-5217-11f1-9eb0-eeee0a904712.bookscapm-srv#flowable-async-job-executor-thread-1323#
[PollStartAppStatusExecution] ab51efbf-6a80-46f6-bcf2-75d28171c258 [2026-05-17T17:46:37.540678] } (STDERR, APP/PROC/WEB)#
#2026 05 17 17:46:39.551#Z#DEBUG#ce142cac-5217-11f1-9eb0-eeee0a904712.bookscapm-srv#flowable-async-job-executor-thread-1323#
[PollStartAppStatusExecution] ab51efbf-6a80-46f6-bcf2-75d28171c258 [2026-05-17T17:46:37.540683] Node.js v24.13.0 (STDERR, APP/PROC/WEB)#
#2026 05 17 17:46:39.551#Z#DEBUG#ce142cac-5217-11f1-9eb0-eeee0a904712.bookscapm-srv#flowable-async-job-executor-thread-1323#
[PollStartAppStatusExecution] ab51efbf-6a80-46f6-bcf2-75d28171c258 [2026-05-17T17:46:37.554721] npm notice (STDERR, APP/PROC/WEB)#
#2026 05 17 17:46:39.551#Z#DEBUG#ce142cac-5217-11f1-9eb0-eeee0a904712.bookscapm-srv#flowable-async-job-executor-thread-1323#
[PollStartAppStatusExecution] ab51efbf-6a80-46f6-bcf2-75d28171c258 [2026-05-17T17:46:37.554745] npm notice New minor version of npm available! 11.6.2 -> 11.14.1 (STDERR, APP/PROC/WEB)#
#2026 05 17 17:46:39.551#Z#DEBUG#ce142cac-5217-11f1-9eb0-eeee0a904712.bookscapm-srv#flowable-async-job-executor-thread-1323#
[PollStartAppStatusExecution] ab51efbf-6a80-46f6-bcf2-75d28171c258 [2026-05-17T17:46:37.554753] npm notice Changelog: https://github.com/npm/cli/releases/tag/v11.14.1 (STDERR, APP/PROC/WEB)#
#2026 05 17 17:46:39.551#Z#DEBUG#ce142cac-5217-11f1-9eb0-eeee0a904712.bookscapm-srv#flowable-async-job-executor-thread-1323#
[PollStartAppStatusExecution] ab51efbf-6a80-46f6-bcf2-75d28171c258 [2026-05-17T17:46:37.554756] npm notice To update run: npm install -g npm@11.14.1 (STDERR, APP/PROC/WEB)#
#2026 05 17 17:46:39.551#Z#DEBUG#ce142cac-5217-11f1-9eb0-eeee0a904712.bookscapm-srv#flowable-async-job-executor-thread-1323#
[PollStartAppStatusExecution] ab51efbf-6a80-46f6-bcf2-75d28171c258 [2026-05-17T17:46:37.554760] npm notice (STDERR, APP/PROC/WEB)#
#2026 05 17 17:46:39.551#Z#DEBUG#ce142cac-5217-11f1-9eb0-eeee0a904712.bookscapm-srv#flowable-async-job-executor-thread-1323#
[PollStartAppStatusExecution] ab51efbf-6a80-46f6-bcf2-75d28171c258 [2026-05-17T17:46:37.630900] Exit status 1 (STDOUT, APP/PROC/WEB)#
#2026 05 17 17:46:49.552#Z#DEBUG#ce142cac-5217-11f1-9eb0-eeee0a904712.bookscapm-srv#flowable-async-job-executor-thread-1328#
[PollStartAppStatusExecution] ab51efbf-6a80-46f6-bcf2-75d28171c258 [2026-05-17T17:46:44.230973] Cell 3697da87-6170-41a4-acb7-9186f1527dfa stopping instance 0dbc01a9-43d1-4211-4aa2-3050 (STDOUT, CELL)#
#2026 05 17 17:46:49.552#Z#DEBUG#ce142cac-5217-11f1-9eb0-eeee0a904712.bookscapm-srv#flowable-async-job-executor-thread-1328#
[PollStartAppStatusExecution] ab51efbf-6a80-46f6-bcf2-75d28171c258 [2026-05-17T17:46:44.231] Cell 3697da87-6170-41a4-acb7-9186f1527dfa destroying container for instance 0dbc01a9-43d1-4211-4aa2-3050 (STDOUT, CELL)#
#2026 05 17 17:46:49.552#Z#DEBUG#ce142cac-5217-11f1-9eb0-eeee0a904712.bookscapm-srv#flowable-async-job-executor-thread-1328#
[PollStartAppStatusExecution] ab51efbf-6a80-46f6-bcf2-75d28171c258 [2026-05-17T17:46:44.235236] Process has crashed with type: "web" (STDOUT, API)#
#2026 05 17 17:46:49.552#Z#DEBUG#ce142cac-5217-11f1-9eb0-eeee0a904712.bookscapm-srv#flowable-async-job-executor-thread-1328#
[PollStartAppStatusExecution] ab51efbf-6a80-46f6-bcf2-75d28171c258 [2026-05-17T17:46:44.257805] App instance exited with guid ab51efbf-6a80-46f6-bcf2-75d28171c258 payload: {"instance"=>"0dbc01a9-43d1-4211-4aa2-3050", "index"=>0, "cell_id"=>"3697da87-6170-41a4-acb7-9186f1527dfa", "reason"=>"CRASHED", "exit_description"=>"APP/PROC/WEB: Exited with status 1", "crash_count"=>2, "crash_timestamp"=>1779040004209537024, "version"=>"6569b5a8-0de6-45a8-980d-46cc6dfacbc9"} (STDOUT, API)#
#2026 05 17 17:46:49.552#Z#DEBUG#ce142cac-5217-11f1-9eb0-eeee0a904712.bookscapm-srv#flowable-async-job-executor-thread-1328#
[PollStartAppStatusExecution] ab51efbf-6a80-46f6-bcf2-75d28171c258 [2026-05-17T17:46:44.295967] Cell 1ea14514-f0fe-461c-9aa9-a53bbe093b00 creating container for instance 511c1289-7374-4d2d-4a11-a756 (STDOUT, CELL)#
#2026 05 17 17:46:49.552#Z#DEBUG#ce142cac-5217-11f1-9eb0-eeee0a904712.bookscapm-srv#flowable-async-job-executor-thread-1328#
[PollStartAppStatusExecution] ab51efbf-6a80-46f6-bcf2-75d28171c258 [2026-05-17T17:46:44.353159] Exit status 137 (STDOUT, PROXY)#
#2026 05 17 17:46:49.552#Z#DEBUG#ce142cac-5217-11f1-9eb0-eeee0a904712.bookscapm-srv#flowable-async-job-executor-thread-1328#
[PollStartAppStatusExecution] ab51efbf-6a80-46f6-bcf2-75d28171c258 [2026-05-17T17:46:45.093869] Security group rules were updated (STDOUT, CELL)#
#2026 05 17 17:46:49.552#Z#DEBUG#ce142cac-5217-11f1-9eb0-eeee0a904712.bookscapm-srv#flowable-async-job-executor-thread-1328#
[PollStartAppStatusExecution] ab51efbf-6a80-46f6-bcf2-75d28171c258 [2026-05-17T17:46:45.221775] Cell 1ea14514-f0fe-461c-9aa9-a53bbe093b00 successfully created container for instance 511c1289-7374-4d2d-4a11-a756 (STDOUT, CELL)#
#2026 05 17 17:46:49.552#Z#DEBUG#ce142cac-5217-11f1-9eb0-eeee0a904712.bookscapm-srv#flowable-async-job-executor-thread-1328#
[PollStartAppStatusExecution] ab51efbf-6a80-46f6-bcf2-75d28171c258 [2026-05-17T17:46:46.550628] Downloading droplet... (STDOUT, CELL)#
#2026 05 17 17:46:49.552#Z#DEBUG#ce142cac-5217-11f1-9eb0-eeee0a904712.bookscapm-srv#flowable-async-job-executor-thread-1328#
[PollStartAppStatusExecution] ab51efbf-6a80-46f6-bcf2-75d28171c258 [2026-05-17T17:46:46.802783] Cell 3697da87-6170-41a4-acb7-9186f1527dfa successfully destroyed container for instance 0dbc01a9-43d1-4211-4aa2-3050 (STDOUT, CELL)#
#2026 05 17 17:46:59.617#Z#DEBUG#ce142cac-5217-11f1-9eb0-eeee0a904712.bookscapm-srv#flowable-async-job-executor-thread-1332#
[PollStartAppStatusExecution] ab51efbf-6a80-46f6-bcf2-75d28171c258 [2026-05-17T17:46:51.586889] Downloaded droplet (60.6M) (STDOUT, CELL)#
#2026 05 17 17:46:59.617#Z#DEBUG#ce142cac-5217-11f1-9eb0-eeee0a904712.bookscapm-srv#flowable-async-job-executor-thread-1332#
[PollStartAppStatusExecution] ab51efbf-6a80-46f6-bcf2-75d28171c258 [2026-05-17T17:46:51.587306] Starting health monitoring of container (STDOUT, CELL)#
#2026 05 17 17:46:59.617#Z#DEBUG#ce142cac-5217-11f1-9eb0-eeee0a904712.bookscapm-srv#flowable-async-job-executor-thread-1332#
[PollStartAppStatusExecution] ab51efbf-6a80-46f6-bcf2-75d28171c258 [2026-05-17T17:46:51.707889] Invoking pre-start scripts. (STDOUT, APP/PROC/WEB)#
#2026 05 17 17:46:59.617#Z#DEBUG#ce142cac-5217-11f1-9eb0-eeee0a904712.bookscapm-srv#flowable-async-job-executor-thread-1332#
[PollStartAppStatusExecution] ab51efbf-6a80-46f6-bcf2-75d28171c258 [2026-05-17T17:46:51.955422] Invoking start command. (STDOUT, APP/PROC/WEB)#
#2026 05 17 17:46:59.617#Z#DEBUG#ce142cac-5217-11f1-9eb0-eeee0a904712.bookscapm-srv#flowable-async-job-executor-thread-1332#
[PollStartAppStatusExecution] ab51efbf-6a80-46f6-bcf2-75d28171c258 [2026-05-17T17:46:52.509051] > bookscapm@1.0.0 start (STDOUT, APP/PROC/WEB)#
#2026 05 17 17:46:59.617#Z#DEBUG#ce142cac-5217-11f1-9eb0-eeee0a904712.bookscapm-srv#flowable-async-job-executor-thread-1332#
[PollStartAppStatusExecution] ab51efbf-6a80-46f6-bcf2-75d28171c258 [2026-05-17T17:46:52.509064] > cds-serve (STDOUT, APP/PROC/WEB)#
#2026 05 17 17:46:59.617#Z#DEBUG#ce142cac-5217-11f1-9eb0-eeee0a904712.bookscapm-srv#flowable-async-job-executor-thread-1332#
[PollStartAppStatusExecution] ab51efbf-6a80-46f6-bcf2-75d28171c258 [2026-05-17T17:46:52.831970] {"level":"info","logger":"cds","timestamp":"2026-05-17T17:46:52.830Z","layer":"cds","component_type":"application","container_id":"10.32.1.5","component_id":"ab51efbf-6a80-46f6-bcf2-75d28171c258","component_name":"bookscapm-srv","component_instance":0,"source_instance":0,"organization_name":"53d2ceb3trial","organization_id":"2243168d-2a9f-490d-bf17-3322448edf8b","space_name":"dev","space_id":"da2f47c5-67bb-4739-9dbb-6384db716e72","msg":"loaded model from 1 file(s):\n ","type":"log"} (STDOUT, APP/PROC/WEB)#
#2026 05 17 17:46:59.617#Z#DEBUG#ce142cac-5217-11f1-9eb0-eeee0a904712.bookscapm-srv#flowable-async-job-executor-thread-1332#
[PollStartAppStatusExecution] ab51efbf-6a80-46f6-bcf2-75d28171c258 [2026-05-17T17:46:52.832515] srv/csn.json (STDOUT, APP/PROC/WEB)#
#2026 05 17 17:46:59.617#Z#DEBUG#ce142cac-5217-11f1-9eb0-eeee0a904712.bookscapm-srv#flowable-async-job-executor-thread-1332#
[PollStartAppStatusExecution] ab51efbf-6a80-46f6-bcf2-75d28171c258 [2026-05-17T17:46:53.095302] {"level":"info","logger":"cds","timestamp":"2026-05-17T17:46:53.094Z","layer":"cds","component_type":"application","container_id":"10.32.1.5","component_id":"ab51efbf-6a80-46f6-bcf2-75d28171c258","component_name":"bookscapm-srv","component_instance":0,"source_instance":0,"organization_name":"53d2ceb3trial","organization_id":"2243168d-2a9f-490d-bf17-3322448edf8b","space_name":"dev","space_id":"da2f47c5-67bb-4739-9dbb-6384db716e72","msg":"connect to db > hana {\n  database_id: '7139a3f2-f85c-4b2f-aeb0-2db26a0a6bd7',\n  host: '7139a3f2-f85c-4b2f-aeb0-2db26a0a6bd7.hana.prod-ap21.hanacloud.ondemand.com',\n  port: '443',\n  driver: 'com.sap.db.jdbc.Driver',\n  url: 'jdbc:sap://7139a3f2-f85c-4b2f-aeb0-2db26a0a6bd7.hana.prod-ap21.hanacloud.ondemand.com:443?encrypt=true&validateCertificate=true&currentschema=C267CE7888044773AAA7C1B3CFC7C46E',\n  schema: 'C267CE7888044773AAA7C1B3CFC7C46E',\n  certificate: '...',\n  hdi_user: 'C267CE7888044773AAA7C1B3CFC7C46E_CVMXEJO6N50EXYFUMY54SI8SM_DT',\n  hdi_password: '...',\n  user: 'C267CE7888044773AAA7C1B3CFC7C46E_CVMXEJO6N50EXYFUMY54SI8SM_RT',\n  password: '...'\n}","type":"log"} (STDOUT, APP/PROC/WEB)#
#2026 05 17 17:46:59.617#Z#DEBUG#ce142cac-5217-11f1-9eb0-eeee0a904712.bookscapm-srv#flowable-async-job-executor-thread-1332#
[PollStartAppStatusExecution] ab51efbf-6a80-46f6-bcf2-75d28171c258 [2026-05-17T17:46:53.133291] {"level":"info","logger":"cds","timestamp":"2026-05-17T17:46:53.132Z","layer":"cds","component_type":"application","container_id":"10.32.1.5","component_id":"ab51efbf-6a80-46f6-bcf2-75d28171c258","component_name":"bookscapm-srv","component_instance":0,"source_instance":0,"organization_name":"53d2ceb3trial","organization_id":"2243168d-2a9f-490d-bf17-3322448edf8b","space_name":"dev","space_id":"da2f47c5-67bb-4739-9dbb-6384db716e72","msg":"using auth strategy { kind: 'jwt' }","type":"log"} (STDOUT, APP/PROC/WEB)#
#2026 05 17 17:46:59.617#Z#DEBUG#ce142cac-5217-11f1-9eb0-eeee0a904712.bookscapm-srv#flowable-async-job-executor-thread-1332#
[PollStartAppStatusExecution] ab51efbf-6a80-46f6-bcf2-75d28171c258 [2026-05-17T17:46:53.135532] node:internal/modules/cjs/loader:1421 (STDERR, APP/PROC/WEB)#
#2026 05 17 17:46:59.617#Z#DEBUG#ce142cac-5217-11f1-9eb0-eeee0a904712.bookscapm-srv#flowable-async-job-executor-thread-1332#
[PollStartAppStatusExecution] ab51efbf-6a80-46f6-bcf2-75d28171c258 [2026-05-17T17:46:53.135545] const err = new Error(message); (STDERR, APP/PROC/WEB)#
#2026 05 17 17:46:59.617#Z#DEBUG#ce142cac-5217-11f1-9eb0-eeee0a904712.bookscapm-srv#flowable-async-job-executor-thread-1332#
[PollStartAppStatusExecution] ab51efbf-6a80-46f6-bcf2-75d28171c258 [2026-05-17T17:46:53.135569] ^ (STDERR, APP/PROC/WEB)#
#2026 05 17 17:46:59.617#Z#DEBUG#ce142cac-5217-11f1-9eb0-eeee0a904712.bookscapm-srv#flowable-async-job-executor-thread-1332#
[PollStartAppStatusExecution] ab51efbf-6a80-46f6-bcf2-75d28171c258 [2026-05-17T17:46:53.135581] Error: Cannot find '@sap/xssec'. Make sure to install it with 'npm i @sap/xssec' (STDERR, APP/PROC/WEB)#
#2026 05 17 17:46:59.617#Z#DEBUG#ce142cac-5217-11f1-9eb0-eeee0a904712.bookscapm-srv#flowable-async-job-executor-thread-1332#
[PollStartAppStatusExecution] ab51efbf-6a80-46f6-bcf2-75d28171c258 [2026-05-17T17:46:53.135585] Cannot find module '@sap/xssec' (STDERR, APP/PROC/WEB)#
#2026 05 17 17:46:59.617#Z#DEBUG#ce142cac-5217-11f1-9eb0-eeee0a904712.bookscapm-srv#flowable-async-job-executor-thread-1332#
[PollStartAppStatusExecution] ab51efbf-6a80-46f6-bcf2-75d28171c258 [2026-05-17T17:46:53.135588] Require stack: (STDERR, APP/PROC/WEB)#
#2026 05 17 17:46:59.617#Z#DEBUG#ce142cac-5217-11f1-9eb0-eeee0a904712.bookscapm-srv#flowable-async-job-executor-thread-1332#
[PollStartAppStatusExecution] ab51efbf-6a80-46f6-bcf2-75d28171c258 [2026-05-17T17:46:53.135591] - /home/vcap/app/node_modules/@sap/cds/lib/srv/middlewares/auth/xssec.js (STDERR, APP/PROC/WEB)#
#2026 05 17 17:46:59.617#Z#DEBUG#ce142cac-5217-11f1-9eb0-eeee0a904712.bookscapm-srv#flowable-async-job-executor-thread-1332#
[PollStartAppStatusExecution] ab51efbf-6a80-46f6-bcf2-75d28171c258 [2026-05-17T17:46:53.135594] - /home/vcap/app/node_modules/@sap/cds/lib/srv/middlewares/auth/jwt-auth.js (STDERR, APP/PROC/WEB)#
#2026 05 17 17:46:59.617#Z#DEBUG#ce142cac-5217-11f1-9eb0-eeee0a904712.bookscapm-srv#flowable-async-job-executor-thread-1332#
[PollStartAppStatusExecution] ab51efbf-6a80-46f6-bcf2-75d28171c258 [2026-05-17T17:46:53.135598] - /home/vcap/app/node_modules/@sap/cds/lib/srv/middlewares/auth/index.js (STDERR, APP/PROC/WEB)#
#2026 05 17 17:46:59.617#Z#DEBUG#ce142cac-5217-11f1-9eb0-eeee0a904712.bookscapm-srv#flowable-async-job-executor-thread-1332#
[PollStartAppStatusExecution] ab51efbf-6a80-46f6-bcf2-75d28171c258 [2026-05-17T17:46:53.135601] - /home/vcap/app/node_modules/@sap/cds/lib/srv/middlewares/index.js (STDERR, APP/PROC/WEB)#
#2026 05 17 17:46:59.617#Z#DEBUG#ce142cac-5217-11f1-9eb0-eeee0a904712.bookscapm-srv#flowable-async-job-executor-thread-1332#
[PollStartAppStatusExecution] ab51efbf-6a80-46f6-bcf2-75d28171c258 [2026-05-17T17:46:53.135607] - /home/vcap/app/node_modules/@sap/cds/lib/index.js (STDERR, APP/PROC/WEB)#
#2026 05 17 17:46:59.617#Z#DEBUG#ce142cac-5217-11f1-9eb0-eeee0a904712.bookscapm-srv#flowable-async-job-executor-thread-1332#
[PollStartAppStatusExecution] ab51efbf-6a80-46f6-bcf2-75d28171c258 [2026-05-17T17:46:53.135610] - /home/vcap/app/node_modules/@sap/cds/bin/serve.js (STDERR, APP/PROC/WEB)#
#2026 05 17 17:46:59.617#Z#DEBUG#ce142cac-5217-11f1-9eb0-eeee0a904712.bookscapm-srv#flowable-async-job-executor-thread-1332#
[PollStartAppStatusExecution] ab51efbf-6a80-46f6-bcf2-75d28171c258 [2026-05-17T17:46:53.135613] at Module._resolveFilename (node:internal/modules/cjs/loader:1421:15) (STDERR, APP/PROC/WEB)#
#2026 05 17 17:46:59.617#Z#DEBUG#ce142cac-5217-11f1-9eb0-eeee0a904712.bookscapm-srv#flowable-async-job-executor-thread-1332#
[PollStartAppStatusExecution] ab51efbf-6a80-46f6-bcf2-75d28171c258 [2026-05-17T17:46:53.135617] at defaultResolveImpl (node:internal/modules/cjs/loader:1059:19) (STDERR, APP/PROC/WEB)#
#2026 05 17 17:46:59.617#Z#DEBUG#ce142cac-5217-11f1-9eb0-eeee0a904712.bookscapm-srv#flowable-async-job-executor-thread-1332#
[PollStartAppStatusExecution] ab51efbf-6a80-46f6-bcf2-75d28171c258 [2026-05-17T17:46:53.135620] at resolveForCJSWithHooks (node:internal/modules/cjs/loader:1064:22) (STDERR, APP/PROC/WEB)#
#2026 05 17 17:46:59.617#Z#DEBUG#ce142cac-5217-11f1-9eb0-eeee0a904712.bookscapm-srv#flowable-async-job-executor-thread-1332#
[PollStartAppStatusExecution] ab51efbf-6a80-46f6-bcf2-75d28171c258 [2026-05-17T17:46:53.135625] at Module._load (node:internal/modules/cjs/loader:1227:37) (STDERR, APP/PROC/WEB)#
#2026 05 17 17:46:59.617#Z#DEBUG#ce142cac-5217-11f1-9eb0-eeee0a904712.bookscapm-srv#flowable-async-job-executor-thread-1332#
[PollStartAppStatusExecution] ab51efbf-6a80-46f6-bcf2-75d28171c258 [2026-05-17T17:46:53.135629] at TracingChannel.traceSync (node:diagnostics_channel:328:14) (STDERR, APP/PROC/WEB)#
#2026 05 17 17:46:59.617#Z#DEBUG#ce142cac-5217-11f1-9eb0-eeee0a904712.bookscapm-srv#flowable-async-job-executor-thread-1332#
[PollStartAppStatusExecution] ab51efbf-6a80-46f6-bcf2-75d28171c258 [2026-05-17T17:46:53.135640] at wrapModuleLoad (node:internal/modules/cjs/loader:245:24) (STDERR, APP/PROC/WEB)#
#2026 05 17 17:46:59.617#Z#DEBUG#ce142cac-5217-11f1-9eb0-eeee0a904712.bookscapm-srv#flowable-async-job-executor-thread-1332#
[PollStartAppStatusExecution] ab51efbf-6a80-46f6-bcf2-75d28171c258 [2026-05-17T17:46:53.135643] at Module.require (node:internal/modules/cjs/loader:1504:12) (STDERR, APP/PROC/WEB)#
#2026 05 17 17:46:59.617#Z#DEBUG#ce142cac-5217-11f1-9eb0-eeee0a904712.bookscapm-srv#flowable-async-job-executor-thread-1332#
[PollStartAppStatusExecution] ab51efbf-6a80-46f6-bcf2-75d28171c258 [2026-05-17T17:46:53.135646] at require (node:internal/modules/helpers:152:16) (STDERR, APP/PROC/WEB)#
#2026 05 17 17:46:59.617#Z#DEBUG#ce142cac-5217-11f1-9eb0-eeee0a904712.bookscapm-srv#flowable-async-job-executor-thread-1332#
[PollStartAppStatusExecution] ab51efbf-6a80-46f6-bcf2-75d28171c258 [2026-05-17T17:46:53.135649] at Object.<anonymous> (/home/vcap/app/node_modules/@sap/cds/lib/srv/middlewares/auth/xssec.js:2:17) (STDERR, APP/PROC/WEB)#
#2026 05 17 17:46:59.617#Z#DEBUG#ce142cac-5217-11f1-9eb0-eeee0a904712.bookscapm-srv#flowable-async-job-executor-thread-1332#
[PollStartAppStatusExecution] ab51efbf-6a80-46f6-bcf2-75d28171c258 [2026-05-17T17:46:53.135653] at Module._compile (node:internal/modules/cjs/loader:1761:14) { (STDERR, APP/PROC/WEB)#
#2026 05 17 17:46:59.617#Z#DEBUG#ce142cac-5217-11f1-9eb0-eeee0a904712.bookscapm-srv#flowable-async-job-executor-thread-1332#
[PollStartAppStatusExecution] ab51efbf-6a80-46f6-bcf2-75d28171c258 [2026-05-17T17:46:53.135656] code: 'MODULE_NOT_FOUND', (STDERR, APP/PROC/WEB)#
#2026 05 17 17:46:59.617#Z#DEBUG#ce142cac-5217-11f1-9eb0-eeee0a904712.bookscapm-srv#flowable-async-job-executor-thread-1332#
[PollStartAppStatusExecution] ab51efbf-6a80-46f6-bcf2-75d28171c258 [2026-05-17T17:46:53.135660] requireStack: [ (STDERR, APP/PROC/WEB)#
#2026 05 17 17:46:59.617#Z#DEBUG#ce142cac-5217-11f1-9eb0-eeee0a904712.bookscapm-srv#flowable-async-job-executor-thread-1332#
[PollStartAppStatusExecution] ab51efbf-6a80-46f6-bcf2-75d28171c258 [2026-05-17T17:46:53.135666] '/home/vcap/app/node_modules/@sap/cds/lib/srv/middlewares/auth/xssec.js', (STDERR, APP/PROC/WEB)#
#2026 05 17 17:46:59.617#Z#DEBUG#ce142cac-5217-11f1-9eb0-eeee0a904712.bookscapm-srv#flowable-async-job-executor-thread-1332#
[PollStartAppStatusExecution] ab51efbf-6a80-46f6-bcf2-75d28171c258 [2026-05-17T17:46:53.135669] '/home/vcap/app/node_modules/@sap/cds/lib/srv/middlewares/auth/jwt-auth.js', (STDERR, APP/PROC/WEB)#
#2026 05 17 17:46:59.617#Z#DEBUG#ce142cac-5217-11f1-9eb0-eeee0a904712.bookscapm-srv#flowable-async-job-executor-thread-1332#
[PollStartAppStatusExecution] ab51efbf-6a80-46f6-bcf2-75d28171c258 [2026-05-17T17:46:53.135673] '/home/vcap/app/node_modules/@sap/cds/lib/srv/middlewares/auth/index.js', (STDERR, APP/PROC/WEB)#
#2026 05 17 17:46:59.617#Z#DEBUG#ce142cac-5217-11f1-9eb0-eeee0a904712.bookscapm-srv#flowable-async-job-executor-thread-1332#
[PollStartAppStatusExecution] ab51efbf-6a80-46f6-bcf2-75d28171c258 [2026-05-17T17:46:53.135676] '/home/vcap/app/node_modules/@sap/cds/lib/srv/middlewares/index.js', (STDERR, APP/PROC/WEB)#
#2026 05 17 17:46:59.617#Z#DEBUG#ce142cac-5217-11f1-9eb0-eeee0a904712.bookscapm-srv#flowable-async-job-executor-thread-1332#
[PollStartAppStatusExecution] ab51efbf-6a80-46f6-bcf2-75d28171c258 [2026-05-17T17:46:53.135679] '/home/vcap/app/node_modules/@sap/cds/lib/index.js', (STDERR, APP/PROC/WEB)#
#2026 05 17 17:46:59.617#Z#DEBUG#ce142cac-5217-11f1-9eb0-eeee0a904712.bookscapm-srv#flowable-async-job-executor-thread-1332#
[PollStartAppStatusExecution] ab51efbf-6a80-46f6-bcf2-75d28171c258 [2026-05-17T17:46:53.135689] '/home/vcap/app/node_modules/@sap/cds/bin/serve.js' (STDERR, APP/PROC/WEB)#
#2026 05 17 17:46:59.617#Z#DEBUG#ce142cac-5217-11f1-9eb0-eeee0a904712.bookscapm-srv#flowable-async-job-executor-thread-1332#
[PollStartAppStatusExecution] ab51efbf-6a80-46f6-bcf2-75d28171c258 [2026-05-17T17:46:53.135692] ] (STDERR, APP/PROC/WEB)#
#2026 05 17 17:46:59.617#Z#DEBUG#ce142cac-5217-11f1-9eb0-eeee0a904712.bookscapm-srv#flowable-async-job-executor-thread-1332#
[PollStartAppStatusExecution] ab51efbf-6a80-46f6-bcf2-75d28171c258 [2026-05-17T17:46:53.135705] } (STDERR, APP/PROC/WEB)#
#2026 05 17 17:46:59.617#Z#DEBUG#ce142cac-5217-11f1-9eb0-eeee0a904712.bookscapm-srv#flowable-async-job-executor-thread-1332#
[PollStartAppStatusExecution] ab51efbf-6a80-46f6-bcf2-75d28171c258 [2026-05-17T17:46:53.135708] Node.js v24.13.0 (STDERR, APP/PROC/WEB)#
#2026 05 17 17:46:59.617#Z#DEBUG#ce142cac-5217-11f1-9eb0-eeee0a904712.bookscapm-srv#flowable-async-job-executor-thread-1332#
[PollStartAppStatusExecution] ab51efbf-6a80-46f6-bcf2-75d28171c258 [2026-05-17T17:46:53.153218] npm notice (STDERR, APP/PROC/WEB)#
#2026 05 17 17:46:59.617#Z#DEBUG#ce142cac-5217-11f1-9eb0-eeee0a904712.bookscapm-srv#flowable-async-job-executor-thread-1332#
[PollStartAppStatusExecution] ab51efbf-6a80-46f6-bcf2-75d28171c258 [2026-05-17T17:46:53.153230] npm notice New minor version of npm available! 11.6.2 -> 11.14.1 (STDERR, APP/PROC/WEB)#
#2026 05 17 17:46:59.617#Z#DEBUG#ce142cac-5217-11f1-9eb0-eeee0a904712.bookscapm-srv#flowable-async-job-executor-thread-1332#
[PollStartAppStatusExecution] ab51efbf-6a80-46f6-bcf2-75d28171c258 [2026-05-17T17:46:53.153235] npm notice Changelog: https://github.com/npm/cli/releases/tag/v11.14.1 (STDERR, APP/PROC/WEB)#
#2026 05 17 17:46:59.617#Z#DEBUG#ce142cac-5217-11f1-9eb0-eeee0a904712.bookscapm-srv#flowable-async-job-executor-thread-1332#
[PollStartAppStatusExecution] ab51efbf-6a80-46f6-bcf2-75d28171c258 [2026-05-17T17:46:53.153239] npm notice To update run: npm install -g npm@11.14.1 (STDERR, APP/PROC/WEB)#
#2026 05 17 17:46:59.617#Z#DEBUG#ce142cac-5217-11f1-9eb0-eeee0a904712.bookscapm-srv#flowable-async-job-executor-thread-1332#
[PollStartAppStatusExecution] ab51efbf-6a80-46f6-bcf2-75d28171c258 [2026-05-17T17:46:53.153242] npm notice (STDERR, APP/PROC/WEB)#
#2026 05 17 17:46:59.617#Z#DEBUG#ce142cac-5217-11f1-9eb0-eeee0a904712.bookscapm-srv#flowable-async-job-executor-thread-1332#
[PollStartAppStatusExecution] ab51efbf-6a80-46f6-bcf2-75d28171c258 [2026-05-17T17:46:53.244924] Exit status 1 (STDOUT, APP/PROC/WEB)#
#2026 05 17 17:47:09.578#Z#DEBUG#ce142cac-5217-11f1-9eb0-eeee0a904712.bookscapm-srv#flowable-async-job-executor-thread-1340#
[PollStartAppStatusExecution] ab51efbf-6a80-46f6-bcf2-75d28171c258 [2026-05-17T17:47:00.215368] Cell 1ea14514-f0fe-461c-9aa9-a53bbe093b00 stopping instance 511c1289-7374-4d2d-4a11-a756 (STDOUT, CELL)#
#2026 05 17 17:47:09.578#Z#DEBUG#ce142cac-5217-11f1-9eb0-eeee0a904712.bookscapm-srv#flowable-async-job-executor-thread-1340#
[PollStartAppStatusExecution] ab51efbf-6a80-46f6-bcf2-75d28171c258 [2026-05-17T17:47:00.215410] Cell 1ea14514-f0fe-461c-9aa9-a53bbe093b00 destroying container for instance 511c1289-7374-4d2d-4a11-a756 (STDOUT, CELL)#
#2026 05 17 17:47:09.578#Z#DEBUG#ce142cac-5217-11f1-9eb0-eeee0a904712.bookscapm-srv#flowable-async-job-executor-thread-1340#
[PollStartAppStatusExecution] ab51efbf-6a80-46f6-bcf2-75d28171c258 [2026-05-17T17:47:00.236063] Process has crashed with type: "web" (STDOUT, API)#
#2026 05 17 17:47:09.578#Z#DEBUG#ce142cac-5217-11f1-9eb0-eeee0a904712.bookscapm-srv#flowable-async-job-executor-thread-1340#
[PollStartAppStatusExecution] ab51efbf-6a80-46f6-bcf2-75d28171c258 [2026-05-17T17:47:00.261687] App instance exited with guid ab51efbf-6a80-46f6-bcf2-75d28171c258 payload: {"instance"=>"511c1289-7374-4d2d-4a11-a756", "index"=>0, "cell_id"=>"1ea14514-f0fe-461c-9aa9-a53bbe093b00", "reason"=>"CRASHED", "exit_description"=>"APP/PROC/WEB: Exited with status 1", "crash_count"=>3, "crash_timestamp"=>1779040020208984448, "version"=>"6569b5a8-0de6-45a8-980d-46cc6dfacbc9"} (STDOUT, API)#
#2026 05 17 17:47:09.578#Z#DEBUG#ce142cac-5217-11f1-9eb0-eeee0a904712.bookscapm-srv#flowable-async-job-executor-thread-1340#
[PollStartAppStatusExecution] ab51efbf-6a80-46f6-bcf2-75d28171c258 [2026-05-17T17:47:00.382658] Exit status 137 (STDOUT, PROXY)#
#2026 05 17 17:47:09.578#Z#DEBUG#ce142cac-5217-11f1-9eb0-eeee0a904712.bookscapm-srv#flowable-async-job-executor-thread-1340#
[PollStartAppStatusExecution] ab51efbf-6a80-46f6-bcf2-75d28171c258 [2026-05-17T17:47:03.313608] Cell 1ea14514-f0fe-461c-9aa9-a53bbe093b00 successfully destroyed container for instance 511c1289-7374-4d2d-4a11-a756 (STDOUT, CELL)#
#2026 05 17 17:47:19.592#Z#DEBUG#ce142cac-5217-11f1-9eb0-eeee0a904712.bookscapm-srv#flowable-async-job-executor-thread-1345#
[PollStartAppStatusExecution] ab51efbf-6a80-46f6-bcf2-75d28171c258 [2026-05-17T17:47:00.215368] Cell 1ea14514-f0fe-461c-9aa9-a53bbe093b00 stopping instance 511c1289-7374-4d2d-4a11-a756 (STDOUT, CELL)#
#2026 05 17 17:47:19.592#Z#DEBUG#ce142cac-5217-11f1-9eb0-eeee0a904712.bookscapm-srv#flowable-async-job-executor-thread-1345#
[PollStartAppStatusExecution] ab51efbf-6a80-46f6-bcf2-75d28171c258 [2026-05-17T17:47:00.215410] Cell 1ea14514-f0fe-461c-9aa9-a53bbe093b00 destroying container for instance 511c1289-7374-4d2d-4a11-a756 (STDOUT, CELL)#
#2026 05 17 17:47:19.592#Z#DEBUG#ce142cac-5217-11f1-9eb0-eeee0a904712.bookscapm-srv#flowable-async-job-executor-thread-1345#
[PollStartAppStatusExecution] ab51efbf-6a80-46f6-bcf2-75d28171c258 [2026-05-17T17:47:00.236063] Process has crashed with type: "web" (STDOUT, API)#
#2026 05 17 17:47:19.592#Z#DEBUG#ce142cac-5217-11f1-9eb0-eeee0a904712.bookscapm-srv#flowable-async-job-executor-thread-1345#
[PollStartAppStatusExecution] ab51efbf-6a80-46f6-bcf2-75d28171c258 [2026-05-17T17:47:00.261687] App instance exited with guid ab51efbf-6a80-46f6-bcf2-75d28171c258 payload: {"instance"=>"511c1289-7374-4d2d-4a11-a756", "index"=>0, "cell_id"=>"1ea14514-f0fe-461c-9aa9-a53bbe093b00", "reason"=>"CRASHED", "exit_description"=>"APP/PROC/WEB: Exited with status 1", "crash_count"=>3, "crash_timestamp"=>1779040020208984448, "version"=>"6569b5a8-0de6-45a8-980d-46cc6dfacbc9"} (STDOUT, API)#
#2026 05 17 17:47:19.592#Z#DEBUG#ce142cac-5217-11f1-9eb0-eeee0a904712.bookscapm-srv#flowable-async-job-executor-thread-1345#
[PollStartAppStatusExecution] ab51efbf-6a80-46f6-bcf2-75d28171c258 [2026-05-17T17:47:00.382658] Exit status 137 (STDOUT, PROXY)#
#2026 05 17 17:47:19.592#Z#DEBUG#ce142cac-5217-11f1-9eb0-eeee0a904712.bookscapm-srv#flowable-async-job-executor-thread-1345#
[PollStartAppStatusExecution] ab51efbf-6a80-46f6-bcf2-75d28171c258 [2026-05-17T17:47:03.313608] Cell 1ea14514-f0fe-461c-9aa9-a53bbe093b00 successfully destroyed container for instance 511c1289-7374-4d2d-4a11-a756 (STDOUT, CELL)#
#2026 05 17 17:47:19.592#Z#DEBUG#ce142cac-5217-11f1-9eb0-eeee0a904712.bookscapm-srv#flowable-async-job-executor-thread-1345#
[PollStartAppStatusExecution] ab51efbf-6a80-46f6-bcf2-75d28171c258 [2026-05-17T17:47:12.006344] Stopping app with guid ab51efbf-6a80-46f6-bcf2-75d28171c258 (STDOUT, API)#
#2026 05 17 17:47:19.592#Z#DEBUG#ce142cac-5217-11f1-9eb0-eeee0a904712.bookscapm-srv#flowable-async-job-executor-thread-1345#
[PollStartAppStatusExecution] ab51efbf-6a80-46f6-bcf2-75d28171c258 [2026-05-17T17:47:12.232345] Starting app with guid ab51efbf-6a80-46f6-bcf2-75d28171c258 (STDOUT, API)#
#2026 05 17 17:47:19.592#Z#DEBUG#ce142cac-5217-11f1-9eb0-eeee0a904712.bookscapm-srv#flowable-async-job-executor-thread-1345#
[PollStartAppStatusExecution] ab51efbf-6a80-46f6-bcf2-75d28171c258 [2026-05-17T17:47:12.457317] Cell 54b50d35-322b-4617-baa3-c13476b47cb5 creating container for instance b30c484c-4613-422d-60e0-4eda (STDOUT, CELL)#
#2026 05 17 17:47:19.592#Z#DEBUG#ce142cac-5217-11f1-9eb0-eeee0a904712.bookscapm-srv#flowable-async-job-executor-thread-1345#
[PollStartAppStatusExecution] ab51efbf-6a80-46f6-bcf2-75d28171c258 [2026-05-17T17:47:13.192309] Security group rules were updated (STDOUT, CELL)#
#2026 05 17 17:47:19.592#Z#DEBUG#ce142cac-5217-11f1-9eb0-eeee0a904712.bookscapm-srv#flowable-async-job-executor-thread-1345#
[PollStartAppStatusExecution] ab51efbf-6a80-46f6-bcf2-75d28171c258 [2026-05-17T17:47:13.385537] Cell 54b50d35-322b-4617-baa3-c13476b47cb5 successfully created container for instance b30c484c-4613-422d-60e0-4eda (STDOUT, CELL)#
#2026 05 17 17:47:19.592#Z#DEBUG#ce142cac-5217-11f1-9eb0-eeee0a904712.bookscapm-srv#flowable-async-job-executor-thread-1345#
[PollStartAppStatusExecution] ab51efbf-6a80-46f6-bcf2-75d28171c258 [2026-05-17T17:47:14.635693] Downloading droplet... (STDOUT, CELL)#
#2026 05 17 17:47:29.635#Z#DEBUG#ce142cac-5217-11f1-9eb0-eeee0a904712.bookscapm-srv#flowable-async-job-executor-thread-1352#
[PollStartAppStatusExecution] ab51efbf-6a80-46f6-bcf2-75d28171c258 [2026-05-17T17:47:19.502875] Downloaded droplet (60.6M) (STDOUT, CELL)#
#2026 05 17 17:47:29.635#Z#DEBUG#ce142cac-5217-11f1-9eb0-eeee0a904712.bookscapm-srv#flowable-async-job-executor-thread-1352#
[PollStartAppStatusExecution] ab51efbf-6a80-46f6-bcf2-75d28171c258 [2026-05-17T17:47:19.503289] Starting health monitoring of container (STDOUT, CELL)#
#2026 05 17 17:47:29.635#Z#DEBUG#ce142cac-5217-11f1-9eb0-eeee0a904712.bookscapm-srv#flowable-async-job-executor-thread-1352#
[PollStartAppStatusExecution] ab51efbf-6a80-46f6-bcf2-75d28171c258 [2026-05-17T17:47:19.660317] Invoking pre-start scripts. (STDOUT, APP/PROC/WEB)#
#2026 05 17 17:47:29.635#Z#DEBUG#ce142cac-5217-11f1-9eb0-eeee0a904712.bookscapm-srv#flowable-async-job-executor-thread-1352#
[PollStartAppStatusExecution] ab51efbf-6a80-46f6-bcf2-75d28171c258 [2026-05-17T17:47:19.922270] Invoking start command. (STDOUT, APP/PROC/WEB)#
#2026 05 17 17:47:29.635#Z#DEBUG#ce142cac-5217-11f1-9eb0-eeee0a904712.bookscapm-srv#flowable-async-job-executor-thread-1352#
[PollStartAppStatusExecution] ab51efbf-6a80-46f6-bcf2-75d28171c258 [2026-05-17T17:47:20.427927] > bookscapm@1.0.0 start (STDOUT, APP/PROC/WEB)#
#2026 05 17 17:47:29.635#Z#DEBUG#ce142cac-5217-11f1-9eb0-eeee0a904712.bookscapm-srv#flowable-async-job-executor-thread-1352#
[PollStartAppStatusExecution] ab51efbf-6a80-46f6-bcf2-75d28171c258 [2026-05-17T17:47:20.427940] > cds-serve (STDOUT, APP/PROC/WEB)#
#2026 05 17 17:47:29.635#Z#DEBUG#ce142cac-5217-11f1-9eb0-eeee0a904712.bookscapm-srv#flowable-async-job-executor-thread-1352#
[PollStartAppStatusExecution] ab51efbf-6a80-46f6-bcf2-75d28171c258 [2026-05-17T17:47:20.732358] {"level":"info","logger":"cds","timestamp":"2026-05-17T17:47:20.730Z","layer":"cds","component_type":"application","container_id":"10.32.1.6","component_id":"ab51efbf-6a80-46f6-bcf2-75d28171c258","component_name":"bookscapm-srv","component_instance":0,"source_instance":0,"organization_name":"53d2ceb3trial","organization_id":"2243168d-2a9f-490d-bf17-3322448edf8b","space_name":"dev","space_id":"da2f47c5-67bb-4739-9dbb-6384db716e72","msg":"loaded model from 1 file(s):\n ","type":"log"} (STDOUT, APP/PROC/WEB)#
#2026 05 17 17:47:29.635#Z#DEBUG#ce142cac-5217-11f1-9eb0-eeee0a904712.bookscapm-srv#flowable-async-job-executor-thread-1352#
[PollStartAppStatusExecution] ab51efbf-6a80-46f6-bcf2-75d28171c258 [2026-05-17T17:47:20.732898] srv/csn.json (STDOUT, APP/PROC/WEB)#
#2026 05 17 17:47:29.635#Z#DEBUG#ce142cac-5217-11f1-9eb0-eeee0a904712.bookscapm-srv#flowable-async-job-executor-thread-1352#
[PollStartAppStatusExecution] ab51efbf-6a80-46f6-bcf2-75d28171c258 [2026-05-17T17:47:20.980190] {"level":"info","logger":"cds","timestamp":"2026-05-17T17:47:20.979Z","layer":"cds","component_type":"application","container_id":"10.32.1.6","component_id":"ab51efbf-6a80-46f6-bcf2-75d28171c258","component_name":"bookscapm-srv","component_instance":0,"source_instance":0,"organization_name":"53d2ceb3trial","organization_id":"2243168d-2a9f-490d-bf17-3322448edf8b","space_name":"dev","space_id":"da2f47c5-67bb-4739-9dbb-6384db716e72","msg":"connect to db > hana {\n  database_id: '7139a3f2-f85c-4b2f-aeb0-2db26a0a6bd7',\n  host: '7139a3f2-f85c-4b2f-aeb0-2db26a0a6bd7.hana.prod-ap21.hanacloud.ondemand.com',\n  port: '443',\n  driver: 'com.sap.db.jdbc.Driver',\n  url: 'jdbc:sap://7139a3f2-f85c-4b2f-aeb0-2db26a0a6bd7.hana.prod-ap21.hanacloud.ondemand.com:443?encrypt=true&validateCertificate=true&currentschema=C267CE7888044773AAA7C1B3CFC7C46E',\n  schema: 'C267CE7888044773AAA7C1B3CFC7C46E',\n  certificate: '...',\n  hdi_user: 'C267CE7888044773AAA7C1B3CFC7C46E_CVMXEJO6N50EXYFUMY54SI8SM_DT',\n  hdi_password: '...',\n  user: 'C267CE7888044773AAA7C1B3CFC7C46E_CVMXEJO6N50EXYFUMY54SI8SM_RT',\n  password: '...'\n}","type":"log"} (STDOUT, APP/PROC/WEB)#
#2026 05 17 17:47:29.635#Z#DEBUG#ce142cac-5217-11f1-9eb0-eeee0a904712.bookscapm-srv#flowable-async-job-executor-thread-1352#
[PollStartAppStatusExecution] ab51efbf-6a80-46f6-bcf2-75d28171c258 [2026-05-17T17:47:21.016111] {"level":"info","logger":"cds","timestamp":"2026-05-17T17:47:21.015Z","layer":"cds","component_type":"application","container_id":"10.32.1.6","component_id":"ab51efbf-6a80-46f6-bcf2-75d28171c258","component_name":"bookscapm-srv","component_instance":0,"source_instance":0,"organization_name":"53d2ceb3trial","organization_id":"2243168d-2a9f-490d-bf17-3322448edf8b","space_name":"dev","space_id":"da2f47c5-67bb-4739-9dbb-6384db716e72","msg":"using auth strategy { kind: 'jwt' }","type":"log"} (STDOUT, APP/PROC/WEB)#
#2026 05 17 17:47:29.635#Z#DEBUG#ce142cac-5217-11f1-9eb0-eeee0a904712.bookscapm-srv#flowable-async-job-executor-thread-1352#
[PollStartAppStatusExecution] ab51efbf-6a80-46f6-bcf2-75d28171c258 [2026-05-17T17:47:21.018607] node:internal/modules/cjs/loader:1421 (STDERR, APP/PROC/WEB)#
#2026 05 17 17:47:29.635#Z#DEBUG#ce142cac-5217-11f1-9eb0-eeee0a904712.bookscapm-srv#flowable-async-job-executor-thread-1352#
[PollStartAppStatusExecution] ab51efbf-6a80-46f6-bcf2-75d28171c258 [2026-05-17T17:47:21.018618] const err = new Error(message); (STDERR, APP/PROC/WEB)#
#2026 05 17 17:47:29.635#Z#DEBUG#ce142cac-5217-11f1-9eb0-eeee0a904712.bookscapm-srv#flowable-async-job-executor-thread-1352#
[PollStartAppStatusExecution] ab51efbf-6a80-46f6-bcf2-75d28171c258 [2026-05-17T17:47:21.018621] ^ (STDERR, APP/PROC/WEB)#
#2026 05 17 17:47:29.635#Z#DEBUG#ce142cac-5217-11f1-9eb0-eeee0a904712.bookscapm-srv#flowable-async-job-executor-thread-1352#
[PollStartAppStatusExecution] ab51efbf-6a80-46f6-bcf2-75d28171c258 [2026-05-17T17:47:21.018626] Error: Cannot find '@sap/xssec'. Make sure to install it with 'npm i @sap/xssec' (STDERR, APP/PROC/WEB)#
#2026 05 17 17:47:29.635#Z#DEBUG#ce142cac-5217-11f1-9eb0-eeee0a904712.bookscapm-srv#flowable-async-job-executor-thread-1352#
[PollStartAppStatusExecution] ab51efbf-6a80-46f6-bcf2-75d28171c258 [2026-05-17T17:47:21.018631] Cannot find module '@sap/xssec' (STDERR, APP/PROC/WEB)#
#2026 05 17 17:47:29.635#Z#DEBUG#ce142cac-5217-11f1-9eb0-eeee0a904712.bookscapm-srv#flowable-async-job-executor-thread-1352#
[PollStartAppStatusExecution] ab51efbf-6a80-46f6-bcf2-75d28171c258 [2026-05-17T17:47:21.018634] Require stack: (STDERR, APP/PROC/WEB)#
#2026 05 17 17:47:29.635#Z#DEBUG#ce142cac-5217-11f1-9eb0-eeee0a904712.bookscapm-srv#flowable-async-job-executor-thread-1352#
[PollStartAppStatusExecution] ab51efbf-6a80-46f6-bcf2-75d28171c258 [2026-05-17T17:47:21.018637] - /home/vcap/app/node_modules/@sap/cds/lib/srv/middlewares/auth/xssec.js (STDERR, APP/PROC/WEB)#
#2026 05 17 17:47:29.635#Z#DEBUG#ce142cac-5217-11f1-9eb0-eeee0a904712.bookscapm-srv#flowable-async-job-executor-thread-1352#
[PollStartAppStatusExecution] ab51efbf-6a80-46f6-bcf2-75d28171c258 [2026-05-17T17:47:21.018644] - /home/vcap/app/node_modules/@sap/cds/lib/srv/middlewares/auth/jwt-auth.js (STDERR, APP/PROC/WEB)#
#2026 05 17 17:47:29.635#Z#DEBUG#ce142cac-5217-11f1-9eb0-eeee0a904712.bookscapm-srv#flowable-async-job-executor-thread-1352#
[PollStartAppStatusExecution] ab51efbf-6a80-46f6-bcf2-75d28171c258 [2026-05-17T17:47:21.018647] - /home/vcap/app/node_modules/@sap/cds/lib/srv/middlewares/auth/index.js (STDERR, APP/PROC/WEB)#
#2026 05 17 17:47:29.635#Z#DEBUG#ce142cac-5217-11f1-9eb0-eeee0a904712.bookscapm-srv#flowable-async-job-executor-thread-1352#
[PollStartAppStatusExecution] ab51efbf-6a80-46f6-bcf2-75d28171c258 [2026-05-17T17:47:21.018650] - /home/vcap/app/node_modules/@sap/cds/lib/srv/middlewares/index.js (STDERR, APP/PROC/WEB)#
#2026 05 17 17:47:29.635#Z#DEBUG#ce142cac-5217-11f1-9eb0-eeee0a904712.bookscapm-srv#flowable-async-job-executor-thread-1352#
[PollStartAppStatusExecution] ab51efbf-6a80-46f6-bcf2-75d28171c258 [2026-05-17T17:47:21.018654] - /home/vcap/app/node_modules/@sap/cds/lib/index.js (STDERR, APP/PROC/WEB)#
#2026 05 17 17:47:29.635#Z#DEBUG#ce142cac-5217-11f1-9eb0-eeee0a904712.bookscapm-srv#flowable-async-job-executor-thread-1352#
[PollStartAppStatusExecution] ab51efbf-6a80-46f6-bcf2-75d28171c258 [2026-05-17T17:47:21.018657] - /home/vcap/app/node_modules/@sap/cds/bin/serve.js (STDERR, APP/PROC/WEB)#
#2026 05 17 17:47:29.635#Z#DEBUG#ce142cac-5217-11f1-9eb0-eeee0a904712.bookscapm-srv#flowable-async-job-executor-thread-1352#
[PollStartAppStatusExecution] ab51efbf-6a80-46f6-bcf2-75d28171c258 [2026-05-17T17:47:21.018660] at Module._resolveFilename (node:internal/modules/cjs/loader:1421:15) (STDERR, APP/PROC/WEB)#
#2026 05 17 17:47:29.635#Z#DEBUG#ce142cac-5217-11f1-9eb0-eeee0a904712.bookscapm-srv#flowable-async-job-executor-thread-1352#
[PollStartAppStatusExecution] ab51efbf-6a80-46f6-bcf2-75d28171c258 [2026-05-17T17:47:21.018666] at defaultResolveImpl (node:internal/modules/cjs/loader:1059:19) (STDERR, APP/PROC/WEB)#
#2026 05 17 17:47:29.635#Z#DEBUG#ce142cac-5217-11f1-9eb0-eeee0a904712.bookscapm-srv#flowable-async-job-executor-thread-1352#
[PollStartAppStatusExecution] ab51efbf-6a80-46f6-bcf2-75d28171c258 [2026-05-17T17:47:21.018671] at resolveForCJSWithHooks (node:internal/modules/cjs/loader:1064:22) (STDERR, APP/PROC/WEB)#
#2026 05 17 17:47:29.635#Z#DEBUG#ce142cac-5217-11f1-9eb0-eeee0a904712.bookscapm-srv#flowable-async-job-executor-thread-1352#
[PollStartAppStatusExecution] ab51efbf-6a80-46f6-bcf2-75d28171c258 [2026-05-17T17:47:21.018674] at Module._load (node:internal/modules/cjs/loader:1227:37) (STDERR, APP/PROC/WEB)#
#2026 05 17 17:47:29.635#Z#DEBUG#ce142cac-5217-11f1-9eb0-eeee0a904712.bookscapm-srv#flowable-async-job-executor-thread-1352#
[PollStartAppStatusExecution] ab51efbf-6a80-46f6-bcf2-75d28171c258 [2026-05-17T17:47:21.018678] at TracingChannel.traceSync (node:diagnostics_channel:328:14) (STDERR, APP/PROC/WEB)#
#2026 05 17 17:47:29.635#Z#DEBUG#ce142cac-5217-11f1-9eb0-eeee0a904712.bookscapm-srv#flowable-async-job-executor-thread-1352#
[PollStartAppStatusExecution] ab51efbf-6a80-46f6-bcf2-75d28171c258 [2026-05-17T17:47:21.018683] at wrapModuleLoad (node:internal/modules/cjs/loader:245:24) (STDERR, APP/PROC/WEB)#
#2026 05 17 17:47:29.635#Z#DEBUG#ce142cac-5217-11f1-9eb0-eeee0a904712.bookscapm-srv#flowable-async-job-executor-thread-1352#
[PollStartAppStatusExecution] ab51efbf-6a80-46f6-bcf2-75d28171c258 [2026-05-17T17:47:21.018686] at Module.require (node:internal/modules/cjs/loader:1504:12) (STDERR, APP/PROC/WEB)#
#2026 05 17 17:47:29.635#Z#DEBUG#ce142cac-5217-11f1-9eb0-eeee0a904712.bookscapm-srv#flowable-async-job-executor-thread-1352#
[PollStartAppStatusExecution] ab51efbf-6a80-46f6-bcf2-75d28171c258 [2026-05-17T17:47:21.018689] at require (node:internal/modules/helpers:152:16) (STDERR, APP/PROC/WEB)#
#2026 05 17 17:47:29.635#Z#DEBUG#ce142cac-5217-11f1-9eb0-eeee0a904712.bookscapm-srv#flowable-async-job-executor-thread-1352#
[PollStartAppStatusExecution] ab51efbf-6a80-46f6-bcf2-75d28171c258 [2026-05-17T17:47:21.018693] at Object.<anonymous> (/home/vcap/app/node_modules/@sap/cds/lib/srv/middlewares/auth/xssec.js:2:17) (STDERR, APP/PROC/WEB)#
#2026 05 17 17:47:29.635#Z#DEBUG#ce142cac-5217-11f1-9eb0-eeee0a904712.bookscapm-srv#flowable-async-job-executor-thread-1352#
[PollStartAppStatusExecution] ab51efbf-6a80-46f6-bcf2-75d28171c258 [2026-05-17T17:47:21.018697] at Module._compile (node:internal/modules/cjs/loader:1761:14) { (STDERR, APP/PROC/WEB)#
#2026 05 17 17:47:29.635#Z#DEBUG#ce142cac-5217-11f1-9eb0-eeee0a904712.bookscapm-srv#flowable-async-job-executor-thread-1352#
[PollStartAppStatusExecution] ab51efbf-6a80-46f6-bcf2-75d28171c258 [2026-05-17T17:47:21.018700] code: 'MODULE_NOT_FOUND', (STDERR, APP/PROC/WEB)#
#2026 05 17 17:47:29.635#Z#DEBUG#ce142cac-5217-11f1-9eb0-eeee0a904712.bookscapm-srv#flowable-async-job-executor-thread-1352#
[PollStartAppStatusExecution] ab51efbf-6a80-46f6-bcf2-75d28171c258 [2026-05-17T17:47:21.018706] requireStack: [ (STDERR, APP/PROC/WEB)#
#2026 05 17 17:47:29.635#Z#DEBUG#ce142cac-5217-11f1-9eb0-eeee0a904712.bookscapm-srv#flowable-async-job-executor-thread-1352#
[PollStartAppStatusExecution] ab51efbf-6a80-46f6-bcf2-75d28171c258 [2026-05-17T17:47:21.018709] '/home/vcap/app/node_modules/@sap/cds/lib/srv/middlewares/auth/xssec.js', (STDERR, APP/PROC/WEB)#
#2026 05 17 17:47:29.635#Z#DEBUG#ce142cac-5217-11f1-9eb0-eeee0a904712.bookscapm-srv#flowable-async-job-executor-thread-1352#
[PollStartAppStatusExecution] ab51efbf-6a80-46f6-bcf2-75d28171c258 [2026-05-17T17:47:21.018713] '/home/vcap/app/node_modules/@sap/cds/lib/srv/middlewares/auth/jwt-auth.js', (STDERR, APP/PROC/WEB)#
#2026 05 17 17:47:29.635#Z#DEBUG#ce142cac-5217-11f1-9eb0-eeee0a904712.bookscapm-srv#flowable-async-job-executor-thread-1352#
[PollStartAppStatusExecution] ab51efbf-6a80-46f6-bcf2-75d28171c258 [2026-05-17T17:47:21.018716] '/home/vcap/app/node_modules/@sap/cds/lib/srv/middlewares/auth/index.js', (STDERR, APP/PROC/WEB)#
#2026 05 17 17:47:29.635#Z#DEBUG#ce142cac-5217-11f1-9eb0-eeee0a904712.bookscapm-srv#flowable-async-job-executor-thread-1352#
[PollStartAppStatusExecution] ab51efbf-6a80-46f6-bcf2-75d28171c258 [2026-05-17T17:47:21.018719] '/home/vcap/app/node_modules/@sap/cds/lib/srv/middlewares/index.js', (STDERR, APP/PROC/WEB)#
#2026 05 17 17:47:29.635#Z#DEBUG#ce142cac-5217-11f1-9eb0-eeee0a904712.bookscapm-srv#flowable-async-job-executor-thread-1352#
[PollStartAppStatusExecution] ab51efbf-6a80-46f6-bcf2-75d28171c258 [2026-05-17T17:47:21.018722] '/home/vcap/app/node_modules/@sap/cds/lib/index.js', (STDERR, APP/PROC/WEB)#
#2026 05 17 17:47:29.635#Z#DEBUG#ce142cac-5217-11f1-9eb0-eeee0a904712.bookscapm-srv#flowable-async-job-executor-thread-1352#
[PollStartAppStatusExecution] ab51efbf-6a80-46f6-bcf2-75d28171c258 [2026-05-17T17:47:21.018725] '/home/vcap/app/node_modules/@sap/cds/bin/serve.js' (STDERR, APP/PROC/WEB)#
#2026 05 17 17:47:29.635#Z#DEBUG#ce142cac-5217-11f1-9eb0-eeee0a904712.bookscapm-srv#flowable-async-job-executor-thread-1352#
[PollStartAppStatusExecution] ab51efbf-6a80-46f6-bcf2-75d28171c258 [2026-05-17T17:47:21.018729] ] (STDERR, APP/PROC/WEB)#
#2026 05 17 17:47:29.635#Z#DEBUG#ce142cac-5217-11f1-9eb0-eeee0a904712.bookscapm-srv#flowable-async-job-executor-thread-1352#
[PollStartAppStatusExecution] ab51efbf-6a80-46f6-bcf2-75d28171c258 [2026-05-17T17:47:21.018733] } (STDERR, APP/PROC/WEB)#
#2026 05 17 17:47:29.635#Z#DEBUG#ce142cac-5217-11f1-9eb0-eeee0a904712.bookscapm-srv#flowable-async-job-executor-thread-1352#
[PollStartAppStatusExecution] ab51efbf-6a80-46f6-bcf2-75d28171c258 [2026-05-17T17:47:21.018737] Node.js v24.13.0 (STDERR, APP/PROC/WEB)#
#2026 05 17 17:47:29.635#Z#DEBUG#ce142cac-5217-11f1-9eb0-eeee0a904712.bookscapm-srv#flowable-async-job-executor-thread-1352#
[PollStartAppStatusExecution] ab51efbf-6a80-46f6-bcf2-75d28171c258 [2026-05-17T17:47:21.042406] npm notice (STDERR, APP/PROC/WEB)#
#2026 05 17 17:47:29.635#Z#DEBUG#ce142cac-5217-11f1-9eb0-eeee0a904712.bookscapm-srv#flowable-async-job-executor-thread-1352#
[PollStartAppStatusExecution] ab51efbf-6a80-46f6-bcf2-75d28171c258 [2026-05-17T17:47:21.042441] npm notice New minor version of npm available! 11.6.2 -> 11.14.1 (STDERR, APP/PROC/WEB)#
#2026 05 17 17:47:29.635#Z#DEBUG#ce142cac-5217-11f1-9eb0-eeee0a904712.bookscapm-srv#flowable-async-job-executor-thread-1352#
[PollStartAppStatusExecution] ab51efbf-6a80-46f6-bcf2-75d28171c258 [2026-05-17T17:47:21.042448] npm notice Changelog: https://github.com/npm/cli/releases/tag/v11.14.1 (STDERR, APP/PROC/WEB)#
#2026 05 17 17:47:29.635#Z#DEBUG#ce142cac-5217-11f1-9eb0-eeee0a904712.bookscapm-srv#flowable-async-job-executor-thread-1352#
[PollStartAppStatusExecution] ab51efbf-6a80-46f6-bcf2-75d28171c258 [2026-05-17T17:47:21.042457] npm notice To update run: npm install -g npm@11.14.1 (STDERR, APP/PROC/WEB)#
#2026 05 17 17:47:29.635#Z#DEBUG#ce142cac-5217-11f1-9eb0-eeee0a904712.bookscapm-srv#flowable-async-job-executor-thread-1352#
[PollStartAppStatusExecution] ab51efbf-6a80-46f6-bcf2-75d28171c258 [2026-05-17T17:47:21.042461] npm notice (STDERR, APP/PROC/WEB)#
#2026 05 17 17:47:29.635#Z#DEBUG#ce142cac-5217-11f1-9eb0-eeee0a904712.bookscapm-srv#flowable-async-job-executor-thread-1352#
[PollStartAppStatusExecution] ab51efbf-6a80-46f6-bcf2-75d28171c258 [2026-05-17T17:47:21.130439] Exit status 1 (STDOUT, APP/PROC/WEB)#
#2026 05 17 17:47:29.635#Z#DEBUG#ce142cac-5217-11f1-9eb0-eeee0a904712.bookscapm-srv#flowable-async-job-executor-thread-1352#
[PollStartAppStatusExecution] ab51efbf-6a80-46f6-bcf2-75d28171c258 [2026-05-17T17:47:28.257544] Cell 54b50d35-322b-4617-baa3-c13476b47cb5 stopping instance b30c484c-4613-422d-60e0-4eda (STDOUT, CELL)#
#2026 05 17 17:47:29.635#Z#DEBUG#ce142cac-5217-11f1-9eb0-eeee0a904712.bookscapm-srv#flowable-async-job-executor-thread-1352#
[PollStartAppStatusExecution] ab51efbf-6a80-46f6-bcf2-75d28171c258 [2026-05-17T17:47:28.257588] Cell 54b50d35-322b-4617-baa3-c13476b47cb5 destroying container for instance b30c484c-4613-422d-60e0-4eda (STDOUT, CELL)#
#2026 05 17 17:47:29.635#Z#DEBUG#ce142cac-5217-11f1-9eb0-eeee0a904712.bookscapm-srv#flowable-async-job-executor-thread-1352#
[PollStartAppStatusExecution] ab51efbf-6a80-46f6-bcf2-75d28171c258 [2026-05-17T17:47:28.269178] Process has crashed with type: "web" (STDOUT, API)#
#2026 05 17 17:47:29.635#Z#DEBUG#ce142cac-5217-11f1-9eb0-eeee0a904712.bookscapm-srv#flowable-async-job-executor-thread-1352#
[PollStartAppStatusExecution] ab51efbf-6a80-46f6-bcf2-75d28171c258 [2026-05-17T17:47:28.287766] App instance exited with guid ab51efbf-6a80-46f6-bcf2-75d28171c258 payload: {"instance"=>"b30c484c-4613-422d-60e0-4eda", "index"=>0, "cell_id"=>"54b50d35-322b-4617-baa3-c13476b47cb5", "reason"=>"CRASHED", "exit_description"=>"APP/PROC/WEB: Exited with status 1", "crash_count"=>1, "crash_timestamp"=>1779040048243417725, "version"=>"2c2ea5f2-52a0-4b63-b427-7b9b396338a5"} (STDOUT, API)#
#2026 05 17 17:47:29.635#Z#DEBUG#ce142cac-5217-11f1-9eb0-eeee0a904712.bookscapm-srv#flowable-async-job-executor-thread-1352#
[PollStartAppStatusExecution] ab51efbf-6a80-46f6-bcf2-75d28171c258 [2026-05-17T17:47:28.316608] Cell 3697da87-6170-41a4-acb7-9186f1527dfa creating container for instance bfe3486a-bf03-459b-4b91-201a (STDOUT, CELL)#
#2026 05 17 17:47:29.635#Z#DEBUG#ce142cac-5217-11f1-9eb0-eeee0a904712.bookscapm-srv#flowable-async-job-executor-thread-1352#
[PollStartAppStatusExecution] ab51efbf-6a80-46f6-bcf2-75d28171c258 [2026-05-17T17:47:28.435922] Exit status 137 (STDOUT, PROXY)#
#2026 05 17 17:47:29.635#Z#DEBUG#ce142cac-5217-11f1-9eb0-eeee0a904712.bookscapm-srv#flowable-async-job-executor-thread-1352#
[PollStartAppStatusExecution] ab51efbf-6a80-46f6-bcf2-75d28171c258 [2026-05-17T17:47:28.997752] Security group rules were updated (STDOUT, CELL)#
#2026 05 17 17:47:29.635#Z#DEBUG#ce142cac-5217-11f1-9eb0-eeee0a904712.bookscapm-srv#flowable-async-job-executor-thread-1352#
[PollStartAppStatusExecution] ab51efbf-6a80-46f6-bcf2-75d28171c258 [2026-05-17T17:47:29.102914] Cell 3697da87-6170-41a4-acb7-9186f1527dfa successfully created container for instance bfe3486a-bf03-459b-4b91-201a (STDOUT, CELL)#
#2026 05 17 17:47:39.639#Z#DEBUG#ce142cac-5217-11f1-9eb0-eeee0a904712.bookscapm-srv#flowable-async-job-executor-thread-1354#
[PollStartAppStatusExecution] ab51efbf-6a80-46f6-bcf2-75d28171c258 [2026-05-17T17:47:30.325431] Downloading droplet... (STDOUT, CELL)#
#2026 05 17 17:47:39.639#Z#DEBUG#ce142cac-5217-11f1-9eb0-eeee0a904712.bookscapm-srv#flowable-async-job-executor-thread-1354#
[PollStartAppStatusExecution] ab51efbf-6a80-46f6-bcf2-75d28171c258 [2026-05-17T17:47:31.169846] Cell 54b50d35-322b-4617-baa3-c13476b47cb5 successfully destroyed container for instance b30c484c-4613-422d-60e0-4eda (STDOUT, CELL)#
#2026 05 17 17:47:39.639#Z#DEBUG#ce142cac-5217-11f1-9eb0-eeee0a904712.bookscapm-srv#flowable-async-job-executor-thread-1354#
[PollStartAppStatusExecution] ab51efbf-6a80-46f6-bcf2-75d28171c258 [2026-05-17T17:47:34.668627] Downloaded droplet (60.6M) (STDOUT, CELL)#
#2026 05 17 17:47:39.639#Z#DEBUG#ce142cac-5217-11f1-9eb0-eeee0a904712.bookscapm-srv#flowable-async-job-executor-thread-1354#
[PollStartAppStatusExecution] ab51efbf-6a80-46f6-bcf2-75d28171c258 [2026-05-17T17:47:34.668738] Starting health monitoring of container (STDOUT, CELL)#
#2026 05 17 17:47:39.639#Z#DEBUG#ce142cac-5217-11f1-9eb0-eeee0a904712.bookscapm-srv#flowable-async-job-executor-thread-1354#
[PollStartAppStatusExecution] ab51efbf-6a80-46f6-bcf2-75d28171c258 [2026-05-17T17:47:34.787468] Invoking pre-start scripts. (STDOUT, APP/PROC/WEB)#
#2026 05 17 17:47:39.639#Z#DEBUG#ce142cac-5217-11f1-9eb0-eeee0a904712.bookscapm-srv#flowable-async-job-executor-thread-1354#
[PollStartAppStatusExecution] ab51efbf-6a80-46f6-bcf2-75d28171c258 [2026-05-17T17:47:35.003944] Invoking start command. (STDOUT, APP/PROC/WEB)#
#2026 05 17 17:47:39.639#Z#DEBUG#ce142cac-5217-11f1-9eb0-eeee0a904712.bookscapm-srv#flowable-async-job-executor-thread-1354#
[PollStartAppStatusExecution] ab51efbf-6a80-46f6-bcf2-75d28171c258 [2026-05-17T17:47:35.472142] > bookscapm@1.0.0 start (STDOUT, APP/PROC/WEB)#
#2026 05 17 17:47:39.639#Z#DEBUG#ce142cac-5217-11f1-9eb0-eeee0a904712.bookscapm-srv#flowable-async-job-executor-thread-1354#
[PollStartAppStatusExecution] ab51efbf-6a80-46f6-bcf2-75d28171c258 [2026-05-17T17:47:35.472160] > cds-serve (STDOUT, APP/PROC/WEB)#
#2026 05 17 17:47:39.639#Z#DEBUG#ce142cac-5217-11f1-9eb0-eeee0a904712.bookscapm-srv#flowable-async-job-executor-thread-1354#
[PollStartAppStatusExecution] ab51efbf-6a80-46f6-bcf2-75d28171c258 [2026-05-17T17:47:35.745065] {"level":"info","logger":"cds","timestamp":"2026-05-17T17:47:35.743Z","layer":"cds","component_type":"application","container_id":"10.32.2.7","component_id":"ab51efbf-6a80-46f6-bcf2-75d28171c258","component_name":"bookscapm-srv","component_instance":0,"source_instance":0,"organization_name":"53d2ceb3trial","organization_id":"2243168d-2a9f-490d-bf17-3322448edf8b","space_name":"dev","space_id":"da2f47c5-67bb-4739-9dbb-6384db716e72","msg":"loaded model from 1 file(s):\n ","type":"log"} (STDOUT, APP/PROC/WEB)#
#2026 05 17 17:47:39.639#Z#DEBUG#ce142cac-5217-11f1-9eb0-eeee0a904712.bookscapm-srv#flowable-async-job-executor-thread-1354#
[PollStartAppStatusExecution] ab51efbf-6a80-46f6-bcf2-75d28171c258 [2026-05-17T17:47:35.745642] srv/csn.json (STDOUT, APP/PROC/WEB)#
#2026 05 17 17:47:39.639#Z#DEBUG#ce142cac-5217-11f1-9eb0-eeee0a904712.bookscapm-srv#flowable-async-job-executor-thread-1354#
[PollStartAppStatusExecution] ab51efbf-6a80-46f6-bcf2-75d28171c258 [2026-05-17T17:47:35.998519] {"level":"info","logger":"cds","timestamp":"2026-05-17T17:47:35.997Z","layer":"cds","component_type":"application","container_id":"10.32.2.7","component_id":"ab51efbf-6a80-46f6-bcf2-75d28171c258","component_name":"bookscapm-srv","component_instance":0,"source_instance":0,"organization_name":"53d2ceb3trial","organization_id":"2243168d-2a9f-490d-bf17-3322448edf8b","space_name":"dev","space_id":"da2f47c5-67bb-4739-9dbb-6384db716e72","msg":"connect to db > hana {\n  database_id: '7139a3f2-f85c-4b2f-aeb0-2db26a0a6bd7',\n  host: '7139a3f2-f85c-4b2f-aeb0-2db26a0a6bd7.hana.prod-ap21.hanacloud.ondemand.com',\n  port: '443',\n  driver: 'com.sap.db.jdbc.Driver',\n  url: 'jdbc:sap://7139a3f2-f85c-4b2f-aeb0-2db26a0a6bd7.hana.prod-ap21.hanacloud.ondemand.com:443?encrypt=true&validateCertificate=true&currentschema=C267CE7888044773AAA7C1B3CFC7C46E',\n  schema: 'C267CE7888044773AAA7C1B3CFC7C46E',\n  certificate: '...',\n  hdi_user: 'C267CE7888044773AAA7C1B3CFC7C46E_CVMXEJO6N50EXYFUMY54SI8SM_DT',\n  hdi_password: '...',\n  user: 'C267CE7888044773AAA7C1B3CFC7C46E_CVMXEJO6N50EXYFUMY54SI8SM_RT',\n  password: '...'\n}","type":"log"} (STDOUT, APP/PROC/WEB)#
#2026 05 17 17:47:39.639#Z#DEBUG#ce142cac-5217-11f1-9eb0-eeee0a904712.bookscapm-srv#flowable-async-job-executor-thread-1354#
[PollStartAppStatusExecution] ab51efbf-6a80-46f6-bcf2-75d28171c258 [2026-05-17T17:47:36.035076] {"level":"info","logger":"cds","timestamp":"2026-05-17T17:47:36.034Z","layer":"cds","component_type":"application","container_id":"10.32.2.7","component_id":"ab51efbf-6a80-46f6-bcf2-75d28171c258","component_name":"bookscapm-srv","component_instance":0,"source_instance":0,"organization_name":"53d2ceb3trial","organization_id":"2243168d-2a9f-490d-bf17-3322448edf8b","space_name":"dev","space_id":"da2f47c5-67bb-4739-9dbb-6384db716e72","msg":"using auth strategy { kind: 'jwt' }","type":"log"} (STDOUT, APP/PROC/WEB)#
#2026 05 17 17:47:39.639#Z#DEBUG#ce142cac-5217-11f1-9eb0-eeee0a904712.bookscapm-srv#flowable-async-job-executor-thread-1354#
[PollStartAppStatusExecution] ab51efbf-6a80-46f6-bcf2-75d28171c258 [2026-05-17T17:47:36.036967] node:internal/modules/cjs/loader:1421 (STDERR, APP/PROC/WEB)#
#2026 05 17 17:47:39.639#Z#DEBUG#ce142cac-5217-11f1-9eb0-eeee0a904712.bookscapm-srv#flowable-async-job-executor-thread-1354#
[PollStartAppStatusExecution] ab51efbf-6a80-46f6-bcf2-75d28171c258 [2026-05-17T17:47:36.036980] const err = new Error(message); (STDERR, APP/PROC/WEB)#
#2026 05 17 17:47:39.639#Z#DEBUG#ce142cac-5217-11f1-9eb0-eeee0a904712.bookscapm-srv#flowable-async-job-executor-thread-1354#
[PollStartAppStatusExecution] ab51efbf-6a80-46f6-bcf2-75d28171c258 [2026-05-17T17:47:36.036984] ^ (STDERR, APP/PROC/WEB)#
#2026 05 17 17:47:39.639#Z#DEBUG#ce142cac-5217-11f1-9eb0-eeee0a904712.bookscapm-srv#flowable-async-job-executor-thread-1354#
[PollStartAppStatusExecution] ab51efbf-6a80-46f6-bcf2-75d28171c258 [2026-05-17T17:47:36.036988] Error: Cannot find '@sap/xssec'. Make sure to install it with 'npm i @sap/xssec' (STDERR, APP/PROC/WEB)#
#2026 05 17 17:47:39.639#Z#DEBUG#ce142cac-5217-11f1-9eb0-eeee0a904712.bookscapm-srv#flowable-async-job-executor-thread-1354#
[PollStartAppStatusExecution] ab51efbf-6a80-46f6-bcf2-75d28171c258 [2026-05-17T17:47:36.036991] Cannot find module '@sap/xssec' (STDERR, APP/PROC/WEB)#
#2026 05 17 17:47:39.639#Z#DEBUG#ce142cac-5217-11f1-9eb0-eeee0a904712.bookscapm-srv#flowable-async-job-executor-thread-1354#
[PollStartAppStatusExecution] ab51efbf-6a80-46f6-bcf2-75d28171c258 [2026-05-17T17:47:36.036994] Require stack: (STDERR, APP/PROC/WEB)#
#2026 05 17 17:47:39.639#Z#DEBUG#ce142cac-5217-11f1-9eb0-eeee0a904712.bookscapm-srv#flowable-async-job-executor-thread-1354#
[PollStartAppStatusExecution] ab51efbf-6a80-46f6-bcf2-75d28171c258 [2026-05-17T17:47:36.036997] - /home/vcap/app/node_modules/@sap/cds/lib/srv/middlewares/auth/xssec.js (STDERR, APP/PROC/WEB)#
#2026 05 17 17:47:39.639#Z#DEBUG#ce142cac-5217-11f1-9eb0-eeee0a904712.bookscapm-srv#flowable-async-job-executor-thread-1354#
[PollStartAppStatusExecution] ab51efbf-6a80-46f6-bcf2-75d28171c258 [2026-05-17T17:47:36.037] - /home/vcap/app/node_modules/@sap/cds/lib/srv/middlewares/auth/jwt-auth.js (STDERR, APP/PROC/WEB)#
#2026 05 17 17:47:39.639#Z#DEBUG#ce142cac-5217-11f1-9eb0-eeee0a904712.bookscapm-srv#flowable-async-job-executor-thread-1354#
[PollStartAppStatusExecution] ab51efbf-6a80-46f6-bcf2-75d28171c258 [2026-05-17T17:47:36.037006] - /home/vcap/app/node_modules/@sap/cds/lib/srv/middlewares/auth/index.js (STDERR, APP/PROC/WEB)#
#2026 05 17 17:47:39.639#Z#DEBUG#ce142cac-5217-11f1-9eb0-eeee0a904712.bookscapm-srv#flowable-async-job-executor-thread-1354#
[PollStartAppStatusExecution] ab51efbf-6a80-46f6-bcf2-75d28171c258 [2026-05-17T17:47:36.037010] - /home/vcap/app/node_modules/@sap/cds/lib/srv/middlewares/index.js (STDERR, APP/PROC/WEB)#
#2026 05 17 17:47:39.639#Z#DEBUG#ce142cac-5217-11f1-9eb0-eeee0a904712.bookscapm-srv#flowable-async-job-executor-thread-1354#
[PollStartAppStatusExecution] ab51efbf-6a80-46f6-bcf2-75d28171c258 [2026-05-17T17:47:36.037013] - /home/vcap/app/node_modules/@sap/cds/lib/index.js (STDERR, APP/PROC/WEB)#
#2026 05 17 17:47:39.639#Z#DEBUG#ce142cac-5217-11f1-9eb0-eeee0a904712.bookscapm-srv#flowable-async-job-executor-thread-1354#
[PollStartAppStatusExecution] ab51efbf-6a80-46f6-bcf2-75d28171c258 [2026-05-17T17:47:36.037016] - /home/vcap/app/node_modules/@sap/cds/bin/serve.js (STDERR, APP/PROC/WEB)#
#2026 05 17 17:47:39.639#Z#DEBUG#ce142cac-5217-11f1-9eb0-eeee0a904712.bookscapm-srv#flowable-async-job-executor-thread-1354#
[PollStartAppStatusExecution] ab51efbf-6a80-46f6-bcf2-75d28171c258 [2026-05-17T17:47:36.037019] at Module._resolveFilename (node:internal/modules/cjs/loader:1421:15) (STDERR, APP/PROC/WEB)#
#2026 05 17 17:47:39.639#Z#DEBUG#ce142cac-5217-11f1-9eb0-eeee0a904712.bookscapm-srv#flowable-async-job-executor-thread-1354#
[PollStartAppStatusExecution] ab51efbf-6a80-46f6-bcf2-75d28171c258 [2026-05-17T17:47:36.037022] at defaultResolveImpl (node:internal/modules/cjs/loader:1059:19) (STDERR, APP/PROC/WEB)#
#2026 05 17 17:47:39.639#Z#DEBUG#ce142cac-5217-11f1-9eb0-eeee0a904712.bookscapm-srv#flowable-async-job-executor-thread-1354#
[PollStartAppStatusExecution] ab51efbf-6a80-46f6-bcf2-75d28171c258 [2026-05-17T17:47:36.037025] at resolveForCJSWithHooks (node:internal/modules/cjs/loader:1064:22) (STDERR, APP/PROC/WEB)#
#2026 05 17 17:47:39.639#Z#DEBUG#ce142cac-5217-11f1-9eb0-eeee0a904712.bookscapm-srv#flowable-async-job-executor-thread-1354#
[PollStartAppStatusExecution] ab51efbf-6a80-46f6-bcf2-75d28171c258 [2026-05-17T17:47:36.037028] at Module._load (node:internal/modules/cjs/loader:1227:37) (STDERR, APP/PROC/WEB)#
#2026 05 17 17:47:39.639#Z#DEBUG#ce142cac-5217-11f1-9eb0-eeee0a904712.bookscapm-srv#flowable-async-job-executor-thread-1354#
[PollStartAppStatusExecution] ab51efbf-6a80-46f6-bcf2-75d28171c258 [2026-05-17T17:47:36.037030] at TracingChannel.traceSync (node:diagnostics_channel:328:14) (STDERR, APP/PROC/WEB)#
#2026 05 17 17:47:39.639#Z#DEBUG#ce142cac-5217-11f1-9eb0-eeee0a904712.bookscapm-srv#flowable-async-job-executor-thread-1354#
[PollStartAppStatusExecution] ab51efbf-6a80-46f6-bcf2-75d28171c258 [2026-05-17T17:47:36.037033] at wrapModuleLoad (node:internal/modules/cjs/loader:245:24) (STDERR, APP/PROC/WEB)#
#2026 05 17 17:47:39.639#Z#DEBUG#ce142cac-5217-11f1-9eb0-eeee0a904712.bookscapm-srv#flowable-async-job-executor-thread-1354#
[PollStartAppStatusExecution] ab51efbf-6a80-46f6-bcf2-75d28171c258 [2026-05-17T17:47:36.037036] at Module.require (node:internal/modules/cjs/loader:1504:12) (STDERR, APP/PROC/WEB)#
#2026 05 17 17:47:39.639#Z#DEBUG#ce142cac-5217-11f1-9eb0-eeee0a904712.bookscapm-srv#flowable-async-job-executor-thread-1354#
[PollStartAppStatusExecution] ab51efbf-6a80-46f6-bcf2-75d28171c258 [2026-05-17T17:47:36.037039] at require (node:internal/modules/helpers:152:16) (STDERR, APP/PROC/WEB)#
#2026 05 17 17:47:39.639#Z#DEBUG#ce142cac-5217-11f1-9eb0-eeee0a904712.bookscapm-srv#flowable-async-job-executor-thread-1354#
[PollStartAppStatusExecution] ab51efbf-6a80-46f6-bcf2-75d28171c258 [2026-05-17T17:47:36.037042] at Object.<anonymous> (/home/vcap/app/node_modules/@sap/cds/lib/srv/middlewares/auth/xssec.js:2:17) (STDERR, APP/PROC/WEB)#
#2026 05 17 17:47:39.639#Z#DEBUG#ce142cac-5217-11f1-9eb0-eeee0a904712.bookscapm-srv#flowable-async-job-executor-thread-1354#
[PollStartAppStatusExecution] ab51efbf-6a80-46f6-bcf2-75d28171c258 [2026-05-17T17:47:36.037045] at Module._compile (node:internal/modules/cjs/loader:1761:14) { (STDERR, APP/PROC/WEB)#
#2026 05 17 17:47:39.639#Z#DEBUG#ce142cac-5217-11f1-9eb0-eeee0a904712.bookscapm-srv#flowable-async-job-executor-thread-1354#
[PollStartAppStatusExecution] ab51efbf-6a80-46f6-bcf2-75d28171c258 [2026-05-17T17:47:36.037048] code: 'MODULE_NOT_FOUND', (STDERR, APP/PROC/WEB)#
#2026 05 17 17:47:39.639#Z#DEBUG#ce142cac-5217-11f1-9eb0-eeee0a904712.bookscapm-srv#flowable-async-job-executor-thread-1354#
[PollStartAppStatusExecution] ab51efbf-6a80-46f6-bcf2-75d28171c258 [2026-05-17T17:47:36.037051] requireStack: [ (STDERR, APP/PROC/WEB)#
#2026 05 17 17:47:39.639#Z#DEBUG#ce142cac-5217-11f1-9eb0-eeee0a904712.bookscapm-srv#flowable-async-job-executor-thread-1354#
[PollStartAppStatusExecution] ab51efbf-6a80-46f6-bcf2-75d28171c258 [2026-05-17T17:47:36.037054] '/home/vcap/app/node_modules/@sap/cds/lib/srv/middlewares/auth/xssec.js', (STDERR, APP/PROC/WEB)#
#2026 05 17 17:47:39.639#Z#DEBUG#ce142cac-5217-11f1-9eb0-eeee0a904712.bookscapm-srv#flowable-async-job-executor-thread-1354#
[PollStartAppStatusExecution] ab51efbf-6a80-46f6-bcf2-75d28171c258 [2026-05-17T17:47:36.037058] '/home/vcap/app/node_modules/@sap/cds/lib/srv/middlewares/auth/jwt-auth.js', (STDERR, APP/PROC/WEB)#
#2026 05 17 17:47:39.639#Z#DEBUG#ce142cac-5217-11f1-9eb0-eeee0a904712.bookscapm-srv#flowable-async-job-executor-thread-1354#
[PollStartAppStatusExecution] ab51efbf-6a80-46f6-bcf2-75d28171c258 [2026-05-17T17:47:36.037061] '/home/vcap/app/node_modules/@sap/cds/lib/srv/middlewares/auth/index.js', (STDERR, APP/PROC/WEB)#
#2026 05 17 17:47:39.639#Z#DEBUG#ce142cac-5217-11f1-9eb0-eeee0a904712.bookscapm-srv#flowable-async-job-executor-thread-1354#
[PollStartAppStatusExecution] ab51efbf-6a80-46f6-bcf2-75d28171c258 [2026-05-17T17:47:36.037065] '/home/vcap/app/node_modules/@sap/cds/lib/srv/middlewares/index.js', (STDERR, APP/PROC/WEB)#
#2026 05 17 17:47:39.639#Z#DEBUG#ce142cac-5217-11f1-9eb0-eeee0a904712.bookscapm-srv#flowable-async-job-executor-thread-1354#
[PollStartAppStatusExecution] ab51efbf-6a80-46f6-bcf2-75d28171c258 [2026-05-17T17:47:36.037067] '/home/vcap/app/node_modules/@sap/cds/lib/index.js', (STDERR, APP/PROC/WEB)#
#2026 05 17 17:47:39.639#Z#DEBUG#ce142cac-5217-11f1-9eb0-eeee0a904712.bookscapm-srv#flowable-async-job-executor-thread-1354#
[PollStartAppStatusExecution] ab51efbf-6a80-46f6-bcf2-75d28171c258 [2026-05-17T17:47:36.037070] '/home/vcap/app/node_modules/@sap/cds/bin/serve.js' (STDERR, APP/PROC/WEB)#
#2026 05 17 17:47:39.639#Z#DEBUG#ce142cac-5217-11f1-9eb0-eeee0a904712.bookscapm-srv#flowable-async-job-executor-thread-1354#
[PollStartAppStatusExecution] ab51efbf-6a80-46f6-bcf2-75d28171c258 [2026-05-17T17:47:36.037073] ] (STDERR, APP/PROC/WEB)#
#2026 05 17 17:47:39.639#Z#DEBUG#ce142cac-5217-11f1-9eb0-eeee0a904712.bookscapm-srv#flowable-async-job-executor-thread-1354#
[PollStartAppStatusExecution] ab51efbf-6a80-46f6-bcf2-75d28171c258 [2026-05-17T17:47:36.037075] } (STDERR, APP/PROC/WEB)#
#2026 05 17 17:47:39.639#Z#DEBUG#ce142cac-5217-11f1-9eb0-eeee0a904712.bookscapm-srv#flowable-async-job-executor-thread-1354#
[PollStartAppStatusExecution] ab51efbf-6a80-46f6-bcf2-75d28171c258 [2026-05-17T17:47:36.037081] Node.js v24.13.0 (STDERR, APP/PROC/WEB)#
#2026 05 17 17:47:39.639#Z#DEBUG#ce142cac-5217-11f1-9eb0-eeee0a904712.bookscapm-srv#flowable-async-job-executor-thread-1354#
[PollStartAppStatusExecution] ab51efbf-6a80-46f6-bcf2-75d28171c258 [2026-05-17T17:47:36.051324] npm notice (STDERR, APP/PROC/WEB)#
#2026 05 17 17:47:39.639#Z#DEBUG#ce142cac-5217-11f1-9eb0-eeee0a904712.bookscapm-srv#flowable-async-job-executor-thread-1354#
[PollStartAppStatusExecution] ab51efbf-6a80-46f6-bcf2-75d28171c258 [2026-05-17T17:47:36.051335] npm notice New minor version of npm available! 11.6.2 -> 11.14.1 (STDERR, APP/PROC/WEB)#
#2026 05 17 17:47:39.639#Z#DEBUG#ce142cac-5217-11f1-9eb0-eeee0a904712.bookscapm-srv#flowable-async-job-executor-thread-1354#
[PollStartAppStatusExecution] ab51efbf-6a80-46f6-bcf2-75d28171c258 [2026-05-17T17:47:36.051340] npm notice Changelog: https://github.com/npm/cli/releases/tag/v11.14.1 (STDERR, APP/PROC/WEB)#
#2026 05 17 17:47:39.639#Z#DEBUG#ce142cac-5217-11f1-9eb0-eeee0a904712.bookscapm-srv#flowable-async-job-executor-thread-1354#
[PollStartAppStatusExecution] ab51efbf-6a80-46f6-bcf2-75d28171c258 [2026-05-17T17:47:36.051343] npm notice To update run: npm install -g npm@11.14.1 (STDERR, APP/PROC/WEB)#
#2026 05 17 17:47:39.639#Z#DEBUG#ce142cac-5217-11f1-9eb0-eeee0a904712.bookscapm-srv#flowable-async-job-executor-thread-1354#
[PollStartAppStatusExecution] ab51efbf-6a80-46f6-bcf2-75d28171c258 [2026-05-17T17:47:36.051346] npm notice (STDERR, APP/PROC/WEB)#
#2026 05 17 17:47:39.639#Z#DEBUG#ce142cac-5217-11f1-9eb0-eeee0a904712.bookscapm-srv#flowable-async-job-executor-thread-1354#
[PollStartAppStatusExecution] ab51efbf-6a80-46f6-bcf2-75d28171c258 [2026-05-17T17:47:36.126479] Exit status 1 (STDOUT, APP/PROC/WEB)#
#2026 05 17 17:47:49.689#Z#DEBUG#ce142cac-5217-11f1-9eb0-eeee0a904712.bookscapm-srv#flowable-async-job-executor-thread-1356#
[PollStartAppStatusExecution] ab51efbf-6a80-46f6-bcf2-75d28171c258 [2026-05-17T17:47:42.871975] Cell 3697da87-6170-41a4-acb7-9186f1527dfa stopping instance bfe3486a-bf03-459b-4b91-201a (STDOUT, CELL)#
#2026 05 17 17:47:49.689#Z#DEBUG#ce142cac-5217-11f1-9eb0-eeee0a904712.bookscapm-srv#flowable-async-job-executor-thread-1356#
[PollStartAppStatusExecution] ab51efbf-6a80-46f6-bcf2-75d28171c258 [2026-05-17T17:47:42.872011] Cell 3697da87-6170-41a4-acb7-9186f1527dfa destroying container for instance bfe3486a-bf03-459b-4b91-201a (STDOUT, CELL)#
#2026 05 17 17:47:49.689#Z#DEBUG#ce142cac-5217-11f1-9eb0-eeee0a904712.bookscapm-srv#flowable-async-job-executor-thread-1356#
[PollStartAppStatusExecution] ab51efbf-6a80-46f6-bcf2-75d28171c258 [2026-05-17T17:47:42.878693] Process has crashed with type: "web" (STDOUT, API)#
#2026 05 17 17:47:49.689#Z#DEBUG#ce142cac-5217-11f1-9eb0-eeee0a904712.bookscapm-srv#flowable-async-job-executor-thread-1356#
[PollStartAppStatusExecution] ab51efbf-6a80-46f6-bcf2-75d28171c258 [2026-05-17T17:47:42.903113] App instance exited with guid ab51efbf-6a80-46f6-bcf2-75d28171c258 payload: {"instance"=>"bfe3486a-bf03-459b-4b91-201a", "index"=>0, "cell_id"=>"3697da87-6170-41a4-acb7-9186f1527dfa", "reason"=>"CRASHED", "exit_description"=>"APP/PROC/WEB: Exited with status 1", "crash_count"=>2, "crash_timestamp"=>1779040062848149317, "version"=>"2c2ea5f2-52a0-4b63-b427-7b9b396338a5"} (STDOUT, API)#
#2026 05 17 17:47:49.689#Z#DEBUG#ce142cac-5217-11f1-9eb0-eeee0a904712.bookscapm-srv#flowable-async-job-executor-thread-1356#
[PollStartAppStatusExecution] ab51efbf-6a80-46f6-bcf2-75d28171c258 [2026-05-17T17:47:42.927369] Cell 54b50d35-322b-4617-baa3-c13476b47cb5 creating container for instance bdf4e711-e7f7-4de1-49cd-4a60 (STDOUT, CELL)#
#2026 05 17 17:47:49.689#Z#DEBUG#ce142cac-5217-11f1-9eb0-eeee0a904712.bookscapm-srv#flowable-async-job-executor-thread-1356#
[PollStartAppStatusExecution] ab51efbf-6a80-46f6-bcf2-75d28171c258 [2026-05-17T17:47:43.008994] Exit status 137 (STDOUT, PROXY)#
#2026 05 17 17:47:49.689#Z#DEBUG#ce142cac-5217-11f1-9eb0-eeee0a904712.bookscapm-srv#flowable-async-job-executor-thread-1356#
[PollStartAppStatusExecution] ab51efbf-6a80-46f6-bcf2-75d28171c258 [2026-05-17T17:47:43.720549] Security group rules were updated (STDOUT, CELL)#
#2026 05 17 17:47:49.689#Z#DEBUG#ce142cac-5217-11f1-9eb0-eeee0a904712.bookscapm-srv#flowable-async-job-executor-thread-1356#
[PollStartAppStatusExecution] ab51efbf-6a80-46f6-bcf2-75d28171c258 [2026-05-17T17:47:43.809493] Cell 54b50d35-322b-4617-baa3-c13476b47cb5 successfully created container for instance bdf4e711-e7f7-4de1-49cd-4a60 (STDOUT, CELL)#
#2026 05 17 17:47:49.689#Z#DEBUG#ce142cac-5217-11f1-9eb0-eeee0a904712.bookscapm-srv#flowable-async-job-executor-thread-1356#
[PollStartAppStatusExecution] ab51efbf-6a80-46f6-bcf2-75d28171c258 [2026-05-17T17:47:44.932908] Downloading droplet... (STDOUT, CELL)#
#2026 05 17 17:47:49.689#Z#DEBUG#ce142cac-5217-11f1-9eb0-eeee0a904712.bookscapm-srv#flowable-async-job-executor-thread-1356#
[PollStartAppStatusExecution] ab51efbf-6a80-46f6-bcf2-75d28171c258 [2026-05-17T17:47:45.410851] Cell 3697da87-6170-41a4-acb7-9186f1527dfa successfully destroyed container for instance bfe3486a-bf03-459b-4b91-201a (STDOUT, CELL)#
#2026 05 17 17:47:49.689#Z#DEBUG#ce142cac-5217-11f1-9eb0-eeee0a904712.bookscapm-srv#flowable-async-job-executor-thread-1356#
[PollStartAppStatusExecution] ab51efbf-6a80-46f6-bcf2-75d28171c258 [2026-05-17T17:47:47.024439] Downloaded droplet (STDOUT, CELL)#
#2026 05 17 17:47:49.689#Z#DEBUG#ce142cac-5217-11f1-9eb0-eeee0a904712.bookscapm-srv#flowable-async-job-executor-thread-1356#
[PollStartAppStatusExecution] ab51efbf-6a80-46f6-bcf2-75d28171c258 [2026-05-17T17:47:47.024863] Starting health monitoring of container (STDOUT, CELL)#
#2026 05 17 17:47:49.689#Z#DEBUG#ce142cac-5217-11f1-9eb0-eeee0a904712.bookscapm-srv#flowable-async-job-executor-thread-1356#
[PollStartAppStatusExecution] ab51efbf-6a80-46f6-bcf2-75d28171c258 [2026-05-17T17:47:47.168981] Invoking pre-start scripts. (STDOUT, APP/PROC/WEB)#
#2026 05 17 17:47:49.689#Z#DEBUG#ce142cac-5217-11f1-9eb0-eeee0a904712.bookscapm-srv#flowable-async-job-executor-thread-1356#
[PollStartAppStatusExecution] ab51efbf-6a80-46f6-bcf2-75d28171c258 [2026-05-17T17:47:47.482718] Invoking start command. (STDOUT, APP/PROC/WEB)#
#2026 05 17 17:47:49.689#Z#DEBUG#ce142cac-5217-11f1-9eb0-eeee0a904712.bookscapm-srv#flowable-async-job-executor-thread-1356#
[PollStartAppStatusExecution] ab51efbf-6a80-46f6-bcf2-75d28171c258 [2026-05-17T17:47:47.982126] > bookscapm@1.0.0 start (STDOUT, APP/PROC/WEB)#
#2026 05 17 17:47:49.689#Z#DEBUG#ce142cac-5217-11f1-9eb0-eeee0a904712.bookscapm-srv#flowable-async-job-executor-thread-1356#
[PollStartAppStatusExecution] ab51efbf-6a80-46f6-bcf2-75d28171c258 [2026-05-17T17:47:47.982151] > cds-serve (STDOUT, APP/PROC/WEB)#
#2026 05 17 17:47:49.689#Z#DEBUG#ce142cac-5217-11f1-9eb0-eeee0a904712.bookscapm-srv#flowable-async-job-executor-thread-1356#
[PollStartAppStatusExecution] ab51efbf-6a80-46f6-bcf2-75d28171c258 [2026-05-17T17:47:48.283481] {"level":"info","logger":"cds","timestamp":"2026-05-17T17:47:48.281Z","layer":"cds","component_type":"application","container_id":"10.32.1.6","component_id":"ab51efbf-6a80-46f6-bcf2-75d28171c258","component_name":"bookscapm-srv","component_instance":0,"source_instance":0,"organization_name":"53d2ceb3trial","organization_id":"2243168d-2a9f-490d-bf17-3322448edf8b","space_name":"dev","space_id":"da2f47c5-67bb-4739-9dbb-6384db716e72","msg":"loaded model from 1 file(s):\n ","type":"log"} (STDOUT, APP/PROC/WEB)#
#2026 05 17 17:47:49.689#Z#DEBUG#ce142cac-5217-11f1-9eb0-eeee0a904712.bookscapm-srv#flowable-async-job-executor-thread-1356#
[PollStartAppStatusExecution] ab51efbf-6a80-46f6-bcf2-75d28171c258 [2026-05-17T17:47:48.283996] srv/csn.json (STDOUT, APP/PROC/WEB)#
#2026 05 17 17:47:49.689#Z#DEBUG#ce142cac-5217-11f1-9eb0-eeee0a904712.bookscapm-srv#flowable-async-job-executor-thread-1356#
[PollStartAppStatusExecution] ab51efbf-6a80-46f6-bcf2-75d28171c258 [2026-05-17T17:47:48.513372] {"level":"info","logger":"cds","timestamp":"2026-05-17T17:47:48.512Z","layer":"cds","component_type":"application","container_id":"10.32.1.6","component_id":"ab51efbf-6a80-46f6-bcf2-75d28171c258","component_name":"bookscapm-srv","component_instance":0,"source_instance":0,"organization_name":"53d2ceb3trial","organization_id":"2243168d-2a9f-490d-bf17-3322448edf8b","space_name":"dev","space_id":"da2f47c5-67bb-4739-9dbb-6384db716e72","msg":"connect to db > hana {\n  database_id: '7139a3f2-f85c-4b2f-aeb0-2db26a0a6bd7',\n  host: '7139a3f2-f85c-4b2f-aeb0-2db26a0a6bd7.hana.prod-ap21.hanacloud.ondemand.com',\n  port: '443',\n  driver: 'com.sap.db.jdbc.Driver',\n  url: 'jdbc:sap://7139a3f2-f85c-4b2f-aeb0-2db26a0a6bd7.hana.prod-ap21.hanacloud.ondemand.com:443?encrypt=true&validateCertificate=true&currentschema=C267CE7888044773AAA7C1B3CFC7C46E',\n  schema: 'C267CE7888044773AAA7C1B3CFC7C46E',\n  certificate: '...',\n  hdi_user: 'C267CE7888044773AAA7C1B3CFC7C46E_CVMXEJO6N50EXYFUMY54SI8SM_DT',\n  hdi_password: '...',\n  user: 'C267CE7888044773AAA7C1B3CFC7C46E_CVMXEJO6N50EXYFUMY54SI8SM_RT',\n  password: '...'\n}","type":"log"} (STDOUT, APP/PROC/WEB)#
#2026 05 17 17:47:49.689#Z#DEBUG#ce142cac-5217-11f1-9eb0-eeee0a904712.bookscapm-srv#flowable-async-job-executor-thread-1356#
[PollStartAppStatusExecution] ab51efbf-6a80-46f6-bcf2-75d28171c258 [2026-05-17T17:47:48.547023] {"level":"info","logger":"cds","timestamp":"2026-05-17T17:47:48.546Z","layer":"cds","component_type":"application","container_id":"10.32.1.6","component_id":"ab51efbf-6a80-46f6-bcf2-75d28171c258","component_name":"bookscapm-srv","component_instance":0,"source_instance":0,"organization_name":"53d2ceb3trial","organization_id":"2243168d-2a9f-490d-bf17-3322448edf8b","space_name":"dev","space_id":"da2f47c5-67bb-4739-9dbb-6384db716e72","msg":"using auth strategy { kind: 'jwt' }","type":"log"} (STDOUT, APP/PROC/WEB)#
#2026 05 17 17:47:49.689#Z#DEBUG#ce142cac-5217-11f1-9eb0-eeee0a904712.bookscapm-srv#flowable-async-job-executor-thread-1356#
[PollStartAppStatusExecution] ab51efbf-6a80-46f6-bcf2-75d28171c258 [2026-05-17T17:47:48.548970] node:internal/modules/cjs/loader:1421 (STDERR, APP/PROC/WEB)#
#2026 05 17 17:47:49.689#Z#DEBUG#ce142cac-5217-11f1-9eb0-eeee0a904712.bookscapm-srv#flowable-async-job-executor-thread-1356#
[PollStartAppStatusExecution] ab51efbf-6a80-46f6-bcf2-75d28171c258 [2026-05-17T17:47:48.548985] const err = new Error(message); (STDERR, APP/PROC/WEB)#
#2026 05 17 17:47:49.689#Z#DEBUG#ce142cac-5217-11f1-9eb0-eeee0a904712.bookscapm-srv#flowable-async-job-executor-thread-1356#
[PollStartAppStatusExecution] ab51efbf-6a80-46f6-bcf2-75d28171c258 [2026-05-17T17:47:48.548991] ^ (STDERR, APP/PROC/WEB)#
#2026 05 17 17:47:49.689#Z#DEBUG#ce142cac-5217-11f1-9eb0-eeee0a904712.bookscapm-srv#flowable-async-job-executor-thread-1356#
[PollStartAppStatusExecution] ab51efbf-6a80-46f6-bcf2-75d28171c258 [2026-05-17T17:47:48.548998] Error: Cannot find '@sap/xssec'. Make sure to install it with 'npm i @sap/xssec' (STDERR, APP/PROC/WEB)#
#2026 05 17 17:47:49.689#Z#DEBUG#ce142cac-5217-11f1-9eb0-eeee0a904712.bookscapm-srv#flowable-async-job-executor-thread-1356#
[PollStartAppStatusExecution] ab51efbf-6a80-46f6-bcf2-75d28171c258 [2026-05-17T17:47:48.549005] Cannot find module '@sap/xssec' (STDERR, APP/PROC/WEB)#
#2026 05 17 17:47:49.689#Z#DEBUG#ce142cac-5217-11f1-9eb0-eeee0a904712.bookscapm-srv#flowable-async-job-executor-thread-1356#
[PollStartAppStatusExecution] ab51efbf-6a80-46f6-bcf2-75d28171c258 [2026-05-17T17:47:48.549009] Require stack: (STDERR, APP/PROC/WEB)#
#2026 05 17 17:47:49.689#Z#DEBUG#ce142cac-5217-11f1-9eb0-eeee0a904712.bookscapm-srv#flowable-async-job-executor-thread-1356#
[PollStartAppStatusExecution] ab51efbf-6a80-46f6-bcf2-75d28171c258 [2026-05-17T17:47:48.549012] - /home/vcap/app/node_modules/@sap/cds/lib/srv/middlewares/auth/xssec.js (STDERR, APP/PROC/WEB)#
#2026 05 17 17:47:49.689#Z#DEBUG#ce142cac-5217-11f1-9eb0-eeee0a904712.bookscapm-srv#flowable-async-job-executor-thread-1356#
[PollStartAppStatusExecution] ab51efbf-6a80-46f6-bcf2-75d28171c258 [2026-05-17T17:47:48.549016] - /home/vcap/app/node_modules/@sap/cds/lib/srv/middlewares/auth/jwt-auth.js (STDERR, APP/PROC/WEB)#
#2026 05 17 17:47:49.689#Z#DEBUG#ce142cac-5217-11f1-9eb0-eeee0a904712.bookscapm-srv#flowable-async-job-executor-thread-1356#
[PollStartAppStatusExecution] ab51efbf-6a80-46f6-bcf2-75d28171c258 [2026-05-17T17:47:48.549019] - /home/vcap/app/node_modules/@sap/cds/lib/srv/middlewares/auth/index.js (STDERR, APP/PROC/WEB)#
#2026 05 17 17:47:49.689#Z#DEBUG#ce142cac-5217-11f1-9eb0-eeee0a904712.bookscapm-srv#flowable-async-job-executor-thread-1356#
[PollStartAppStatusExecution] ab51efbf-6a80-46f6-bcf2-75d28171c258 [2026-05-17T17:47:48.549024] - /home/vcap/app/node_modules/@sap/cds/lib/srv/middlewares/index.js (STDERR, APP/PROC/WEB)#
#2026 05 17 17:47:49.689#Z#DEBUG#ce142cac-5217-11f1-9eb0-eeee0a904712.bookscapm-srv#flowable-async-job-executor-thread-1356#
[PollStartAppStatusExecution] ab51efbf-6a80-46f6-bcf2-75d28171c258 [2026-05-17T17:47:48.549026] - /home/vcap/app/node_modules/@sap/cds/lib/index.js (STDERR, APP/PROC/WEB)#
#2026 05 17 17:47:49.689#Z#DEBUG#ce142cac-5217-11f1-9eb0-eeee0a904712.bookscapm-srv#flowable-async-job-executor-thread-1356#
[PollStartAppStatusExecution] ab51efbf-6a80-46f6-bcf2-75d28171c258 [2026-05-17T17:47:48.549029] - /home/vcap/app/node_modules/@sap/cds/bin/serve.js (STDERR, APP/PROC/WEB)#
#2026 05 17 17:47:49.689#Z#DEBUG#ce142cac-5217-11f1-9eb0-eeee0a904712.bookscapm-srv#flowable-async-job-executor-thread-1356#
[PollStartAppStatusExecution] ab51efbf-6a80-46f6-bcf2-75d28171c258 [2026-05-17T17:47:48.549033] at Module._resolveFilename (node:internal/modules/cjs/loader:1421:15) (STDERR, APP/PROC/WEB)#
#2026 05 17 17:47:49.689#Z#DEBUG#ce142cac-5217-11f1-9eb0-eeee0a904712.bookscapm-srv#flowable-async-job-executor-thread-1356#
[PollStartAppStatusExecution] ab51efbf-6a80-46f6-bcf2-75d28171c258 [2026-05-17T17:47:48.549036] at defaultResolveImpl (node:internal/modules/cjs/loader:1059:19) (STDERR, APP/PROC/WEB)#
#2026 05 17 17:47:49.689#Z#DEBUG#ce142cac-5217-11f1-9eb0-eeee0a904712.bookscapm-srv#flowable-async-job-executor-thread-1356#
[PollStartAppStatusExecution] ab51efbf-6a80-46f6-bcf2-75d28171c258 [2026-05-17T17:47:48.549040] at resolveForCJSWithHooks (node:internal/modules/cjs/loader:1064:22) (STDERR, APP/PROC/WEB)#
#2026 05 17 17:47:49.689#Z#DEBUG#ce142cac-5217-11f1-9eb0-eeee0a904712.bookscapm-srv#flowable-async-job-executor-thread-1356#
[PollStartAppStatusExecution] ab51efbf-6a80-46f6-bcf2-75d28171c258 [2026-05-17T17:47:48.549043] at Module._load (node:internal/modules/cjs/loader:1227:37) (STDERR, APP/PROC/WEB)#
#2026 05 17 17:47:49.689#Z#DEBUG#ce142cac-5217-11f1-9eb0-eeee0a904712.bookscapm-srv#flowable-async-job-executor-thread-1356#
[PollStartAppStatusExecution] ab51efbf-6a80-46f6-bcf2-75d28171c258 [2026-05-17T17:47:48.549046] at TracingChannel.traceSync (node:diagnostics_channel:328:14) (STDERR, APP/PROC/WEB)#
#2026 05 17 17:47:49.689#Z#DEBUG#ce142cac-5217-11f1-9eb0-eeee0a904712.bookscapm-srv#flowable-async-job-executor-thread-1356#
[PollStartAppStatusExecution] ab51efbf-6a80-46f6-bcf2-75d28171c258 [2026-05-17T17:47:48.549049] at wrapModuleLoad (node:internal/modules/cjs/loader:245:24) (STDERR, APP/PROC/WEB)#
#2026 05 17 17:47:49.689#Z#DEBUG#ce142cac-5217-11f1-9eb0-eeee0a904712.bookscapm-srv#flowable-async-job-executor-thread-1356#
[PollStartAppStatusExecution] ab51efbf-6a80-46f6-bcf2-75d28171c258 [2026-05-17T17:47:48.549052] at Module.require (node:internal/modules/cjs/loader:1504:12) (STDERR, APP/PROC/WEB)#
#2026 05 17 17:47:49.689#Z#DEBUG#ce142cac-5217-11f1-9eb0-eeee0a904712.bookscapm-srv#flowable-async-job-executor-thread-1356#
[PollStartAppStatusExecution] ab51efbf-6a80-46f6-bcf2-75d28171c258 [2026-05-17T17:47:48.549057] at require (node:internal/modules/helpers:152:16) (STDERR, APP/PROC/WEB)#
#2026 05 17 17:47:49.689#Z#DEBUG#ce142cac-5217-11f1-9eb0-eeee0a904712.bookscapm-srv#flowable-async-job-executor-thread-1356#
[PollStartAppStatusExecution] ab51efbf-6a80-46f6-bcf2-75d28171c258 [2026-05-17T17:47:48.549060] at Object.<anonymous> (/home/vcap/app/node_modules/@sap/cds/lib/srv/middlewares/auth/xssec.js:2:17) (STDERR, APP/PROC/WEB)#
#2026 05 17 17:47:49.689#Z#DEBUG#ce142cac-5217-11f1-9eb0-eeee0a904712.bookscapm-srv#flowable-async-job-executor-thread-1356#
[PollStartAppStatusExecution] ab51efbf-6a80-46f6-bcf2-75d28171c258 [2026-05-17T17:47:48.549063] at Module._compile (node:internal/modules/cjs/loader:1761:14) { (STDERR, APP/PROC/WEB)#
#2026 05 17 17:47:49.689#Z#DEBUG#ce142cac-5217-11f1-9eb0-eeee0a904712.bookscapm-srv#flowable-async-job-executor-thread-1356#
[PollStartAppStatusExecution] ab51efbf-6a80-46f6-bcf2-75d28171c258 [2026-05-17T17:47:48.549067] code: 'MODULE_NOT_FOUND', (STDERR, APP/PROC/WEB)#
#2026 05 17 17:47:49.689#Z#DEBUG#ce142cac-5217-11f1-9eb0-eeee0a904712.bookscapm-srv#flowable-async-job-executor-thread-1356#
[PollStartAppStatusExecution] ab51efbf-6a80-46f6-bcf2-75d28171c258 [2026-05-17T17:47:48.549071] requireStack: [ (STDERR, APP/PROC/WEB)#
#2026 05 17 17:47:49.689#Z#DEBUG#ce142cac-5217-11f1-9eb0-eeee0a904712.bookscapm-srv#flowable-async-job-executor-thread-1356#
[PollStartAppStatusExecution] ab51efbf-6a80-46f6-bcf2-75d28171c258 [2026-05-17T17:47:48.549076] '/home/vcap/app/node_modules/@sap/cds/lib/srv/middlewares/auth/xssec.js', (STDERR, APP/PROC/WEB)#
#2026 05 17 17:47:49.689#Z#DEBUG#ce142cac-5217-11f1-9eb0-eeee0a904712.bookscapm-srv#flowable-async-job-executor-thread-1356#
[PollStartAppStatusExecution] ab51efbf-6a80-46f6-bcf2-75d28171c258 [2026-05-17T17:47:48.549079] '/home/vcap/app/node_modules/@sap/cds/lib/srv/middlewares/auth/jwt-auth.js', (STDERR, APP/PROC/WEB)#
#2026 05 17 17:47:49.689#Z#DEBUG#ce142cac-5217-11f1-9eb0-eeee0a904712.bookscapm-srv#flowable-async-job-executor-thread-1356#
[PollStartAppStatusExecution] ab51efbf-6a80-46f6-bcf2-75d28171c258 [2026-05-17T17:47:48.549082] '/home/vcap/app/node_modules/@sap/cds/lib/srv/middlewares/auth/index.js', (STDERR, APP/PROC/WEB)#
#2026 05 17 17:47:49.689#Z#DEBUG#ce142cac-5217-11f1-9eb0-eeee0a904712.bookscapm-srv#flowable-async-job-executor-thread-1356#
[PollStartAppStatusExecution] ab51efbf-6a80-46f6-bcf2-75d28171c258 [2026-05-17T17:47:48.549086] '/home/vcap/app/node_modules/@sap/cds/lib/srv/middlewares/index.js', (STDERR, APP/PROC/WEB)#
#2026 05 17 17:47:49.689#Z#DEBUG#ce142cac-5217-11f1-9eb0-eeee0a904712.bookscapm-srv#flowable-async-job-executor-thread-1356#
[PollStartAppStatusExecution] ab51efbf-6a80-46f6-bcf2-75d28171c258 [2026-05-17T17:47:48.549090] '/home/vcap/app/node_modules/@sap/cds/lib/index.js', (STDERR, APP/PROC/WEB)#
#2026 05 17 17:47:49.689#Z#DEBUG#ce142cac-5217-11f1-9eb0-eeee0a904712.bookscapm-srv#flowable-async-job-executor-thread-1356#
[PollStartAppStatusExecution] ab51efbf-6a80-46f6-bcf2-75d28171c258 [2026-05-17T17:47:48.549094] '/home/vcap/app/node_modules/@sap/cds/bin/serve.js' (STDERR, APP/PROC/WEB)#
#2026 05 17 17:47:49.689#Z#DEBUG#ce142cac-5217-11f1-9eb0-eeee0a904712.bookscapm-srv#flowable-async-job-executor-thread-1356#
[PollStartAppStatusExecution] ab51efbf-6a80-46f6-bcf2-75d28171c258 [2026-05-17T17:47:48.549099] ] (STDERR, APP/PROC/WEB)#
#2026 05 17 17:47:49.689#Z#DEBUG#ce142cac-5217-11f1-9eb0-eeee0a904712.bookscapm-srv#flowable-async-job-executor-thread-1356#
[PollStartAppStatusExecution] ab51efbf-6a80-46f6-bcf2-75d28171c258 [2026-05-17T17:47:48.549102] } (STDERR, APP/PROC/WEB)#
#2026 05 17 17:47:49.689#Z#DEBUG#ce142cac-5217-11f1-9eb0-eeee0a904712.bookscapm-srv#flowable-async-job-executor-thread-1356#
[PollStartAppStatusExecution] ab51efbf-6a80-46f6-bcf2-75d28171c258 [2026-05-17T17:47:48.549106] Node.js v24.13.0 (STDERR, APP/PROC/WEB)#
#2026 05 17 17:47:49.689#Z#DEBUG#ce142cac-5217-11f1-9eb0-eeee0a904712.bookscapm-srv#flowable-async-job-executor-thread-1356#
[PollStartAppStatusExecution] ab51efbf-6a80-46f6-bcf2-75d28171c258 [2026-05-17T17:47:48.568462] npm notice (STDERR, APP/PROC/WEB)#
#2026 05 17 17:47:49.689#Z#DEBUG#ce142cac-5217-11f1-9eb0-eeee0a904712.bookscapm-srv#flowable-async-job-executor-thread-1356#
[PollStartAppStatusExecution] ab51efbf-6a80-46f6-bcf2-75d28171c258 [2026-05-17T17:47:48.568496] npm notice New minor version of npm available! 11.6.2 -> 11.14.1 (STDERR, APP/PROC/WEB)#
#2026 05 17 17:47:49.689#Z#DEBUG#ce142cac-5217-11f1-9eb0-eeee0a904712.bookscapm-srv#flowable-async-job-executor-thread-1356#
[PollStartAppStatusExecution] ab51efbf-6a80-46f6-bcf2-75d28171c258 [2026-05-17T17:47:48.568505] npm notice Changelog: https://github.com/npm/cli/releases/tag/v11.14.1 (STDERR, APP/PROC/WEB)#
#2026 05 17 17:47:49.689#Z#DEBUG#ce142cac-5217-11f1-9eb0-eeee0a904712.bookscapm-srv#flowable-async-job-executor-thread-1356#
[PollStartAppStatusExecution] ab51efbf-6a80-46f6-bcf2-75d28171c258 [2026-05-17T17:47:48.568514] npm notice To update run: npm install -g npm@11.14.1 (STDERR, APP/PROC/WEB)#
#2026 05 17 17:47:49.689#Z#DEBUG#ce142cac-5217-11f1-9eb0-eeee0a904712.bookscapm-srv#flowable-async-job-executor-thread-1356#
[PollStartAppStatusExecution] ab51efbf-6a80-46f6-bcf2-75d28171c258 [2026-05-17T17:47:48.568519] npm notice (STDERR, APP/PROC/WEB)#
#2026 05 17 17:47:49.689#Z#DEBUG#ce142cac-5217-11f1-9eb0-eeee0a904712.bookscapm-srv#flowable-async-job-executor-thread-1356#
[PollStartAppStatusExecution] ab51efbf-6a80-46f6-bcf2-75d28171c258 [2026-05-17T17:47:48.664380] Exit status 1 (STDOUT, APP/PROC/WEB)#
#2026 05 17 17:47:59.695#Z#DEBUG#ce142cac-5217-11f1-9eb0-eeee0a904712.bookscapm-srv#flowable-async-job-executor-thread-1358#
[PollStartAppStatusExecution] ab51efbf-6a80-46f6-bcf2-75d28171c258 [2026-05-17T17:47:56.389777] Cell 54b50d35-322b-4617-baa3-c13476b47cb5 stopping instance bdf4e711-e7f7-4de1-49cd-4a60 (STDOUT, CELL)#
#2026 05 17 17:47:59.695#Z#DEBUG#ce142cac-5217-11f1-9eb0-eeee0a904712.bookscapm-srv#flowable-async-job-executor-thread-1358#
[PollStartAppStatusExecution] ab51efbf-6a80-46f6-bcf2-75d28171c258 [2026-05-17T17:47:56.389854] Cell 54b50d35-322b-4617-baa3-c13476b47cb5 destroying container for instance bdf4e711-e7f7-4de1-49cd-4a60 (STDOUT, CELL)#
#2026 05 17 17:47:59.695#Z#DEBUG#ce142cac-5217-11f1-9eb0-eeee0a904712.bookscapm-srv#flowable-async-job-executor-thread-1358#
[PollStartAppStatusExecution] ab51efbf-6a80-46f6-bcf2-75d28171c258 [2026-05-17T17:47:56.420250] Process has crashed with type: "web" (STDOUT, API)#
#2026 05 17 17:47:59.695#Z#DEBUG#ce142cac-5217-11f1-9eb0-eeee0a904712.bookscapm-srv#flowable-async-job-executor-thread-1358#
[PollStartAppStatusExecution] ab51efbf-6a80-46f6-bcf2-75d28171c258 [2026-05-17T17:47:56.444140] App instance exited with guid ab51efbf-6a80-46f6-bcf2-75d28171c258 payload: {"instance"=>"bdf4e711-e7f7-4de1-49cd-4a60", "index"=>0, "cell_id"=>"54b50d35-322b-4617-baa3-c13476b47cb5", "reason"=>"CRASHED", "exit_description"=>"APP/PROC/WEB: Exited with status 1", "crash_count"=>3, "crash_timestamp"=>1779040076389270003, "version"=>"2c2ea5f2-52a0-4b63-b427-7b9b396338a5"} (STDOUT, API)#
#2026 05 17 17:47:59.695#Z#DEBUG#ce142cac-5217-11f1-9eb0-eeee0a904712.bookscapm-srv#flowable-async-job-executor-thread-1358#
[PollStartAppStatusExecution] ab51efbf-6a80-46f6-bcf2-75d28171c258 [2026-05-17T17:47:56.551422] Exit status 137 (STDOUT, PROXY)#
