#2026 05 17 17:42:42.035#Z#INFO#ce142cac-5217-11f1-9eb0-eeee0a904712.OPERATION#http-nio-0.0.0.0-8080-exec-5#
[XS2StartProcessListener] Operation ID: ce142cac-5217-11f1-9eb0-eeee0a904712#
#2026 05 17 17:42:42.079#Z#DEBUG#ce142cac-5217-11f1-9eb0-eeee0a904712.OPERATION#http-nio-0.0.0.0-8080-exec-5#
[XS2StartProcessListener] Process environment: {
  "SKIP_SSL_VALIDATION" : "false",
  "FLOWABLE_JOB_EXECUTOR_MAX_THREADS" : "32",
  "VERSION" : "2.45.0",
  "BASIC_AUTH_ENABLED" : "true",
  "FLOWABLE_JOB_EXECUTOR_QUEUE_CAPACITY" : "16",
  "FLOWABLE_JOB_EXECUTOR_CORE_THREADS" : "8"
}#
#2026 05 17 17:42:42.079#Z#DEBUG#ce142cac-5217-11f1-9eb0-eeee0a904712.OPERATION#http-nio-0.0.0.0-8080-exec-5#
[XS2StartProcessListener] Current user: ajitkerle70@gmail.com#
#2026 05 17 17:42:42.079#Z#DEBUG#ce142cac-5217-11f1-9eb0-eeee0a904712.OPERATION#http-nio-0.0.0.0-8080-exec-5#
[XS2StartProcessListener] Client space: dev#
#2026 05 17 17:42:42.079#Z#DEBUG#ce142cac-5217-11f1-9eb0-eeee0a904712.OPERATION#http-nio-0.0.0.0-8080-exec-5#
[XS2StartProcessListener] Client organization: 53d2ceb3trial#
#2026 05 17 17:42:42.080#Z#INFO#ce142cac-5217-11f1-9eb0-eeee0a904712.OPERATION#http-nio-0.0.0.0-8080-exec-5#
[XS2StartProcessListener] Process variables: {
  "keepFiles" : false,
  "skipAppDigestCalculation" : false,
  "abortOnError" : false,
  "mtaId" : "bookscapm",
  "noFailOnMissingPermissions" : false,
  "isSecurityEnabled" : false,
  "apiRequestPath" : "https://deploy-service.cf.ap21.hana.ondemand.com/api/v1/spaces/da2f47c5-67bb-4739-9dbb-6384db716e72/operations",
  "deleteServiceBrokers" : false,
  "appArchiveId" : "55bbf1da-e049-4526-af52-bf01cfdc28ac",
  "isDisposableUserProvidedServiceEnabled" : false,
  "deleteServiceKeys" : false,
  "noRestartSubscribedApps" : false,
  "noStart" : false,
  "deleteServices" : false
}#
#2026 05 17 17:42:42.154#Z#DEBUG#ce142cac-5217-11f1-9eb0-eeee0a904712.OPERATION#flowable-async-job-executor-thread-367#
[ValidateDeployParametersStep] Executing task "validateParametersTask" of process "ce142cd2-5217-11f1-9eb0-eeee0a904712"...#
#2026 05 17 17:42:42.154#Z#DEBUG#ce142cac-5217-11f1-9eb0-eeee0a904712.OPERATION#flowable-async-job-executor-thread-367#
[ValidateDeployParametersStep] Validating parameters...#
#2026 05 17 17:42:42.156#Z#INFO#ce142cac-5217-11f1-9eb0-eeee0a904712.OPERATION#flowable-async-job-executor-thread-367#
[ValidateDeployParametersStep] Size of mtars is 8,727,831 and size of extension descriptors is 0#
#2026 05 17 17:42:42.217#Z#INFO#ce142cac-5217-11f1-9eb0-eeee0a904712.OPERATION#flowable-async-job-executor-thread-367#
[ValidateDeployParametersStep] Archive was not split! Total size in bytes: 8,727,831#
#2026 05 17 17:42:42.217#Z#INFO#ce142cac-5217-11f1-9eb0-eeee0a904712.OPERATION#flowable-async-job-executor-thread-367#
[ValidateDeployParametersStep] Deploying in org "53d2ceb3trial" and space "dev"#
#2026 05 17 17:42:42.232#Z#DEBUG#ce142cac-5217-11f1-9eb0-eeee0a904712.OPERATION#flowable-async-job-executor-thread-367#
[ValidateDeployParametersStep] Parameters validated#
#2026 05 17 17:42:42.232#Z#DEBUG#ce142cac-5217-11f1-9eb0-eeee0a904712.OPERATION#flowable-async-job-executor-thread-367#
Step "Validate Parameters" finished#
#2026 05 17 17:42:42.279#Z#DEBUG#ce142cac-5217-11f1-9eb0-eeee0a904712.OPERATION#flowable-async-job-executor-thread-368#
[DeleteRemainingFileParts] Executing task "deleteRemainingFileParts" of process "ce142cd2-5217-11f1-9eb0-eeee0a904712"...#
#2026 05 17 17:42:42.280#Z#DEBUG#ce142cac-5217-11f1-9eb0-eeee0a904712.OPERATION#flowable-async-job-executor-thread-368#
Step "Delete Remaining File Parts" finished#
#2026 05 17 17:42:42.321#Z#DEBUG#ce142cac-5217-11f1-9eb0-eeee0a904712.OPERATION#flowable-async-job-executor-thread-369#
[XS2ProcessMtaArchiveStep] Executing task "processArchiveTask" of process "ce142cd2-5217-11f1-9eb0-eeee0a904712"...#
#2026 05 17 17:42:42.322#Z#DEBUG#ce142cac-5217-11f1-9eb0-eeee0a904712.OPERATION#flowable-async-job-executor-thread-369#
[XS2ProcessMtaArchiveStep] Processing MTA archive...#
#2026 05 17 17:42:42.322#Z#DEBUG#ce142cac-5217-11f1-9eb0-eeee0a904712.OPERATION#flowable-async-job-executor-thread-369#
[XS2ProcessMtaArchiveStep] MTA Archive ID: 55bbf1da-e049-4526-af52-bf01cfdc28ac#
#2026 05 17 17:42:42.471#Z#DEBUG#ce142cac-5217-11f1-9eb0-eeee0a904712.OPERATION#flowable-async-job-executor-thread-369#
[XS2ProcessMtaArchiveStep] MTA Descriptor length: 3,170#
#2026 05 17 17:42:42.471#Z#DEBUG#ce142cac-5217-11f1-9eb0-eeee0a904712.OPERATION#flowable-async-job-executor-thread-369#
[XS2ProcessMtaArchiveStep] MTA Archive Modules: [bookscapm-srv, bookscapm-app-content, bookscapm-db-deployer]#
#2026 05 17 17:42:42.471#Z#DEBUG#ce142cac-5217-11f1-9eb0-eeee0a904712.OPERATION#flowable-async-job-executor-thread-369#
[XS2ProcessMtaArchiveStep] MTA Archive Requires: []#
#2026 05 17 17:42:42.471#Z#DEBUG#ce142cac-5217-11f1-9eb0-eeee0a904712.OPERATION#flowable-async-job-executor-thread-369#
[XS2ProcessMtaArchiveStep] MTA Archive Resources: [uaa_bookscapm]#
#2026 05 17 17:42:42.488#Z#DEBUG#ce142cac-5217-11f1-9eb0-eeee0a904712.OPERATION#flowable-async-job-executor-thread-369#
[XS2ProcessMtaArchiveStep] MTA archive processed#
#2026 05 17 17:42:42.488#Z#DEBUG#ce142cac-5217-11f1-9eb0-eeee0a904712.OPERATION#flowable-async-job-executor-thread-369#
Step "Process Archive" finished#
#2026 05 17 17:42:42.564#Z#DEBUG#ce142cac-5217-11f1-9eb0-eeee0a904712.OPERATION#flowable-async-job-executor-thread-370#
[ProcessMtaExtensionDescriptorsStep] Executing task "processExtensionDescriptorsTask" of process "ce142cd2-5217-11f1-9eb0-eeee0a904712"...#
#2026 05 17 17:42:42.565#Z#DEBUG#ce142cac-5217-11f1-9eb0-eeee0a904712.OPERATION#flowable-async-job-executor-thread-370#
[ProcessMtaExtensionDescriptorsStep] Processing MTA extension descriptors...#
#2026 05 17 17:42:42.567#Z#DEBUG#ce142cac-5217-11f1-9eb0-eeee0a904712.OPERATION#flowable-async-job-executor-thread-370#
[ProcessMtaExtensionDescriptorsStep] Provided extension descriptors: [ ]#
#2026 05 17 17:42:42.567#Z#DEBUG#ce142cac-5217-11f1-9eb0-eeee0a904712.OPERATION#flowable-async-job-executor-thread-370#
[ProcessMtaExtensionDescriptorsStep] No extension descriptors in use#
#2026 05 17 17:42:42.567#Z#DEBUG#ce142cac-5217-11f1-9eb0-eeee0a904712.OPERATION#flowable-async-job-executor-thread-370#
[ProcessMtaExtensionDescriptorsStep] MTA extension descriptors processed#
#2026 05 17 17:42:42.567#Z#DEBUG#ce142cac-5217-11f1-9eb0-eeee0a904712.OPERATION#flowable-async-job-executor-thread-370#
Step "Process Extension Descriptors" finished#
#2026 05 17 17:42:42.622#Z#DEBUG#ce142cac-5217-11f1-9eb0-eeee0a904712.OPERATION#flowable-async-job-executor-thread-371#
[XS2DetectMtaSchemaVersionStep] Executing task "detectSchemaVersionTask" of process "ce142cd2-5217-11f1-9eb0-eeee0a904712"...#
#2026 05 17 17:42:42.623#Z#DEBUG#ce142cac-5217-11f1-9eb0-eeee0a904712.OPERATION#flowable-async-job-executor-thread-371#
[XS2DetectMtaSchemaVersionStep] Detecting MTA major schema version...#
#2026 05 17 17:42:42.626#Z#INFO#ce142cac-5217-11f1-9eb0-eeee0a904712.OPERATION#flowable-async-job-executor-thread-371#
[XS2DetectMtaSchemaVersionStep] Detected MTA schema version: "3"#
#2026 05 17 17:42:42.635#Z#DEBUG#ce142cac-5217-11f1-9eb0-eeee0a904712.OPERATION#flowable-async-job-executor-thread-371#
Step "Detect Schema Version" finished#
#2026 05 17 17:42:42.678#Z#DEBUG#ce142cac-5217-11f1-9eb0-eeee0a904712.OPERATION#flowable-async-job-executor-thread-372#
[MergeDescriptorsStep] Executing task "mergeDescriptorsTask" of process "ce142cd2-5217-11f1-9eb0-eeee0a904712"...#
#2026 05 17 17:42:42.680#Z#DEBUG#ce142cac-5217-11f1-9eb0-eeee0a904712.OPERATION#flowable-async-job-executor-thread-372#
[MergeDescriptorsStep] Validating and merging descriptors...#
#2026 05 17 17:42:42.685#Z#DEBUG#ce142cac-5217-11f1-9eb0-eeee0a904712.OPERATION#flowable-async-job-executor-thread-372#
[MergeDescriptorsStep] Merged deployment descriptor: {
  "majorSchemaVersion" : 3,
  "schemaVersion" : "3.3.0",
  "id" : "bookscapm",
  "version" : "1.0.0",
  "modules" : [ {
    "majorSchemaVersion" : 3,
    "name" : "bookscapm-srv",
    "type" : "javascript.nodejs",
    "path" : "bookscapm-srv",
    "properties" : { },
    "parameters" : {
      "buildpack" : "nodejs_buildpack",
      "instances" : 1
    },
    "requiredDependencies" : [ {
      "majorSchemaVersion" : 3,
      "name" : "bookscapm-db",
      "properties" : { },
      "parameters" : { },
      "propertiesMetadata" : {
        "metadata" : { }
      },
      "parametersMetadata" : {
        "metadata" : { }
      }
    }, {
      "majorSchemaVersion" : 3,
      "name" : "uaa_bookscapm",
      "properties" : { },
      "parameters" : { },
      "propertiesMetadata" : {
        "metadata" : { }
      },
      "parametersMetadata" : {
        "metadata" : { }
      }
    } ],
    "providedDependencies" : [ {
      "majorSchemaVersion" : 3,
      "name" : "srv-api",
      "isPublic" : false,
      "properties" : {
        "srv-url" : "${default-url}"
      },
      "parameters" : { },
      "propertiesMetadata" : {
        "metadata" : { }
      },
      "parametersMetadata" : {
        "metadata" : { }
      }
    }, {
      "majorSchemaVersion" : 3,
      "name" : "bookscapm-srv",
      "isPublic" : false,
      "properties" : { },
      "parameters" : { },
      "propertiesMetadata" : {
        "metadata" : { }
      },
      "parametersMetadata" : {
        "metadata" : { }
      }
    } ],
    "propertiesMetadata" : {
      "metadata" : { }
    },
    "parametersMetadata" : {
      "metadata" : { }
    },
    "hooks" : [ ]
  }, {
    "majorSchemaVersion" : 3,
    "name" : "bookscapm-db-deployer",
    "type" : "com.sap.xs.hdi",
    "path" : "bookscapm-db-deployer",
    "properties" : {
      "EXIT" : 1
    },
    "parameters" : {
      "memory" : "256M",
      "buildpack" : "nodejs_buildpack",
      "no-route" : true,
      "dependency-type" : "hard",
      "tasks" : [ {
        "name" : "deploy",
        "memory" : "256M",
        "command" : "npm start"
      } ],
      "no-start" : true
    },
    "requiredDependencies" : [ {
      "majorSchemaVersion" : 3,
      "name" : "bookscapm-db",
      "properties" : { },
      "parameters" : { },
      "propertiesMetadata" : {
        "metadata" : { }
      },
      "parametersMetadata" : {
        "metadata" : { }
      }
    } ],
    "providedDependencies" : [ {
      "majorSchemaVersion" : 3,
      "name" : "bookscapm-db-deployer",
      "isPublic" : false,
      "properties" : { },
      "parameters" : { },
      "propertiesMetadata" : {
        "metadata" : { }
      },
      "parametersMetadata" : {
        "metadata" : { }
      }
    } ],
    "propertiesMetadata" : {
      "metadata" : { }
    },
    "parametersMetadata" : {
      "metadata" : { }
    },
    "hooks" : [ ]
  }, {
    "majorSchemaVersion" : 3,
    "name" : "bookscapm-destination-content",
    "type" : "com.sap.application.content",
    "properties" : { },
    "parameters" : {
      "content" : {
        "instance" : {
          "destinations" : [ {
            "Name" : "bookscapmapprouter_bookscapm_html_repo_host",
            "ServiceInstanceName" : "bookscapm-html5-app-host-service",
            "ServiceKeyName" : "********",
            "sap.cloud.service" : "bookscapmapprouter"
          }, {
            "Authentication" : "********",
            "Name" : "bookscapmapprouter_uaa_bookscapm",
            "ServiceInstanceName" : "bookscapm-xsuaa-service",
            "ServiceKeyName" : "********",
            "sap.cloud.service" : "bookscapmapprouter"
          } ],
          "existing_destinations_policy" : "ignore"
        }
      }
    },
    "requiredDependencies" : [ {
      "majorSchemaVersion" : 3,
      "name" : "bookscapm-destination-service",
      "properties" : { },
      "parameters" : {
        "content-target" : true
      },
      "propertiesMetadata" : {
        "metadata" : { }
      },
      "parametersMetadata" : {
        "metadata" : { }
      }
    }, {
      "majorSchemaVersion" : 3,
      "name" : "bookscapm_html_repo_host",
      "properties" : { },
      "parameters" : {
        "service-key" : "********"
      },
      "propertiesMetadata" : {
        "metadata" : { }
      },
      "parametersMetadata" : {
        "metadata" : { }
      }
    }, {
      "majorSchemaVersion" : 3,
      "name" : "uaa_bookscapm",
      "properties" : { },
      "parameters" : {
        "service-key" : "********"
      },
      "propertiesMetadata" : {
        "metadata" : { }
      },
      "parametersMetadata" : {
        "metadata" : { }
      }
    } ],
    "providedDependencies" : [ {
      "majorSchemaVersion" : 3,
      "name" : "bookscapm-destination-content",
      "isPublic" : false,
      "properties" : { },
      "parameters" : { },
      "propertiesMetadata" : {
        "metadata" : { }
      },
      "parametersMetadata" : {
        "metadata" : { }
      }
    } ],
    "propertiesMetadata" : {
      "metadata" : { }
    },
    "parametersMetadata" : {
      "metadata" : { }
    },
    "hooks" : [ ]
  }, {
    "majorSchemaVersion" : 3,
    "name" : "bookscapm-app-content",
    "type" : "com.sap.application.content",
    "path" : "bookscapm-app-content",
    "properties" : { },
    "parameters" : { },
    "requiredDependencies" : [ {
      "majorSchemaVersion" : 3,
      "name" : "bookscapm_html_repo_host",
      "properties" : { },
      "parameters" : {
        "content-target" : true
      },
      "propertiesMetadata" : {
        "metadata" : { }
      },
      "parametersMetadata" : {
        "metadata" : { }
      }
    } ],
    "providedDependencies" : [ {
      "majorSchemaVersion" : 3,
      "name" : "bookscapm-app-content",
      "isPublic" : false,
      "properties" : { },
      "parameters" : { },
      "propertiesMetadata" : {
        "metadata" : { }
      },
      "parametersMetadata" : {
        "metadata" : { }
      }
    } ],
    "propertiesMetadata" : {
      "metadata" : { }
    },
    "parametersMetadata" : {
      "metadata" : { }
    },
    "hooks" : [ ]
  } ],
  "resources" : [ {
    "majorSchemaVersion" : 3,
    "name" : "bookscapm-db",
    "type" : "com.sap.xs.hdi-container",
    "properties" : { },
    "parameters" : {
      "type" : "managed-service",
      "service" : "hana",
      "service-plan" : "hdi-shared"
    },
    "isActive" : true,
    "isOptional" : false,
    "propertiesMetadata" : {
      "metadata" : { }
    },
    "parametersMetadata" : {
      "metadata" : { }
    },
    "requiredDependencies" : [ ],
    "processedAfter" : [ ]
  }, {
    "majorSchemaVersion" : 3,
    "name" : "bookscapm-destination-service",
    "type" : "org.cloudfoundry.managed-service",
    "properties" : { },
    "parameters" : {
      "service-name" : "bookscapm-destination-service",
      "service-plan" : "lite",
      "type" : "managed-service",
      "config" : {
        "HTML5Runtime_enabled" : true,
        "init_data" : {
          "instance" : {
            "destinations" : [ {
              "Authentication" : "********",
              "Name" : "ui5",
              "ProxyType" : "Internet",
              "Type" : "HTTP",
              "URL" : "https://ui5.sap.com"
            }, {
              "Authentication" : "********",
              "HTML5.DynamicDestination" : true,
              "HTML5.ForwardAuthToken" : "********",
              "Name" : "srv-api",
              "ProxyType" : "Internet",
              "Type" : "HTTP",
              "URL" : "~{srv-api/srv-url}"
            } ],
            "existing_destinations_policy" : "update"
          }
        },
        "version" : "1.0.0"
      },
      "service" : "destination"
    },
    "isActive" : true,
    "isOptional" : false,
    "propertiesMetadata" : {
      "metadata" : { }
    },
    "parametersMetadata" : {
      "metadata" : { }
    },
    "requiredDependencies" : [ {
      "majorSchemaVersion" : 3,
      "name" : "srv-api",
      "properties" : { },
      "parameters" : { },
      "propertiesMetadata" : {
        "metadata" : { }
      },
      "parametersMetadata" : {
        "metadata" : { }
      }
    } ],
    "processedAfter" : [ ]
  }, {
    "majorSchemaVersion" : 3,
    "name" : "bookscapm_html_repo_host",
    "type" : "org.cloudfoundry.managed-service",
    "properties" : { },
    "parameters" : {
      "service-name" : "bookscapm-html5-app-host-service",
      "service-plan" : "app-host",
      "type" : "managed-service",
      "service" : "html5-apps-repo"
    },
    "isActive" : true,
    "isOptional" : false,
    "propertiesMetadata" : {
      "metadata" : { }
    },
    "parametersMetadata" : {
      "metadata" : { }
    },
    "requiredDependencies" : [ ],
    "processedAfter" : [ ]
  }, {
    "majorSchemaVersion" : 3,
    "name" : "uaa_bookscapm",
    "type" : "org.cloudfoundry.managed-service",
    "properties" : { },
    "parameters" : {
      "path" : "./xs-security.json",
      "service-name" : "bookscapm-xsuaa-service",
      "service-plan" : "application",
      "type" : "managed-service",
      "service" : "xsuaa"
    },
    "isActive" : true,
    "isOptional" : false,
    "propertiesMetadata" : {
      "metadata" : { }
    },
    "parametersMetadata" : {
      "metadata" : { }
    },
    "requiredDependencies" : [ ],
    "processedAfter" : [ ]
  } ],
  "parameters" : {
    "enable-parallel-deployments" : true,
    "deploy_mode" : "html5-repo"
  },
  "parametersMetadata" : {
    "metadata" : { }
  }
}#
#2026 05 17 17:42:42.688#Z#DEBUG#ce142cac-5217-11f1-9eb0-eeee0a904712.OPERATION#flowable-async-job-executor-thread-372#
[MergeDescriptorsStep] Descriptors validated and merged#
#2026 05 17 17:42:42.688#Z#DEBUG#ce142cac-5217-11f1-9eb0-eeee0a904712.OPERATION#flowable-async-job-executor-thread-372#
Step "Merge Descriptors" finished#
#2026 05 17 17:42:42.742#Z#DEBUG#ce142cac-5217-11f1-9eb0-eeee0a904712.OPERATION#flowable-async-job-executor-thread-373#
[DetectDeployedMtaStep] Executing task "detectDeployedMtaTask" of process "ce142cd2-5217-11f1-9eb0-eeee0a904712"...#
#2026 05 17 17:42:42.743#Z#DEBUG#ce142cac-5217-11f1-9eb0-eeee0a904712.OPERATION#flowable-async-job-executor-thread-373#
[DetectDeployedMtaStep] Detecting deployed MTA...#
#2026 05 17 17:42:42.823#Z#DEBUG#ce142cac-5217-11f1-9eb0-eeee0a904712.OPERATION#flowable-async-job-executor-thread-373#
[DetectDeployedMtaStep] Detecting MTA by id bookscapm and namespace null#
#2026 05 17 17:42:42.824#Z#DEBUG#ce142cac-5217-11f1-9eb0-eeee0a904712.OPERATION#flowable-async-job-executor-thread-373#
[DetectDeployedMtaStep] Getting applications by metadata label selector "mta_id=ae3834d4d96122b7278fff014e221e64,!mta_namespace"...#
#2026 05 17 17:42:42.872#Z#DEBUG#ce142cac-5217-11f1-9eb0-eeee0a904712.OPERATION#flowable-async-job-executor-thread-373#
[DetectDeployedMtaStep] Getting service instances by metadata label selector "mta_id=ae3834d4d96122b7278fff014e221e64,!mta_namespace"...#
#2026 05 17 17:42:42.906#Z#INFO#ce142cac-5217-11f1-9eb0-eeee0a904712.OPERATION#flowable-async-job-executor-thread-373#
[DetectDeployedMtaStep] No deployed MTA detected - this is initial deployment of MTA with ID "bookscapm"#
#2026 05 17 17:42:42.917#Z#DEBUG#ce142cac-5217-11f1-9eb0-eeee0a904712.OPERATION#flowable-async-job-executor-thread-373#
[DetectDeployedMtaStep] Detecting backup mta by id "bookscapm" and namespace "null"#
#2026 05 17 17:42:42.917#Z#DEBUG#ce142cac-5217-11f1-9eb0-eeee0a904712.OPERATION#flowable-async-job-executor-thread-373#
[DetectDeployedMtaStep] Getting applications by metadata label selector "mta_id=ae3834d4d96122b7278fff014e221e64,mta_namespace=b698114a0995e936895b9598a6c19a2c"...#
#2026 05 17 17:42:42.956#Z#DEBUG#ce142cac-5217-11f1-9eb0-eeee0a904712.OPERATION#flowable-async-job-executor-thread-373#
[DetectDeployedMtaStep] Getting service instances by metadata label selector "mta_id=ae3834d4d96122b7278fff014e221e64,mta_namespace=b698114a0995e936895b9598a6c19a2c"...#
#2026 05 17 17:42:43.003#Z#DEBUG#ce142cac-5217-11f1-9eb0-eeee0a904712.OPERATION#flowable-async-job-executor-thread-373#
[DetectDeployedMtaStep] Deployed MTA service keys: [ ]#
#2026 05 17 17:42:43.003#Z#DEBUG#ce142cac-5217-11f1-9eb0-eeee0a904712.OPERATION#flowable-async-job-executor-thread-373#
Step "Detect Deployed MTA" finished#
#2026 05 17 17:42:43.063#Z#DEBUG#ce142cac-5217-11f1-9eb0-eeee0a904712.OPERATION#flowable-async-job-executor-thread-374#
[XS2CollectSystemParametersStep] Executing task "collectSystemParametersTask" of process "ce142cd2-5217-11f1-9eb0-eeee0a904712"...#
#2026 05 17 17:42:43.064#Z#DEBUG#ce142cac-5217-11f1-9eb0-eeee0a904712.OPERATION#flowable-async-job-executor-thread-374#
[XS2CollectSystemParametersStep] Collecting system parameters...#
#2026 05 17 17:42:43.065#Z#DEBUG#ce142cac-5217-11f1-9eb0-eeee0a904712.OPERATION#flowable-async-job-executor-thread-374#
[XS2CollectSystemParametersStep] Getting default domain...#
#2026 05 17 17:42:43.098#Z#DEBUG#ce142cac-5217-11f1-9eb0-eeee0a904712.OPERATION#flowable-async-job-executor-thread-374#
[XS2CollectSystemParametersStep] Default domain: cfapps.ap21.hana.ondemand.com#
#2026 05 17 17:42:43.100#Z#DEBUG#ce142cac-5217-11f1-9eb0-eeee0a904712.OPERATION#flowable-async-job-executor-thread-374#
[XS2CollectSystemParametersStep] Checking for overwriting read-only parameters for mta with id: "bookscapm"#
#2026 05 17 17:42:43.100#Z#DEBUG#ce142cac-5217-11f1-9eb0-eeee0a904712.OPERATION#flowable-async-job-executor-thread-374#
[XS2CollectSystemParametersStep] No read-only parameters are overwritten#
#2026 05 17 17:42:43.117#Z#DEBUG#ce142cac-5217-11f1-9eb0-eeee0a904712.OPERATION#flowable-async-job-executor-thread-374#
[XS2CollectSystemParametersStep] Descriptor with system parameters: {
  "majorSchemaVersion" : 3,
  "schemaVersion" : "3.3.0",
  "id" : "bookscapm",
  "version" : "1.0.0",
  "modules" : [ {
    "majorSchemaVersion" : 3,
    "name" : "bookscapm-srv",
    "type" : "javascript.nodejs",
    "path" : "bookscapm-srv",
    "properties" : { },
    "parameters" : {
      "default-url" : "${protocol}://${default-uri}",
      "default-app-name" : "bookscapm-srv",
      "generated-password" : "********",
      "default-live-url" : "${protocol}://${default-live-uri}",
      "default-uri" : "${host}.${domain}",
      "default-instances" : 1,
      "default-live-host" : "53d2ceb3trial-dev-bookscapm-srv",
      "instances" : 1,
      "buildpack" : "nodejs_buildpack",
      "default-host" : "53d2ceb3trial-dev-bookscapm-srv",
      "app-name" : "${default-app-name}",
      "default-live-uri" : "53d2ceb3trial-dev-bookscapm-srv.${domain}",
      "protocol" : "https",
      "default-live-app-name" : "bookscapm-srv",
      "default-live-domain" : "cfapps.ap21.hana.ondemand.com",
      "domain" : "${default-domain}",
      "host" : "${default-host}",
      "generated-user" : "********"
    },
    "requiredDependencies" : [ {
      "majorSchemaVersion" : 3,
      "name" : "bookscapm-db",
      "properties" : { },
      "parameters" : { },
      "propertiesMetadata" : {
        "metadata" : { }
      },
      "parametersMetadata" : {
        "metadata" : { }
      }
    }, {
      "majorSchemaVersion" : 3,
      "name" : "uaa_bookscapm",
      "properties" : { },
      "parameters" : { },
      "propertiesMetadata" : {
        "metadata" : { }
      },
      "parametersMetadata" : {
        "metadata" : { }
      }
    } ],
    "providedDependencies" : [ {
      "majorSchemaVersion" : 3,
      "name" : "srv-api",
      "isPublic" : false,
      "properties" : {
        "srv-url" : "${default-url}"
      },
      "parameters" : { },
      "propertiesMetadata" : {
        "metadata" : { }
      },
      "parametersMetadata" : {
        "metadata" : { }
      }
    }, {
      "majorSchemaVersion" : 3,
      "name" : "bookscapm-srv",
      "isPublic" : false,
      "properties" : { },
      "parameters" : { },
      "propertiesMetadata" : {
        "metadata" : { }
      },
      "parametersMetadata" : {
        "metadata" : { }
      }
    } ],
    "propertiesMetadata" : {
      "metadata" : { }
    },
    "parametersMetadata" : {
      "metadata" : { }
    },
    "hooks" : [ ]
  }, {
    "majorSchemaVersion" : 3,
    "name" : "bookscapm-db-deployer",
    "type" : "com.sap.xs.hdi",
    "path" : "bookscapm-db-deployer",
    "properties" : {
      "EXIT" : 1
    },
    "parameters" : {
      "default-url" : "${protocol}://${default-uri}",
      "default-app-name" : "bookscapm-db-deployer",
      "generated-password" : "********",
      "default-live-url" : "${protocol}://${default-live-uri}",
      "default-uri" : "${host}.${domain}",
      "memory" : "256M",
      "default-instances" : 1,
      "no-route" : true,
      "default-live-host" : "53d2ceb3trial-dev-bookscapm-db-deployer",
      "instances" : "${default-instances}",
      "buildpack" : "nodejs_buildpack",
      "default-host" : "53d2ceb3trial-dev-bookscapm-db-deployer",
      "app-name" : "${default-app-name}",
      "default-live-uri" : "53d2ceb3trial-dev-bookscapm-db-deployer.${domain}",
      "protocol" : "https",
      "default-live-app-name" : "bookscapm-db-deployer",
      "default-live-domain" : "cfapps.ap21.hana.ondemand.com",
      "dependency-type" : "hard",
      "domain" : "${default-domain}",
      "host" : "${default-host}",
      "generated-user" : "********",
      "tasks" : [ {
        "name" : "deploy",
        "memory" : "256M",
        "command" : "npm start"
      } ],
      "no-start" : true
    },
    "requiredDependencies" : [ {
      "majorSchemaVersion" : 3,
      "name" : "bookscapm-db",
      "properties" : { },
      "parameters" : { },
      "propertiesMetadata" : {
        "metadata" : { }
      },
      "parametersMetadata" : {
        "metadata" : { }
      }
    } ],
    "providedDependencies" : [ {
      "majorSchemaVersion" : 3,
      "name" : "bookscapm-db-deployer",
      "isPublic" : false,
      "properties" : { },
      "parameters" : { },
      "propertiesMetadata" : {
        "metadata" : { }
      },
      "parametersMetadata" : {
        "metadata" : { }
      }
    } ],
    "propertiesMetadata" : {
      "metadata" : { }
    },
    "parametersMetadata" : {
      "metadata" : { }
    },
    "hooks" : [ ]
  }, {
    "majorSchemaVersion" : 3,
    "name" : "bookscapm-destination-content",
    "type" : "com.sap.application.content",
    "properties" : { },
    "parameters" : {
      "default-url" : "${protocol}://${default-uri}",
      "default-app-name" : "bookscapm-destination-content",
      "generated-password" : "********",
      "default-live-url" : "${protocol}://${default-live-uri}",
      "default-uri" : "${host}.${domain}",
      "default-instances" : 1,
      "default-live-host" : "53d2ceb3trial-dev-bookscapm-destination-content",
      "instances" : "${default-instances}",
      "default-host" : "53d2ceb3trial-dev-bookscapm-destination-content",
      "content" : {
        "instance" : {
          "destinations" : [ {
            "Name" : "bookscapmapprouter_bookscapm_html_repo_host",
            "ServiceInstanceName" : "bookscapm-html5-app-host-service",
            "ServiceKeyName" : "********",
            "sap.cloud.service" : "bookscapmapprouter"
          }, {
            "Authentication" : "********",
            "Name" : "bookscapmapprouter_uaa_bookscapm",
            "ServiceInstanceName" : "bookscapm-xsuaa-service",
            "ServiceKeyName" : "********",
            "sap.cloud.service" : "bookscapmapprouter"
          } ],
          "existing_destinations_policy" : "ignore"
        }
      },
      "app-name" : "${default-app-name}",
      "default-live-uri" : "53d2ceb3trial-dev-bookscapm-destination-content.${domain}",
      "protocol" : "https",
      "default-live-app-name" : "bookscapm-destination-content",
      "default-live-domain" : "cfapps.ap21.hana.ondemand.com",
      "domain" : "${default-domain}",
      "host" : "${default-host}",
      "generated-user" : "********"
    },
    "requiredDependencies" : [ {
      "majorSchemaVersion" : 3,
      "name" : "bookscapm-destination-service",
      "properties" : { },
      "parameters" : {
        "content-target" : true
      },
      "propertiesMetadata" : {
        "metadata" : { }
      },
      "parametersMetadata" : {
        "metadata" : { }
      }
    }, {
      "majorSchemaVersion" : 3,
      "name" : "bookscapm_html_repo_host",
      "properties" : { },
      "parameters" : {
        "service-key" : "********"
      },
      "propertiesMetadata" : {
        "metadata" : { }
      },
      "parametersMetadata" : {
        "metadata" : { }
      }
    }, {
      "majorSchemaVersion" : 3,
      "name" : "uaa_bookscapm",
      "properties" : { },
      "parameters" : {
        "service-key" : "********"
      },
      "propertiesMetadata" : {
        "metadata" : { }
      },
      "parametersMetadata" : {
        "metadata" : { }
      }
    } ],
    "providedDependencies" : [ {
      "majorSchemaVersion" : 3,
      "name" : "bookscapm-destination-content",
      "isPublic" : false,
      "properties" : { },
      "parameters" : { },
      "propertiesMetadata" : {
        "metadata" : { }
      },
      "parametersMetadata" : {
        "metadata" : { }
      }
    } ],
    "propertiesMetadata" : {
      "metadata" : { }
    },
    "parametersMetadata" : {
      "metadata" : { }
    },
    "hooks" : [ ]
  }, {
    "majorSchemaVersion" : 3,
    "name" : "bookscapm-app-content",
    "type" : "com.sap.application.content",
    "path" : "bookscapm-app-content",
    "properties" : { },
    "parameters" : {
      "default-url" : "${protocol}://${default-uri}",
      "default-app-name" : "bookscapm-app-content",
      "generated-password" : "********",
      "default-live-url" : "${protocol}://${default-live-uri}",
      "default-uri" : "${host}.${domain}",
      "default-instances" : 1,
      "default-live-host" : "53d2ceb3trial-dev-bookscapm-app-content",
      "instances" : "${default-instances}",
      "default-host" : "53d2ceb3trial-dev-bookscapm-app-content",
      "app-name" : "${default-app-name}",
      "default-live-uri" : "53d2ceb3trial-dev-bookscapm-app-content.${domain}",
      "protocol" : "https",
      "default-live-app-name" : "bookscapm-app-content",
      "default-live-domain" : "cfapps.ap21.hana.ondemand.com",
      "domain" : "${default-domain}",
      "host" : "${default-host}",
      "generated-user" : "********"
    },
    "requiredDependencies" : [ {
      "majorSchemaVersion" : 3,
      "name" : "bookscapm_html_repo_host",
      "properties" : { },
      "parameters" : {
        "content-target" : true
      },
      "propertiesMetadata" : {
        "metadata" : { }
      },
      "parametersMetadata" : {
        "metadata" : { }
      }
    } ],
    "providedDependencies" : [ {
      "majorSchemaVersion" : 3,
      "name" : "bookscapm-app-content",
      "isPublic" : false,
      "properties" : { },
      "parameters" : { },
      "propertiesMetadata" : {
        "metadata" : { }
      },
      "parametersMetadata" : {
        "metadata" : { }
      }
    } ],
    "propertiesMetadata" : {
      "metadata" : { }
    },
    "parametersMetadata" : {
      "metadata" : { }
    },
    "hooks" : [ ]
  } ],
  "resources" : [ {
    "majorSchemaVersion" : 3,
    "name" : "bookscapm-db",
    "type" : "com.sap.xs.hdi-container",
    "properties" : { },
    "parameters" : {
      "generated-password" : "********",
      "service-name" : "${default-service-name}",
      "service-plan" : "hdi-shared",
      "service" : "hana",
      "generated-user" : "********",
      "default-xsappname" : "bookscapm-db",
      "type" : "managed-service",
      "default-service-name" : "bookscapm-db",
      "default-container-name" : "53D2CEB3TRIAL_DEV_BOOKSCAPM_DB"
    },
    "isActive" : true,
    "isOptional" : false,
    "propertiesMetadata" : {
      "metadata" : { }
    },
    "parametersMetadata" : {
      "metadata" : { }
    },
    "requiredDependencies" : [ ],
    "processedAfter" : [ ]
  }, {
    "majorSchemaVersion" : 3,
    "name" : "bookscapm-destination-service",
    "type" : "org.cloudfoundry.managed-service",
    "properties" : { },
    "parameters" : {
      "generated-password" : "********",
      "service-name" : "bookscapm-destination-service",
      "service-plan" : "lite",
      "service" : "destination",
      "generated-user" : "********",
      "default-xsappname" : "bookscapm-destination-service",
      "type" : "managed-service",
      "config" : {
        "HTML5Runtime_enabled" : true,
        "init_data" : {
          "instance" : {
            "destinations" : [ {
              "Authentication" : "********",
              "Name" : "ui5",
              "ProxyType" : "Internet",
              "Type" : "HTTP",
              "URL" : "https://ui5.sap.com"
            }, {
              "Authentication" : "********",
              "HTML5.DynamicDestination" : true,
              "HTML5.ForwardAuthToken" : "********",
              "Name" : "srv-api",
              "ProxyType" : "Internet",
              "Type" : "HTTP",
              "URL" : "~{srv-api/srv-url}"
            } ],
            "existing_destinations_policy" : "update"
          }
        },
        "version" : "1.0.0"
      },
      "default-service-name" : "bookscapm-destination-service",
      "default-container-name" : "53D2CEB3TRIAL_DEV_BOOKSCAPM_DESTINATION_SERVICE"
    },
    "isActive" : true,
    "isOptional" : false,
    "propertiesMetadata" : {
      "metadata" : { }
    },
    "parametersMetadata" : {
      "metadata" : { }
    },
    "requiredDependencies" : [ {
      "majorSchemaVersion" : 3,
      "name" : "srv-api",
      "properties" : { },
      "parameters" : { },
      "propertiesMetadata" : {
        "metadata" : { }
      },
      "parametersMetadata" : {
        "metadata" : { }
      }
    } ],
    "processedAfter" : [ ]
  }, {
    "majorSchemaVersion" : 3,
    "name" : "bookscapm_html_repo_host",
    "type" : "org.cloudfoundry.managed-service",
    "properties" : { },
    "parameters" : {
      "generated-password" : "********",
      "service-name" : "bookscapm-html5-app-host-service",
      "service-plan" : "app-host",
      "service" : "html5-apps-repo",
      "generated-user" : "********",
      "default-xsappname" : "bookscapm_html_repo_host",
      "type" : "managed-service",
      "default-service-name" : "bookscapm_html_repo_host",
      "default-container-name" : "53D2CEB3TRIAL_DEV_BOOKSCAPM_HTML_REPO_HOST"
    },
    "isActive" : true,
    "isOptional" : false,
    "propertiesMetadata" : {
      "metadata" : { }
    },
    "parametersMetadata" : {
      "metadata" : { }
    },
    "requiredDependencies" : [ ],
    "processedAfter" : [ ]
  }, {
    "majorSchemaVersion" : 3,
    "name" : "uaa_bookscapm",
    "type" : "org.cloudfoundry.managed-service",
    "properties" : { },
    "parameters" : {
      "generated-password" : "********",
      "path" : "./xs-security.json",
      "service-name" : "bookscapm-xsuaa-service",
      "service-plan" : "application",
      "service" : "xsuaa",
      "generated-user" : "********",
      "default-xsappname" : "uaa_bookscapm",
      "type" : "managed-service",
      "default-service-name" : "uaa_bookscapm",
      "default-container-name" : "53D2CEB3TRIAL_DEV_UAA_BOOKSCAPM"
    },
    "isActive" : true,
    "isOptional" : false,
    "propertiesMetadata" : {
      "metadata" : { }
    },
    "parametersMetadata" : {
      "metadata" : { }
    },
    "requiredDependencies" : [ ],
    "processedAfter" : [ ]
  } ],
  "parameters" : {
    "deploy_mode" : "html5-repo",
    "mta-id" : "bookscapm",
    "authorization-url" : "********",
    "org-guid" : "2243168d-2a9f-490d-bf17-3322448edf8b",
    "org" : "53d2ceb3trial",
    "deploy-target" : "53d2ceb3trial dev",
    "enable-parallel-deployments" : true,
    "space" : "dev",
    "xs-api-url" : "https://api.cf.ap21.hana.ondemand.com",
    "deploy-url" : "deploy-service.cfapps.ap21.hana.ondemand.com",
    "xs-type" : "CF",
    "default-domain" : "cfapps.ap21.hana.ondemand.com",
    "mta-version" : "1.0.0",
    "xs-auth-url" : "********",
    "space-guid" : "da2f47c5-67bb-4739-9dbb-6384db716e72",
    "user" : "********",
    "controller-url" : "https://api.cf.ap21.hana.ondemand.com",
    "timestamp" : "20260517174242"
  },
  "parametersMetadata" : {
    "metadata" : { }
  }
}#
#2026 05 17 17:42:43.117#Z#DEBUG#ce142cac-5217-11f1-9eb0-eeee0a904712.OPERATION#flowable-async-job-executor-thread-374#
[XS2CollectSystemParametersStep] Version rule: SAME_HIGHER#
#2026 05 17 17:42:43.117#Z#INFO#ce142cac-5217-11f1-9eb0-eeee0a904712.OPERATION#flowable-async-job-executor-thread-374#
[XS2CollectSystemParametersStep] Detected new MTA version: "1.0.0"#
#2026 05 17 17:42:43.129#Z#DEBUG#ce142cac-5217-11f1-9eb0-eeee0a904712.OPERATION#flowable-async-job-executor-thread-374#
[XS2CollectSystemParametersStep] MTA accepted for deployment#
#2026 05 17 17:42:43.129#Z#DEBUG#ce142cac-5217-11f1-9eb0-eeee0a904712.OPERATION#flowable-async-job-executor-thread-374#
[XS2CollectSystemParametersStep] System parameters collected#
#2026 05 17 17:42:43.129#Z#DEBUG#ce142cac-5217-11f1-9eb0-eeee0a904712.OPERATION#flowable-async-job-executor-thread-374#
Step "Collect System Parameters" finished#
#2026 05 17 17:42:43.183#Z#DEBUG#ce142cac-5217-11f1-9eb0-eeee0a904712.OPERATION#flowable-async-job-executor-thread-374#
[ProcessDescriptorStep] Executing task "processDescriptorTask" of process "ce142cd2-5217-11f1-9eb0-eeee0a904712"...#
#2026 05 17 17:42:43.184#Z#DEBUG#ce142cac-5217-11f1-9eb0-eeee0a904712.OPERATION#flowable-async-job-executor-thread-374#
[ProcessDescriptorStep] Resolving properties and parameters in merged descriptor...#
#2026 05 17 17:42:43.193#Z#DEBUG#ce142cac-5217-11f1-9eb0-eeee0a904712.OPERATION#flowable-async-job-executor-thread-374#
[ProcessDescriptorStep] Subscriptions: [ ]#
#2026 05 17 17:42:43.194#Z#DEBUG#ce142cac-5217-11f1-9eb0-eeee0a904712.OPERATION#flowable-async-job-executor-thread-374#
[ProcessDescriptorStep] MTA modules: [bookscapm-srv, bookscapm-app-content, bookscapm-db-deployer, bookscapm-destination-content]#
#2026 05 17 17:42:43.195#Z#DEBUG#ce142cac-5217-11f1-9eb0-eeee0a904712.OPERATION#flowable-async-job-executor-thread-374#
[ProcessDescriptorStep] Resolved deployment descriptor: {
  "majorSchemaVersion" : 3,
  "schemaVersion" : "3.3.0",
  "id" : "bookscapm",
  "version" : "1.0.0",
  "modules" : [ {
    "majorSchemaVersion" : 3,
    "name" : "bookscapm-srv",
    "type" : "javascript.nodejs",
    "path" : "bookscapm-srv",
    "properties" : { },
    "parameters" : {
      "default-url" : "https://53d2ceb3trial-dev-bookscapm-srv.cfapps.ap21.hana.ondemand.com",
      "default-app-name" : "bookscapm-srv",
      "generated-password" : "********",
      "default-live-url" : "https://53d2ceb3trial-dev-bookscapm-srv.cfapps.ap21.hana.ondemand.com",
      "default-uri" : "53d2ceb3trial-dev-bookscapm-srv.cfapps.ap21.hana.ondemand.com",
      "default-instances" : 1,
      "default-live-host" : "53d2ceb3trial-dev-bookscapm-srv",
      "instances" : 1,
      "buildpack" : "nodejs_buildpack",
      "default-host" : "53d2ceb3trial-dev-bookscapm-srv",
      "app-name" : "bookscapm-srv",
      "default-live-uri" : "53d2ceb3trial-dev-bookscapm-srv.cfapps.ap21.hana.ondemand.com",
      "protocol" : "https",
      "default-live-app-name" : "bookscapm-srv",
      "default-live-domain" : "cfapps.ap21.hana.ondemand.com",
      "domain" : "cfapps.ap21.hana.ondemand.com",
      "host" : "53d2ceb3trial-dev-bookscapm-srv",
      "generated-user" : "********"
    },
    "requiredDependencies" : [ {
      "majorSchemaVersion" : 3,
      "name" : "bookscapm-db",
      "properties" : { },
      "parameters" : { },
      "propertiesMetadata" : {
        "metadata" : { }
      },
      "parametersMetadata" : {
        "metadata" : { }
      }
    }, {
      "majorSchemaVersion" : 3,
      "name" : "uaa_bookscapm",
      "properties" : { },
      "parameters" : { },
      "propertiesMetadata" : {
        "metadata" : { }
      },
      "parametersMetadata" : {
        "metadata" : { }
      }
    } ],
    "providedDependencies" : [ {
      "majorSchemaVersion" : 3,
      "name" : "srv-api",
      "isPublic" : false,
      "properties" : {
        "srv-url" : "https://53d2ceb3trial-dev-bookscapm-srv.cfapps.ap21.hana.ondemand.com"
      },
      "parameters" : { },
      "propertiesMetadata" : {
        "metadata" : { }
      },
      "parametersMetadata" : {
        "metadata" : { }
      }
    }, {
      "majorSchemaVersion" : 3,
      "name" : "bookscapm-srv",
      "isPublic" : false,
      "properties" : { },
      "parameters" : { },
      "propertiesMetadata" : {
        "metadata" : { }
      },
      "parametersMetadata" : {
        "metadata" : { }
      }
    } ],
    "propertiesMetadata" : {
      "metadata" : { }
    },
    "parametersMetadata" : {
      "metadata" : { }
    },
    "hooks" : [ ]
  }, {
    "majorSchemaVersion" : 3,
    "name" : "bookscapm-db-deployer",
    "type" : "com.sap.xs.hdi",
    "path" : "bookscapm-db-deployer",
    "properties" : {
      "EXIT" : 1
    },
    "parameters" : {
      "default-url" : "https://53d2ceb3trial-dev-bookscapm-db-deployer.cfapps.ap21.hana.ondemand.com",
      "default-app-name" : "bookscapm-db-deployer",
      "generated-password" : "********",
      "default-live-url" : "https://53d2ceb3trial-dev-bookscapm-db-deployer.cfapps.ap21.hana.ondemand.com",
      "default-uri" : "53d2ceb3trial-dev-bookscapm-db-deployer.cfapps.ap21.hana.ondemand.com",
      "memory" : "256M",
      "default-instances" : 1,
      "no-route" : true,
      "default-live-host" : "53d2ceb3trial-dev-bookscapm-db-deployer",
      "instances" : 1,
      "buildpack" : "nodejs_buildpack",
      "default-host" : "53d2ceb3trial-dev-bookscapm-db-deployer",
      "app-name" : "bookscapm-db-deployer",
      "default-live-uri" : "53d2ceb3trial-dev-bookscapm-db-deployer.cfapps.ap21.hana.ondemand.com",
      "protocol" : "https",
      "default-live-app-name" : "bookscapm-db-deployer",
      "default-live-domain" : "cfapps.ap21.hana.ondemand.com",
      "dependency-type" : "hard",
      "domain" : "cfapps.ap21.hana.ondemand.com",
      "host" : "53d2ceb3trial-dev-bookscapm-db-deployer",
      "generated-user" : "********",
      "tasks" : [ {
        "command" : "npm start",
        "memory" : "256M",
        "name" : "deploy"
      } ],
      "no-start" : true
    },
    "requiredDependencies" : [ {
      "majorSchemaVersion" : 3,
      "name" : "bookscapm-db",
      "properties" : { },
      "parameters" : { },
      "propertiesMetadata" : {
        "metadata" : { }
      },
      "parametersMetadata" : {
        "metadata" : { }
      }
    } ],
    "providedDependencies" : [ {
      "majorSchemaVersion" : 3,
      "name" : "bookscapm-db-deployer",
      "isPublic" : false,
      "properties" : { },
      "parameters" : { },
      "propertiesMetadata" : {
        "metadata" : { }
      },
      "parametersMetadata" : {
        "metadata" : { }
      }
    } ],
    "propertiesMetadata" : {
      "metadata" : { }
    },
    "parametersMetadata" : {
      "metadata" : { }
    },
    "hooks" : [ ]
  }, {
    "majorSchemaVersion" : 3,
    "name" : "bookscapm-destination-content",
    "type" : "com.sap.application.content",
    "properties" : { },
    "parameters" : {
      "default-url" : "https://53d2ceb3trial-dev-bookscapm-destination-content.cfapps.ap21.hana.ondemand.com",
      "default-app-name" : "bookscapm-destination-content",
      "generated-password" : "********",
      "default-live-url" : "https://53d2ceb3trial-dev-bookscapm-destination-content.cfapps.ap21.hana.ondemand.com",
      "default-uri" : "53d2ceb3trial-dev-bookscapm-destination-content.cfapps.ap21.hana.ondemand.com",
      "default-instances" : 1,
      "default-live-host" : "53d2ceb3trial-dev-bookscapm-destination-content",
      "instances" : 1,
      "default-host" : "53d2ceb3trial-dev-bookscapm-destination-content",
      "content" : {
        "instance" : {
          "destinations" : [ {
            "Name" : "bookscapmapprouter_bookscapm_html_repo_host",
            "ServiceInstanceName" : "bookscapm-html5-app-host-service",
            "ServiceKeyName" : "********",
            "sap.cloud.service" : "bookscapmapprouter"
          }, {
            "Authentication" : "********",
            "Name" : "bookscapmapprouter_uaa_bookscapm",
            "ServiceInstanceName" : "bookscapm-xsuaa-service",
            "ServiceKeyName" : "********",
            "sap.cloud.service" : "bookscapmapprouter"
          } ],
          "existing_destinations_policy" : "ignore"
        }
      },
      "app-name" : "bookscapm-destination-content",
      "default-live-uri" : "53d2ceb3trial-dev-bookscapm-destination-content.cfapps.ap21.hana.ondemand.com",
      "protocol" : "https",
      "default-live-app-name" : "bookscapm-destination-content",
      "default-live-domain" : "cfapps.ap21.hana.ondemand.com",
      "domain" : "cfapps.ap21.hana.ondemand.com",
      "host" : "53d2ceb3trial-dev-bookscapm-destination-content",
      "generated-user" : "********"
    },
    "requiredDependencies" : [ {
      "majorSchemaVersion" : 3,
      "name" : "bookscapm-destination-service",
      "properties" : { },
      "parameters" : {
        "content-target" : true
      },
      "propertiesMetadata" : {
        "metadata" : { }
      },
      "parametersMetadata" : {
        "metadata" : { }
      }
    }, {
      "majorSchemaVersion" : 3,
      "name" : "bookscapm_html_repo_host",
      "properties" : { },
      "parameters" : {
        "service-key" : "********"
      },
      "propertiesMetadata" : {
        "metadata" : { }
      },
      "parametersMetadata" : {
        "metadata" : { }
      }
    }, {
      "majorSchemaVersion" : 3,
      "name" : "uaa_bookscapm",
      "properties" : { },
      "parameters" : {
        "service-key" : "********"
      },
      "propertiesMetadata" : {
        "metadata" : { }
      },
      "parametersMetadata" : {
        "metadata" : { }
      }
    } ],
    "providedDependencies" : [ {
      "majorSchemaVersion" : 3,
      "name" : "bookscapm-destination-content",
      "isPublic" : false,
      "properties" : { },
      "parameters" : { },
      "propertiesMetadata" : {
        "metadata" : { }
      },
      "parametersMetadata" : {
        "metadata" : { }
      }
    } ],
    "propertiesMetadata" : {
      "metadata" : { }
    },
    "parametersMetadata" : {
      "metadata" : { }
    },
    "hooks" : [ ]
  }, {
    "majorSchemaVersion" : 3,
    "name" : "bookscapm-app-content",
    "type" : "com.sap.application.content",
    "path" : "bookscapm-app-content",
    "properties" : { },
    "parameters" : {
      "default-url" : "https://53d2ceb3trial-dev-bookscapm-app-content.cfapps.ap21.hana.ondemand.com",
      "default-app-name" : "bookscapm-app-content",
      "generated-password" : "********",
      "default-live-url" : "https://53d2ceb3trial-dev-bookscapm-app-content.cfapps.ap21.hana.ondemand.com",
      "default-uri" : "53d2ceb3trial-dev-bookscapm-app-content.cfapps.ap21.hana.ondemand.com",
      "default-instances" : 1,
      "default-live-host" : "53d2ceb3trial-dev-bookscapm-app-content",
      "instances" : 1,
      "default-host" : "53d2ceb3trial-dev-bookscapm-app-content",
      "app-name" : "bookscapm-app-content",
      "default-live-uri" : "53d2ceb3trial-dev-bookscapm-app-content.cfapps.ap21.hana.ondemand.com",
      "protocol" : "https",
      "default-live-app-name" : "bookscapm-app-content",
      "default-live-domain" : "cfapps.ap21.hana.ondemand.com",
      "domain" : "cfapps.ap21.hana.ondemand.com",
      "host" : "53d2ceb3trial-dev-bookscapm-app-content",
      "generated-user" : "********"
    },
    "requiredDependencies" : [ {
      "majorSchemaVersion" : 3,
      "name" : "bookscapm_html_repo_host",
      "properties" : { },
      "parameters" : {
        "content-target" : true
      },
      "propertiesMetadata" : {
        "metadata" : { }
      },
      "parametersMetadata" : {
        "metadata" : { }
      }
    } ],
    "providedDependencies" : [ {
      "majorSchemaVersion" : 3,
      "name" : "bookscapm-app-content",
      "isPublic" : false,
      "properties" : { },
      "parameters" : { },
      "propertiesMetadata" : {
        "metadata" : { }
      },
      "parametersMetadata" : {
        "metadata" : { }
      }
    } ],
    "propertiesMetadata" : {
      "metadata" : { }
    },
    "parametersMetadata" : {
      "metadata" : { }
    },
    "hooks" : [ ]
  } ],
  "resources" : [ {
    "majorSchemaVersion" : 3,
    "name" : "bookscapm-db",
    "type" : "com.sap.xs.hdi-container",
    "properties" : { },
    "parameters" : {
      "generated-password" : "********",
      "service-name" : "bookscapm-db",
      "service-plan" : "hdi-shared",
      "service" : "hana",
      "generated-user" : "********",
      "default-xsappname" : "bookscapm-db",
      "type" : "managed-service",
      "default-service-name" : "bookscapm-db",
      "default-container-name" : "53D2CEB3TRIAL_DEV_BOOKSCAPM_DB"
    },
    "isActive" : true,
    "isOptional" : false,
    "propertiesMetadata" : {
      "metadata" : { }
    },
    "parametersMetadata" : {
      "metadata" : { }
    },
    "requiredDependencies" : [ ],
    "processedAfter" : [ ]
  }, {
    "majorSchemaVersion" : 3,
    "name" : "bookscapm-destination-service",
    "type" : "org.cloudfoundry.managed-service",
    "properties" : { },
    "parameters" : {
      "generated-password" : "********",
      "service-name" : "bookscapm-destination-service",
      "service-plan" : "lite",
      "service" : "destination",
      "generated-user" : "********",
      "default-xsappname" : "bookscapm-destination-service",
      "type" : "managed-service",
      "config" : {
        "HTML5Runtime_enabled" : true,
        "init_data" : {
          "instance" : {
            "destinations" : [ {
              "Authentication" : "********",
              "Name" : "ui5",
              "ProxyType" : "Internet",
              "Type" : "HTTP",
              "URL" : "https://ui5.sap.com"
            }, {
              "Authentication" : "********",
              "HTML5.DynamicDestination" : true,
              "HTML5.ForwardAuthToken" : "********",
              "Name" : "srv-api",
              "ProxyType" : "Internet",
              "Type" : "HTTP",
              "URL" : "https://53d2ceb3trial-dev-bookscapm-srv.cfapps.ap21.hana.ondemand.com"
            } ],
            "existing_destinations_policy" : "update"
          }
        },
        "version" : "1.0.0"
      },
      "default-service-name" : "bookscapm-destination-service",
      "default-container-name" : "53D2CEB3TRIAL_DEV_BOOKSCAPM_DESTINATION_SERVICE"
    },
    "isActive" : true,
    "isOptional" : false,
    "propertiesMetadata" : {
      "metadata" : { }
    },
    "parametersMetadata" : {
      "metadata" : { }
    },
    "requiredDependencies" : [ {
      "majorSchemaVersion" : 3,
      "name" : "srv-api",
      "properties" : { },
      "parameters" : { },
      "propertiesMetadata" : {
        "metadata" : { }
      },
      "parametersMetadata" : {
        "metadata" : { }
      }
    } ],
    "processedAfter" : [ ]
  }, {
    "majorSchemaVersion" : 3,
    "name" : "bookscapm_html_repo_host",
    "type" : "org.cloudfoundry.managed-service",
    "properties" : { },
    "parameters" : {
      "generated-password" : "********",
      "service-name" : "bookscapm-html5-app-host-service",
      "service-plan" : "app-host",
      "service" : "html5-apps-repo",
      "generated-user" : "********",
      "default-xsappname" : "bookscapm_html_repo_host",
      "type" : "managed-service",
      "default-service-name" : "bookscapm_html_repo_host",
      "default-container-name" : "53D2CEB3TRIAL_DEV_BOOKSCAPM_HTML_REPO_HOST"
    },
    "isActive" : true,
    "isOptional" : false,
    "propertiesMetadata" : {
      "metadata" : { }
    },
    "parametersMetadata" : {
      "metadata" : { }
    },
    "requiredDependencies" : [ ],
    "processedAfter" : [ ]
  }, {
    "majorSchemaVersion" : 3,
    "name" : "uaa_bookscapm",
    "type" : "org.cloudfoundry.managed-service",
    "properties" : { },
    "parameters" : {
      "generated-password" : "********",
      "path" : "./xs-security.json",
      "service-name" : "bookscapm-xsuaa-service",
      "service-plan" : "application",
      "service" : "xsuaa",
      "generated-user" : "********",
      "default-xsappname" : "uaa_bookscapm",
      "type" : "managed-service",
      "default-service-name" : "uaa_bookscapm",
      "default-container-name" : "53D2CEB3TRIAL_DEV_UAA_BOOKSCAPM"
    },
    "isActive" : true,
    "isOptional" : false,
    "propertiesMetadata" : {
      "metadata" : { }
    },
    "parametersMetadata" : {
      "metadata" : { }
    },
    "requiredDependencies" : [ ],
    "processedAfter" : [ ]
  } ],
  "parameters" : {
    "deploy_mode" : "html5-repo",
    "mta-id" : "bookscapm",
    "authorization-url" : "********",
    "org-guid" : "2243168d-2a9f-490d-bf17-3322448edf8b",
    "org" : "53d2ceb3trial",
    "deploy-target" : "53d2ceb3trial dev",
    "enable-parallel-deployments" : true,
    "region-primary-domain" : "ap21.hana.ondemand.com",
    "space" : "dev",
    "region-domain" : "ap21.hana.ondemand.com",
    "xs-api-url" : "https://api.cf.ap21.hana.ondemand.com",
    "deploy-url" : "deploy-service.cfapps.ap21.hana.ondemand.com",
    "xs-type" : "CF",
    "default-domain" : "cfapps.ap21.hana.ondemand.com",
    "mta-version" : "1.0.0",
    "xs-auth-url" : "********",
    "space-guid" : "da2f47c5-67bb-4739-9dbb-6384db716e72",
    "user" : "********",
    "controller-url" : "https://api.cf.ap21.hana.ondemand.com",
    "timestamp" : "20260517174242"
  },
  "parametersMetadata" : {
    "metadata" : { }
  }
}#
#2026 05 17 17:42:43.195#Z#DEBUG#ce142cac-5217-11f1-9eb0-eeee0a904712.OPERATION#flowable-async-job-executor-thread-374#
[ProcessDescriptorStep] Merged descriptor properties and parameters resolved#
#2026 05 17 17:42:43.195#Z#DEBUG#ce142cac-5217-11f1-9eb0-eeee0a904712.OPERATION#flowable-async-job-executor-thread-374#
Step "Process Descriptor Step" finished#
#2026 05 17 17:42:43.254#Z#DEBUG#ce142cac-5217-11f1-9eb0-eeee0a904712.OPERATION#flowable-async-job-executor-thread-368#
[XS2BuildCloudDeployModelStep] Executing task "buildDeployModelTask" of process "ce142cd2-5217-11f1-9eb0-eeee0a904712"...#
#2026 05 17 17:42:43.259#Z#DEBUG#ce142cac-5217-11f1-9eb0-eeee0a904712.OPERATION#flowable-async-job-executor-thread-368#
[XS2BuildCloudDeployModelStep] Service keys defined for content deployment grouped by service name: {
  "uaa_bookscapm" : [ {
    "name" : "********",
    "v3Metadata" : {
      "annotations" : {
        "mta_id" : "bookscapm",
        "mta_version" : "1.0.0"
      },
      "labels" : {
        "mta_id" : "ae3834d4d96122b7278fff014e221e64",
        "space_guid" : "da2f47c5-67bb-4739-9dbb-6384db716e72"
      }
    },
    "credentials" : "********",
    "moduleName" : "bookscapm-destination-content",
    "resourceName" : "uaa_bookscapm",
    "serviceInstance" : {
      "isOptional" : false,
      "isManaged" : false,
      "name" : "bookscapm-xsuaa-service",
      "credentials" : "********",
      "tags" : [ ],
      "shouldSkipParametersUpdate" : false,
      "shouldSkipPlanUpdate" : false,
      "shouldSkipTagsUpdate" : false,
      "shouldSkipSyslogUrlUpdate" : false
    },
    "shouldDeleteServiceKeyAfterDeploy" : "********",
    "resourceType" : "org.cloudfoundry.managed-service"
  } ],
  "bookscapm-destination-service" : [ {
    "name" : "********",
    "v3Metadata" : {
      "annotations" : {
        "mta_id" : "bookscapm",
        "mta_version" : "1.0.0"
      },
      "labels" : {
        "mta_id" : "ae3834d4d96122b7278fff014e221e64",
        "space_guid" : "da2f47c5-67bb-4739-9dbb-6384db716e72"
      }
    },
    "credentials" : "********",
    "moduleName" : "bookscapm-destination-content",
    "resourceName" : "bookscapm-destination-service",
    "serviceInstance" : {
      "isOptional" : false,
      "isManaged" : false,
      "name" : "bookscapm-destination-service",
      "credentials" : "********",
      "tags" : [ ],
      "shouldSkipParametersUpdate" : false,
      "shouldSkipPlanUpdate" : false,
      "shouldSkipTagsUpdate" : false,
      "shouldSkipSyslogUrlUpdate" : false
    },
    "shouldDeleteServiceKeyAfterDeploy" : "********",
    "resourceType" : "org.cloudfoundry.managed-service"
  } ],
  "bookscapm_html_repo_host" : [ {
    "name" : "********",
    "v3Metadata" : {
      "annotations" : {
        "mta_id" : "bookscapm",
        "mta_version" : "1.0.0"
      },
      "labels" : {
        "mta_id" : "ae3834d4d96122b7278fff014e221e64",
        "space_guid" : "da2f47c5-67bb-4739-9dbb-6384db716e72"
      }
    },
    "credentials" : "********",
    "moduleName" : "bookscapm-destination-content",
    "resourceName" : "bookscapm_html_repo_host",
    "serviceInstance" : {
      "isOptional" : false,
      "isManaged" : false,
      "name" : "bookscapm-html5-app-host-service",
      "credentials" : "********",
      "tags" : [ ],
      "shouldSkipParametersUpdate" : false,
      "shouldSkipPlanUpdate" : false,
      "shouldSkipTagsUpdate" : false,
      "shouldSkipSyslogUrlUpdate" : false
    },
    "shouldDeleteServiceKeyAfterDeploy" : "********",
    "resourceType" : "org.cloudfoundry.managed-service"
  }, {
    "name" : "********",
    "v3Metadata" : {
      "annotations" : {
        "mta_id" : "bookscapm",
        "mta_version" : "1.0.0"
      },
      "labels" : {
        "mta_id" : "ae3834d4d96122b7278fff014e221e64",
        "space_guid" : "da2f47c5-67bb-4739-9dbb-6384db716e72"
      }
    },
    "credentials" : "********",
    "moduleName" : "bookscapm-app-content",
    "resourceName" : "bookscapm_html_repo_host",
    "serviceInstance" : {
      "isOptional" : false,
      "isManaged" : false,
      "name" : "bookscapm-html5-app-host-service",
      "credentials" : "********",
      "tags" : [ ],
      "shouldSkipParametersUpdate" : false,
      "shouldSkipPlanUpdate" : false,
      "shouldSkipTagsUpdate" : false,
      "shouldSkipSyslogUrlUpdate" : false
    },
    "shouldDeleteServiceKeyAfterDeploy" : "********",
    "resourceType" : "org.cloudfoundry.managed-service"
  } ]
}#
#2026 05 17 17:42:43.259#Z#DEBUG#ce142cac-5217-11f1-9eb0-eeee0a904712.OPERATION#flowable-async-job-executor-thread-368#
[XS2BuildCloudDeployModelStep] Building cloud deployment model...#
#2026 05 17 17:42:43.261#Z#DEBUG#ce142cac-5217-11f1-9eb0-eeee0a904712.OPERATION#flowable-async-job-executor-thread-368#
[XS2BuildCloudDeployModelStep] MTA archive modules: [bookscapm-srv, bookscapm-app-content, bookscapm-db-deployer]#
#2026 05 17 17:42:43.261#Z#DEBUG#ce142cac-5217-11f1-9eb0-eeee0a904712.OPERATION#flowable-async-job-executor-thread-368#
[XS2BuildCloudDeployModelStep] Deployed modules: []#
#2026 05 17 17:42:43.262#Z#DEBUG#ce142cac-5217-11f1-9eb0-eeee0a904712.OPERATION#flowable-async-job-executor-thread-368#
[XS2BuildCloudDeployModelStep] MTA modules: [bookscapm-srv, bookscapm-app-content, bookscapm-db-deployer, bookscapm-destination-content]#
#2026 05 17 17:42:43.262#Z#DEBUG#ce142cac-5217-11f1-9eb0-eeee0a904712.OPERATION#flowable-async-job-executor-thread-368#
[XS2BuildCloudDeployModelStep] Service keys to create: {
  "bookscapm-destination-service" : [ ],
  "uaa_bookscapm" : [ ],
  "bookscapm_html_repo_host" : [ ],
  "bookscapm-db" : [ ]
}#
#2026 05 17 17:42:43.280#Z#DEBUG#ce142cac-5217-11f1-9eb0-eeee0a904712.OPERATION#flowable-async-job-executor-thread-368#
[XS2BuildCloudDeployModelStep] Modules to deploy: [{
  "majorSchemaVersion" : 3,
  "name" : "bookscapm-srv",
  "type" : "javascript.nodejs",
  "path" : "bookscapm-srv",
  "properties" : { },
  "parameters" : {
    "default-url" : "https://53d2ceb3trial-dev-bookscapm-srv.cfapps.ap21.hana.ondemand.com",
    "default-app-name" : "bookscapm-srv",
    "generated-password" : "********",
    "default-live-url" : "https://53d2ceb3trial-dev-bookscapm-srv.cfapps.ap21.hana.ondemand.com",
    "default-uri" : "53d2ceb3trial-dev-bookscapm-srv.cfapps.ap21.hana.ondemand.com",
    "default-instances" : 1,
    "default-live-host" : "53d2ceb3trial-dev-bookscapm-srv",
    "instances" : 1,
    "buildpack" : "nodejs_buildpack",
    "default-host" : "53d2ceb3trial-dev-bookscapm-srv",
    "app-name" : "bookscapm-srv",
    "default-live-uri" : "53d2ceb3trial-dev-bookscapm-srv.cfapps.ap21.hana.ondemand.com",
    "protocol" : "https",
    "default-live-app-name" : "bookscapm-srv",
    "default-live-domain" : "cfapps.ap21.hana.ondemand.com",
    "dependency-type" : "soft",
    "domain" : "cfapps.ap21.hana.ondemand.com",
    "host" : "53d2ceb3trial-dev-bookscapm-srv",
    "generated-user" : "********"
  },
  "requiredDependencies" : [ {
    "majorSchemaVersion" : 3,
    "name" : "bookscapm-db",
    "properties" : { },
    "parameters" : { },
    "propertiesMetadata" : {
      "metadata" : { }
    },
    "parametersMetadata" : {
      "metadata" : { }
    }
  }, {
    "majorSchemaVersion" : 3,
    "name" : "uaa_bookscapm",
    "properties" : { },
    "parameters" : { },
    "propertiesMetadata" : {
      "metadata" : { }
    },
    "parametersMetadata" : {
      "metadata" : { }
    }
  } ],
  "providedDependencies" : [ {
    "majorSchemaVersion" : 3,
    "name" : "srv-api",
    "isPublic" : false,
    "properties" : {
      "srv-url" : "https://53d2ceb3trial-dev-bookscapm-srv.cfapps.ap21.hana.ondemand.com"
    },
    "parameters" : { },
    "propertiesMetadata" : {
      "metadata" : { }
    },
    "parametersMetadata" : {
      "metadata" : { }
    }
  }, {
    "majorSchemaVersion" : 3,
    "name" : "bookscapm-srv",
    "isPublic" : false,
    "properties" : { },
    "parameters" : { },
    "propertiesMetadata" : {
      "metadata" : { }
    },
    "parametersMetadata" : {
      "metadata" : { }
    }
  } ],
  "propertiesMetadata" : {
    "metadata" : { }
  },
  "parametersMetadata" : {
    "metadata" : { }
  },
  "deployedAfter" : [ ],
  "hooks" : [ ]
}, {
  "majorSchemaVersion" : 3,
  "name" : "bookscapm-db-deployer",
  "type" : "com.sap.xs.hdi",
  "path" : "bookscapm-db-deployer",
  "properties" : {
    "EXIT" : 1
  },
  "parameters" : {
    "default-url" : "https://53d2ceb3trial-dev-bookscapm-db-deployer.cfapps.ap21.hana.ondemand.com",
    "default-app-name" : "bookscapm-db-deployer",
    "generated-password" : "********",
    "default-live-url" : "https://53d2ceb3trial-dev-bookscapm-db-deployer.cfapps.ap21.hana.ondemand.com",
    "default-uri" : "53d2ceb3trial-dev-bookscapm-db-deployer.cfapps.ap21.hana.ondemand.com",
    "memory" : "256M",
    "default-instances" : 1,
    "no-route" : true,
    "default-live-host" : "53d2ceb3trial-dev-bookscapm-db-deployer",
    "instances" : 1,
    "buildpack" : "nodejs_buildpack",
    "default-host" : "53d2ceb3trial-dev-bookscapm-db-deployer",
    "app-name" : "bookscapm-db-deployer",
    "default-live-uri" : "53d2ceb3trial-dev-bookscapm-db-deployer.cfapps.ap21.hana.ondemand.com",
    "protocol" : "https",
    "default-live-app-name" : "bookscapm-db-deployer",
    "default-live-domain" : "cfapps.ap21.hana.ondemand.com",
    "dependency-type" : "hard",
    "domain" : "cfapps.ap21.hana.ondemand.com",
    "host" : "53d2ceb3trial-dev-bookscapm-db-deployer",
    "generated-user" : "********",
    "tasks" : [ {
      "command" : "npm start",
      "memory" : "256M",
      "name" : "deploy"
    } ],
    "no-start" : true
  },
  "requiredDependencies" : [ {
    "majorSchemaVersion" : 3,
    "name" : "bookscapm-db",
    "properties" : { },
    "parameters" : { },
    "propertiesMetadata" : {
      "metadata" : { }
    },
    "parametersMetadata" : {
      "metadata" : { }
    }
  } ],
  "providedDependencies" : [ {
    "majorSchemaVersion" : 3,
    "name" : "bookscapm-db-deployer",
    "isPublic" : false,
    "properties" : { },
    "parameters" : { },
    "propertiesMetadata" : {
      "metadata" : { }
    },
    "parametersMetadata" : {
      "metadata" : { }
    }
  } ],
  "propertiesMetadata" : {
    "metadata" : { }
  },
  "parametersMetadata" : {
    "metadata" : { }
  },
  "deployedAfter" : [ ],
  "hooks" : [ ]
}, {
  "majorSchemaVersion" : 3,
  "name" : "bookscapm-destination-content",
  "type" : "com.sap.application.content",
  "properties" : { },
  "parameters" : {
    "default-url" : "https://53d2ceb3trial-dev-bookscapm-destination-content.cfapps.ap21.hana.ondemand.com",
    "default-app-name" : "bookscapm-destination-content",
    "generated-password" : "********",
    "default-live-url" : "https://53d2ceb3trial-dev-bookscapm-destination-content.cfapps.ap21.hana.ondemand.com",
    "default-uri" : "53d2ceb3trial-dev-bookscapm-destination-content.cfapps.ap21.hana.ondemand.com",
    "default-instances" : 1,
    "default-live-host" : "53d2ceb3trial-dev-bookscapm-destination-content",
    "instances" : 1,
    "default-host" : "53d2ceb3trial-dev-bookscapm-destination-content",
    "content" : {
      "instance" : {
        "destinations" : [ {
          "Name" : "bookscapmapprouter_bookscapm_html_repo_host",
          "ServiceInstanceName" : "bookscapm-html5-app-host-service",
          "ServiceKeyName" : "********",
          "sap.cloud.service" : "bookscapmapprouter"
        }, {
          "Authentication" : "********",
          "Name" : "bookscapmapprouter_uaa_bookscapm",
          "ServiceInstanceName" : "bookscapm-xsuaa-service",
          "ServiceKeyName" : "********",
          "sap.cloud.service" : "bookscapmapprouter"
        } ],
        "existing_destinations_policy" : "ignore"
      }
    },
    "app-name" : "bookscapm-destination-content",
    "default-live-uri" : "53d2ceb3trial-dev-bookscapm-destination-content.cfapps.ap21.hana.ondemand.com",
    "protocol" : "https",
    "default-live-app-name" : "bookscapm-destination-content",
    "default-live-domain" : "cfapps.ap21.hana.ondemand.com",
    "dependency-type" : "soft",
    "domain" : "cfapps.ap21.hana.ondemand.com",
    "host" : "53d2ceb3trial-dev-bookscapm-destination-content",
    "generated-user" : "********"
  },
  "requiredDependencies" : [ {
    "majorSchemaVersion" : 3,
    "name" : "bookscapm-destination-service",
    "properties" : { },
    "parameters" : {
      "content-target" : true
    },
    "propertiesMetadata" : {
      "metadata" : { }
    },
    "parametersMetadata" : {
      "metadata" : { }
    }
  }, {
    "majorSchemaVersion" : 3,
    "name" : "bookscapm_html_repo_host",
    "properties" : { },
    "parameters" : {
      "service-key" : "********"
    },
    "propertiesMetadata" : {
      "metadata" : { }
    },
    "parametersMetadata" : {
      "metadata" : { }
    }
  }, {
    "majorSchemaVersion" : 3,
    "name" : "uaa_bookscapm",
    "properties" : { },
    "parameters" : {
      "service-key" : "********"
    },
    "propertiesMetadata" : {
      "metadata" : { }
    },
    "parametersMetadata" : {
      "metadata" : { }
    }
  } ],
  "providedDependencies" : [ {
    "majorSchemaVersion" : 3,
    "name" : "bookscapm-destination-content",
    "isPublic" : false,
    "properties" : { },
    "parameters" : { },
    "propertiesMetadata" : {
      "metadata" : { }
    },
    "parametersMetadata" : {
      "metadata" : { }
    }
  } ],
  "propertiesMetadata" : {
    "metadata" : { }
  },
  "parametersMetadata" : {
    "metadata" : { }
  },
  "deployedAfter" : [ ],
  "hooks" : [ ]
}, {
  "majorSchemaVersion" : 3,
  "name" : "bookscapm-app-content",
  "type" : "com.sap.application.content",
  "path" : "bookscapm-app-content",
  "properties" : { },
  "parameters" : {
    "default-url" : "https://53d2ceb3trial-dev-bookscapm-app-content.cfapps.ap21.hana.ondemand.com",
    "default-app-name" : "bookscapm-app-content",
    "generated-password" : "********",
    "default-live-url" : "https://53d2ceb3trial-dev-bookscapm-app-content.cfapps.ap21.hana.ondemand.com",
    "default-uri" : "53d2ceb3trial-dev-bookscapm-app-content.cfapps.ap21.hana.ondemand.com",
    "default-instances" : 1,
    "default-live-host" : "53d2ceb3trial-dev-bookscapm-app-content",
    "instances" : 1,
    "default-host" : "53d2ceb3trial-dev-bookscapm-app-content",
    "app-name" : "bookscapm-app-content",
    "default-live-uri" : "53d2ceb3trial-dev-bookscapm-app-content.cfapps.ap21.hana.ondemand.com",
    "protocol" : "https",
    "default-live-app-name" : "bookscapm-app-content",
    "default-live-domain" : "cfapps.ap21.hana.ondemand.com",
    "dependency-type" : "soft",
    "domain" : "cfapps.ap21.hana.ondemand.com",
    "host" : "53d2ceb3trial-dev-bookscapm-app-content",
    "generated-user" : "********"
  },
  "requiredDependencies" : [ {
    "majorSchemaVersion" : 3,
    "name" : "bookscapm_html_repo_host",
    "properties" : { },
    "parameters" : {
      "content-target" : true
    },
    "propertiesMetadata" : {
      "metadata" : { }
    },
    "parametersMetadata" : {
      "metadata" : { }
    }
  } ],
  "providedDependencies" : [ {
    "majorSchemaVersion" : 3,
    "name" : "bookscapm-app-content",
    "isPublic" : false,
    "properties" : { },
    "parameters" : { },
    "propertiesMetadata" : {
      "metadata" : { }
    },
    "parametersMetadata" : {
      "metadata" : { }
    }
  } ],
  "propertiesMetadata" : {
    "metadata" : { }
  },
  "parametersMetadata" : {
    "metadata" : { }
  },
  "deployedAfter" : [ ],
  "hooks" : [ ]
}]#
#2026 05 17 17:42:43.281#Z#DEBUG#ce142cac-5217-11f1-9eb0-eeee0a904712.OPERATION#flowable-async-job-executor-thread-368#
[XS2BuildCloudDeployModelStep] Custom domains: []#
#2026 05 17 17:42:43.284#Z#DEBUG#ce142cac-5217-11f1-9eb0-eeee0a904712.OPERATION#flowable-async-job-executor-thread-368#
[XS2BuildCloudDeployModelStep] Calculating resource batches...#
#2026 05 17 17:42:43.284#Z#DEBUG#ce142cac-5217-11f1-9eb0-eeee0a904712.OPERATION#flowable-async-job-executor-thread-368#
[XS2BuildCloudDeployModelStep] Calculating resource batches completed.#
#2026 05 17 17:42:43.284#Z#DEBUG#ce142cac-5217-11f1-9eb0-eeee0a904712.OPERATION#flowable-async-job-executor-thread-368#
[XS2BuildCloudDeployModelStep] Cloud deployment model built#
#2026 05 17 17:42:43.285#Z#DEBUG#ce142cac-5217-11f1-9eb0-eeee0a904712.OPERATION#flowable-async-job-executor-thread-368#
Step "Build Deploy Model" finished#
#2026 05 17 17:42:43.336#Z#DEBUG#ce142cac-5217-11f1-9eb0-eeee0a904712.OPERATION#flowable-async-job-executor-thread-368#
[BuildCloudUndeployModelStep] Executing task "buildUndeployModelTask" of process "ce142cd2-5217-11f1-9eb0-eeee0a904712"...#
#2026 05 17 17:42:43.337#Z#DEBUG#ce142cac-5217-11f1-9eb0-eeee0a904712.OPERATION#flowable-async-job-executor-thread-368#
[BuildCloudUndeployModelStep] Building cloud undeployment model...#
#2026 05 17 17:42:43.338#Z#DEBUG#ce142cac-5217-11f1-9eb0-eeee0a904712.OPERATION#flowable-async-job-executor-thread-368#
[BuildCloudUndeployModelStep] Detecting service keys to delete.#
#2026 05 17 17:42:43.339#Z#DEBUG#ce142cac-5217-11f1-9eb0-eeee0a904712.OPERATION#flowable-async-job-executor-thread-368#
[BuildCloudUndeployModelStep] No deployed service keys detected!#
#2026 05 17 17:42:43.339#Z#DEBUG#ce142cac-5217-11f1-9eb0-eeee0a904712.OPERATION#flowable-async-job-executor-thread-368#
[BuildCloudUndeployModelStep] Detected service keys to delete "[]"#
#2026 05 17 17:42:43.343#Z#DEBUG#ce142cac-5217-11f1-9eb0-eeee0a904712.OPERATION#flowable-async-job-executor-thread-368#
Step "Build Undeploy Model" finished#
#2026 05 17 17:42:43.395#Z#DEBUG#ce142cac-5217-11f1-9eb0-eeee0a904712.OPERATION#flowable-async-job-executor-thread-368#
[AddDomainsStep] Executing task "addDomainsTask" of process "ce142cd2-5217-11f1-9eb0-eeee0a904712"...#
#2026 05 17 17:42:43.397#Z#DEBUG#ce142cac-5217-11f1-9eb0-eeee0a904712.OPERATION#flowable-async-job-executor-thread-368#
[AddDomainsStep] Custom domains: []#
#2026 05 17 17:42:43.397#Z#DEBUG#ce142cac-5217-11f1-9eb0-eeee0a904712.OPERATION#flowable-async-job-executor-thread-368#
Step "Add Domains" finished#
#2026 05 17 17:42:43.557#Z#DEBUG#ce142cac-5217-11f1-9eb0-eeee0a904712.OPERATION#flowable-async-job-executor-thread-372#
[ExtractBatchedServicesWithResolvedDynamicParametersStep] Executing task "prepareModulesDeploymentTask" of process "cef0d13a-5217-11f1-9eb0-eeee0a904712"...#
#2026 05 17 17:42:43.559#Z#DEBUG#ce142cac-5217-11f1-9eb0-eeee0a904712.OPERATION#flowable-async-job-executor-thread-372#
[ExtractBatchedServicesWithResolvedDynamicParametersStep] Extracting services and resolving dynamic parameters from batch#
#2026 05 17 17:42:43.562#Z#DEBUG#ce142cac-5217-11f1-9eb0-eeee0a904712.OPERATION#flowable-async-job-executor-thread-372#
[ExtractBatchedServicesWithResolvedDynamicParametersStep] Services to create: [ {
  "isOptional" : false,
  "isManaged" : true,
  "name" : "bookscapm-db",
  "v3Metadata" : {
    "annotations" : {
      "mta_id" : "bookscapm",
      "mta_version" : "1.0.0",
      "mta_resource" : "{\"name\":\"bookscapm-db\"}"
    },
    "labels" : {
      "mta_id" : "ae3834d4d96122b7278fff014e221e64"
    }
  },
  "label" : "hana",
  "plan" : "hdi-shared",
  "credentials" : "********",
  "tags" : [ ],
  "type" : "managed",
  "resourceName" : "bookscapm-db",
  "shouldSkipParametersUpdate" : false,
  "shouldSkipPlanUpdate" : false,
  "shouldSkipTagsUpdate" : false,
  "shouldSkipSyslogUrlUpdate" : false
}, {
  "isOptional" : false,
  "isManaged" : true,
  "name" : "bookscapm-destination-service",
  "v3Metadata" : {
    "annotations" : {
      "mta_id" : "bookscapm",
      "mta_version" : "1.0.0",
      "mta_resource" : "{\"name\":\"bookscapm-destination-service\"}"
    },
    "labels" : {
      "mta_id" : "ae3834d4d96122b7278fff014e221e64"
    }
  },
  "label" : "destination",
  "plan" : "lite",
  "credentials" : "********",
  "tags" : [ ],
  "type" : "managed",
  "resourceName" : "bookscapm-destination-service",
  "shouldSkipParametersUpdate" : false,
  "shouldSkipPlanUpdate" : false,
  "shouldSkipTagsUpdate" : false,
  "shouldSkipSyslogUrlUpdate" : false
}, {
  "isOptional" : false,
  "isManaged" : true,
  "name" : "bookscapm-html5-app-host-service",
  "v3Metadata" : {
    "annotations" : {
      "mta_id" : "bookscapm",
      "mta_version" : "1.0.0",
      "mta_resource" : "{\"name\":\"bookscapm_html_repo_host\"}"
    },
    "labels" : {
      "mta_id" : "ae3834d4d96122b7278fff014e221e64"
    }
  },
  "label" : "html5-apps-repo",
  "plan" : "app-host",
  "credentials" : "********",
  "tags" : [ ],
  "type" : "managed",
  "resourceName" : "bookscapm_html_repo_host",
  "shouldSkipParametersUpdate" : false,
  "shouldSkipPlanUpdate" : false,
  "shouldSkipTagsUpdate" : false,
  "shouldSkipSyslogUrlUpdate" : false
}, {
  "isOptional" : false,
  "isManaged" : true,
  "name" : "bookscapm-xsuaa-service",
  "v3Metadata" : {
    "annotations" : {
      "mta_id" : "bookscapm",
      "mta_version" : "1.0.0",
      "mta_resource" : "{\"name\":\"uaa_bookscapm\"}"
    },
    "labels" : {
      "mta_id" : "ae3834d4d96122b7278fff014e221e64"
    }
  },
  "label" : "xsuaa",
  "plan" : "application",
  "credentials" : "********",
  "tags" : [ ],
  "type" : "managed",
  "resourceName" : "uaa_bookscapm",
  "shouldSkipParametersUpdate" : false,
  "shouldSkipPlanUpdate" : false,
  "shouldSkipTagsUpdate" : false,
  "shouldSkipSyslogUrlUpdate" : false
} ]#
#2026 05 17 17:42:43.563#Z#DEBUG#ce142cac-5217-11f1-9eb0-eeee0a904712.OPERATION#flowable-async-job-executor-thread-372#
Step "Extract Services with Resolved Dynamic parameters from batch" finished#
#2026 05 17 17:42:43.772#Z#DEBUG#ce142cac-5217-11f1-9eb0-eeee0a904712.OPERATION#flowable-async-job-executor-thread-372#
[CheckServiceOperationStateStep] Executing task "CheckServiceOperationStateTask" of process "cf0c21b2-5217-11f1-9eb0-eeee0a904712"...#
#2026 05 17 17:42:43.773#Z#DEBUG#ce142cac-5217-11f1-9eb0-eeee0a904712.OPERATION#flowable-async-job-executor-thread-372#
[CheckServiceOperationStateStep] Getting service instance "bookscapm-destination-service"...#
#2026 05 17 17:42:43.806#Z#DEBUG#ce142cac-5217-11f1-9eb0-eeee0a904712.OPERATION#flowable-async-job-executor-thread-372#
Step "Check for service operations in Progress" finished#
#2026 05 17 17:42:43.874#Z#DEBUG#ce142cac-5217-11f1-9eb0-eeee0a904712.OPERATION#flowable-async-job-executor-thread-368#
[DetermineServiceCreateUpdateServiceActionsStep] Executing task "DetermineServiceCreateUpdateActionsTask" of process "cf0c21b2-5217-11f1-9eb0-eeee0a904712"...#
#2026 05 17 17:42:43.877#Z#INFO#ce142cac-5217-11f1-9eb0-eeee0a904712.OPERATION#flowable-async-job-executor-thread-368#
[DetermineServiceCreateUpdateServiceActionsStep] Processing service "bookscapm-destination-service"...#
#2026 05 17 17:42:43.888#Z#DEBUG#ce142cac-5217-11f1-9eb0-eeee0a904712.OPERATION#flowable-async-job-executor-thread-368#
[DetermineServiceCreateUpdateServiceActionsStep] Getting service instance "bookscapm-destination-service"...#
#2026 05 17 17:42:43.936#Z#DEBUG#ce142cac-5217-11f1-9eb0-eeee0a904712.OPERATION#flowable-async-job-executor-thread-368#
[DetermineServiceCreateUpdateServiceActionsStep] Service should be created#
#2026 05 17 17:42:43.940#Z#DEBUG#ce142cac-5217-11f1-9eb0-eeee0a904712.OPERATION#flowable-async-job-executor-thread-368#
Step "Determine update actions" finished#
#2026 05 17 17:42:44.012#Z#DEBUG#ce142cac-5217-11f1-9eb0-eeee0a904712.OPERATION#flowable-async-job-executor-thread-371#
[CreateServiceStep] Executing task "CreateServiceTask" of process "cf0c21b2-5217-11f1-9eb0-eeee0a904712"...#
#2026 05 17 17:42:44.015#Z#INFO#ce142cac-5217-11f1-9eb0-eeee0a904712.OPERATION#flowable-async-job-executor-thread-371#
[CreateServiceStep] Creating service "bookscapm-destination-service" from MTA resource "bookscapm-destination-service"...#
#2026 05 17 17:42:44.024#Z#DEBUG#ce142cac-5217-11f1-9eb0-eeee0a904712.OPERATION#flowable-async-job-executor-thread-371#
[CreateServiceStep] Creating service instance: {
  "isOptional" : false,
  "isManaged" : true,
  "name" : "bookscapm-destination-service",
  "v3Metadata" : {
    "annotations" : {
      "mta_id" : "bookscapm",
      "mta_version" : "1.0.0",
      "mta_resource" : "{\"name\":\"bookscapm-destination-service\"}"
    },
    "labels" : {
      "mta_id" : "ae3834d4d96122b7278fff014e221e64"
    }
  },
  "label" : "destination",
  "plan" : "lite",
  "credentials" : "********",
  "tags" : [ ],
  "type" : "managed",
  "resourceName" : "bookscapm-destination-service",
  "shouldSkipParametersUpdate" : false,
  "shouldSkipPlanUpdate" : false,
  "shouldSkipTagsUpdate" : false,
  "shouldSkipSyslogUrlUpdate" : false
}#
#2026 05 17 17:42:44.242#Z#DEBUG#ce142cac-5217-11f1-9eb0-eeee0a904712.OPERATION#flowable-async-job-executor-thread-371#
[CreateServiceStep] Service "bookscapm-destination-service" created#
#2026 05 17 17:42:44.242#Z#DEBUG#ce142cac-5217-11f1-9eb0-eeee0a904712.OPERATION#flowable-async-job-executor-thread-371#
[CreateServiceStep] Triggered service operations: {
  "bookscapm-destination-service" : "CREATE"
}#
#2026 05 17 17:42:44.243#Z#DEBUG#ce142cac-5217-11f1-9eb0-eeee0a904712.OPERATION#flowable-async-job-executor-thread-371#
Step "Create" finished#
#2026 05 17 17:42:44.726#Z#DEBUG#ce142cac-5217-11f1-9eb0-eeee0a904712.OPERATION#flowable-async-job-executor-thread-369#
[CheckServiceOperationStateStep] Executing task "CheckServiceOperationStateTask" of process "cfa4424f-5217-11f1-9eb0-eeee0a904712"...#
#2026 05 17 17:42:44.727#Z#DEBUG#ce142cac-5217-11f1-9eb0-eeee0a904712.OPERATION#flowable-async-job-executor-thread-369#
[CheckServiceOperationStateStep] Getting service instance "bookscapm-html5-app-host-service"...#
#2026 05 17 17:42:44.763#Z#DEBUG#ce142cac-5217-11f1-9eb0-eeee0a904712.OPERATION#flowable-async-job-executor-thread-369#
Step "Check for service operations in Progress" finished#
#2026 05 17 17:42:44.804#Z#DEBUG#ce142cac-5217-11f1-9eb0-eeee0a904712.OPERATION#flowable-async-job-executor-thread-369#
[DetermineServiceCreateUpdateServiceActionsStep] Executing task "DetermineServiceCreateUpdateActionsTask" of process "cfa4424f-5217-11f1-9eb0-eeee0a904712"...#
#2026 05 17 17:42:44.807#Z#INFO#ce142cac-5217-11f1-9eb0-eeee0a904712.OPERATION#flowable-async-job-executor-thread-369#
[DetermineServiceCreateUpdateServiceActionsStep] Processing service "bookscapm-html5-app-host-service"...#
#2026 05 17 17:42:44.819#Z#DEBUG#ce142cac-5217-11f1-9eb0-eeee0a904712.OPERATION#flowable-async-job-executor-thread-369#
[DetermineServiceCreateUpdateServiceActionsStep] Getting service instance "bookscapm-html5-app-host-service"...#
#2026 05 17 17:42:44.848#Z#DEBUG#ce142cac-5217-11f1-9eb0-eeee0a904712.OPERATION#flowable-async-job-executor-thread-369#
[DetermineServiceCreateUpdateServiceActionsStep] Service should be created#
#2026 05 17 17:42:44.852#Z#DEBUG#ce142cac-5217-11f1-9eb0-eeee0a904712.OPERATION#flowable-async-job-executor-thread-369#
Step "Determine update actions" finished#
#2026 05 17 17:42:44.913#Z#DEBUG#ce142cac-5217-11f1-9eb0-eeee0a904712.OPERATION#flowable-async-job-executor-thread-369#
[CreateServiceStep] Executing task "CreateServiceTask" of process "cfa4424f-5217-11f1-9eb0-eeee0a904712"...#
#2026 05 17 17:42:44.916#Z#INFO#ce142cac-5217-11f1-9eb0-eeee0a904712.OPERATION#flowable-async-job-executor-thread-369#
[CreateServiceStep] Creating service "bookscapm-html5-app-host-service" from MTA resource "bookscapm_html_repo_host"...#
#2026 05 17 17:42:44.926#Z#DEBUG#ce142cac-5217-11f1-9eb0-eeee0a904712.OPERATION#flowable-async-job-executor-thread-369#
[CreateServiceStep] Creating service instance: {
  "isOptional" : false,
  "isManaged" : true,
  "name" : "bookscapm-html5-app-host-service",
  "v3Metadata" : {
    "annotations" : {
      "mta_id" : "bookscapm",
      "mta_version" : "1.0.0",
      "mta_resource" : "{\"name\":\"bookscapm_html_repo_host\"}"
    },
    "labels" : {
      "mta_id" : "ae3834d4d96122b7278fff014e221e64"
    }
  },
  "label" : "html5-apps-repo",
  "plan" : "app-host",
  "credentials" : "********",
  "tags" : [ ],
  "type" : "managed",
  "resourceName" : "bookscapm_html_repo_host",
  "shouldSkipParametersUpdate" : false,
  "shouldSkipPlanUpdate" : false,
  "shouldSkipTagsUpdate" : false,
  "shouldSkipSyslogUrlUpdate" : false
}#
#2026 05 17 17:42:45.125#Z#DEBUG#ce142cac-5217-11f1-9eb0-eeee0a904712.OPERATION#flowable-async-job-executor-thread-369#
[CreateServiceStep] Service "bookscapm-html5-app-host-service" created#
#2026 05 17 17:42:45.125#Z#DEBUG#ce142cac-5217-11f1-9eb0-eeee0a904712.OPERATION#flowable-async-job-executor-thread-369#
[CreateServiceStep] Triggered service operations: {
  "bookscapm-html5-app-host-service" : "CREATE"
}#
#2026 05 17 17:42:45.126#Z#DEBUG#ce142cac-5217-11f1-9eb0-eeee0a904712.OPERATION#flowable-async-job-executor-thread-369#
Step "Create" finished#
#2026 05 17 17:42:45.568#Z#DEBUG#ce142cac-5217-11f1-9eb0-eeee0a904712.OPERATION#flowable-async-job-executor-thread-255#
[CheckServiceOperationStateStep] Executing task "CheckServiceOperationStateTask" of process "d022c1db-5217-11f1-bda0-eeee0a93840c"...#
#2026 05 17 17:42:45.737#Z#DEBUG#ce142cac-5217-11f1-9eb0-eeee0a904712.OPERATION#flowable-async-job-executor-thread-255#
[CheckServiceOperationStateStep] Getting service instance "bookscapm-xsuaa-service"...#
#2026 05 17 17:42:45.813#Z#DEBUG#ce142cac-5217-11f1-9eb0-eeee0a904712.OPERATION#flowable-async-job-executor-thread-255#
Step "Check for service operations in Progress" finished#
#2026 05 17 17:42:45.890#Z#DEBUG#ce142cac-5217-11f1-9eb0-eeee0a904712.OPERATION#flowable-async-job-executor-thread-256#
[DetermineServiceCreateUpdateServiceActionsStep] Executing task "DetermineServiceCreateUpdateActionsTask" of process "d022c1db-5217-11f1-bda0-eeee0a93840c"...#
#2026 05 17 17:42:45.898#Z#INFO#ce142cac-5217-11f1-9eb0-eeee0a904712.OPERATION#flowable-async-job-executor-thread-256#
[DetermineServiceCreateUpdateServiceActionsStep] Processing service "bookscapm-xsuaa-service"...#
#2026 05 17 17:42:45.925#Z#DEBUG#ce142cac-5217-11f1-9eb0-eeee0a904712.OPERATION#flowable-async-job-executor-thread-256#
[DetermineServiceCreateUpdateServiceActionsStep] Getting service instance "bookscapm-xsuaa-service"...#
#2026 05 17 17:42:45.953#Z#INFO#ce142cac-5217-11f1-9eb0-eeee0a904712.OPERATION#flowable-async-job-executor-thread-256#
[DetermineServiceCreateUpdateServiceActionsStep] Setting service "bookscapm-xsuaa-service" parameters from "xs-security.json"#
#2026 05 17 17:42:46.038#Z#DEBUG#ce142cac-5217-11f1-9eb0-eeee0a904712.OPERATION#flowable-async-job-executor-thread-256#
[DetermineServiceCreateUpdateServiceActionsStep] Service should be created#
#2026 05 17 17:42:46.043#Z#DEBUG#ce142cac-5217-11f1-9eb0-eeee0a904712.OPERATION#flowable-async-job-executor-thread-256#
Step "Determine update actions" finished#
#2026 05 17 17:42:45.966#Z#DEBUG#ce142cac-5217-11f1-9eb0-eeee0a904712.OPERATION#flowable-async-job-executor-thread-1223#
[CheckServiceOperationStateStep] Executing task "CheckServiceOperationStateTask" of process "d06018fd-5217-11f1-bea6-eeee0a81456e"...#
#2026 05 17 17:42:46.076#Z#DEBUG#ce142cac-5217-11f1-9eb0-eeee0a904712.OPERATION#flowable-async-job-executor-thread-1223#
[CheckServiceOperationStateStep] Getting service instance "bookscapm-db"...#
#2026 05 17 17:42:46.125#Z#DEBUG#ce142cac-5217-11f1-9eb0-eeee0a904712.OPERATION#flowable-async-job-executor-thread-1223#
Step "Check for service operations in Progress" finished#
#2026 05 17 17:42:46.180#Z#DEBUG#ce142cac-5217-11f1-9eb0-eeee0a904712.OPERATION#flowable-async-job-executor-thread-1224#
[DetermineServiceCreateUpdateServiceActionsStep] Executing task "DetermineServiceCreateUpdateActionsTask" of process "d06018fd-5217-11f1-bea6-eeee0a81456e"...#
#2026 05 17 17:42:46.182#Z#INFO#ce142cac-5217-11f1-9eb0-eeee0a904712.OPERATION#flowable-async-job-executor-thread-1224#
[DetermineServiceCreateUpdateServiceActionsStep] Processing service "bookscapm-db"...#
#2026 05 17 17:42:46.190#Z#DEBUG#ce142cac-5217-11f1-9eb0-eeee0a904712.OPERATION#flowable-async-job-executor-thread-1224#
[DetermineServiceCreateUpdateServiceActionsStep] Getting service instance "bookscapm-db"...#
#2026 05 17 17:42:46.226#Z#DEBUG#ce142cac-5217-11f1-9eb0-eeee0a904712.OPERATION#flowable-async-job-executor-thread-1224#
[DetermineServiceCreateUpdateServiceActionsStep] Service should be created#
#2026 05 17 17:42:46.228#Z#DEBUG#ce142cac-5217-11f1-9eb0-eeee0a904712.OPERATION#flowable-async-job-executor-thread-1224#
Step "Determine update actions" finished#
#2026 05 17 17:42:46.140#Z#DEBUG#ce142cac-5217-11f1-9eb0-eeee0a904712.OPERATION#flowable-async-job-executor-thread-257#
[CreateServiceStep] Executing task "CreateServiceTask" of process "d022c1db-5217-11f1-bda0-eeee0a93840c"...#
#2026 05 17 17:42:46.145#Z#INFO#ce142cac-5217-11f1-9eb0-eeee0a904712.OPERATION#flowable-async-job-executor-thread-257#
[CreateServiceStep] Creating service "bookscapm-xsuaa-service" from MTA resource "uaa_bookscapm"...#
#2026 05 17 17:42:46.158#Z#DEBUG#ce142cac-5217-11f1-9eb0-eeee0a904712.OPERATION#flowable-async-job-executor-thread-257#
[CreateServiceStep] Creating service instance: {
  "isOptional" : false,
  "isManaged" : true,
  "name" : "bookscapm-xsuaa-service",
  "v3Metadata" : {
    "annotations" : {
      "mta_id" : "bookscapm",
      "mta_version" : "1.0.0",
      "mta_resource" : "{\"name\":\"uaa_bookscapm\"}"
    },
    "labels" : {
      "mta_id" : "ae3834d4d96122b7278fff014e221e64"
    }
  },
  "label" : "xsuaa",
  "plan" : "application",
  "credentials" : "********",
  "tags" : [ ],
  "type" : "managed",
  "resourceName" : "uaa_bookscapm",
  "shouldSkipParametersUpdate" : false,
  "shouldSkipPlanUpdate" : false,
  "shouldSkipTagsUpdate" : false,
  "shouldSkipSyslogUrlUpdate" : false
}#
#2026 05 17 17:42:46.498#Z#DEBUG#ce142cac-5217-11f1-9eb0-eeee0a904712.OPERATION#flowable-async-job-executor-thread-257#
[CreateServiceStep] Service "bookscapm-xsuaa-service" created#
#2026 05 17 17:42:46.499#Z#DEBUG#ce142cac-5217-11f1-9eb0-eeee0a904712.OPERATION#flowable-async-job-executor-thread-257#
[CreateServiceStep] Triggered service operations: {
  "bookscapm-xsuaa-service" : "CREATE"
}#
#2026 05 17 17:42:46.501#Z#DEBUG#ce142cac-5217-11f1-9eb0-eeee0a904712.OPERATION#flowable-async-job-executor-thread-257#
Step "Create" finished#
#2026 05 17 17:42:46.276#Z#DEBUG#ce142cac-5217-11f1-9eb0-eeee0a904712.OPERATION#flowable-async-job-executor-thread-1225#
[CreateServiceStep] Executing task "CreateServiceTask" of process "d06018fd-5217-11f1-bea6-eeee0a81456e"...#
#2026 05 17 17:42:46.278#Z#INFO#ce142cac-5217-11f1-9eb0-eeee0a904712.OPERATION#flowable-async-job-executor-thread-1225#
[CreateServiceStep] Creating service "bookscapm-db" from MTA resource "bookscapm-db"...#
#2026 05 17 17:42:46.287#Z#DEBUG#ce142cac-5217-11f1-9eb0-eeee0a904712.OPERATION#flowable-async-job-executor-thread-1225#
[CreateServiceStep] Creating service instance: {
  "isOptional" : false,
  "isManaged" : true,
  "name" : "bookscapm-db",
  "v3Metadata" : {
    "annotations" : {
      "mta_id" : "bookscapm",
      "mta_version" : "1.0.0",
      "mta_resource" : "{\"name\":\"bookscapm-db\"}"
    },
    "labels" : {
      "mta_id" : "ae3834d4d96122b7278fff014e221e64"
    }
  },
  "label" : "hana",
  "plan" : "hdi-shared",
  "credentials" : "********",
  "tags" : [ ],
  "type" : "managed",
  "resourceName" : "bookscapm-db",
  "shouldSkipParametersUpdate" : false,
  "shouldSkipPlanUpdate" : false,
  "shouldSkipTagsUpdate" : false,
  "shouldSkipSyslogUrlUpdate" : false
}#
#2026 05 17 17:42:46.523#Z#DEBUG#ce142cac-5217-11f1-9eb0-eeee0a904712.OPERATION#flowable-async-job-executor-thread-1225#
[CreateServiceStep] Service "bookscapm-db" created#
#2026 05 17 17:42:46.523#Z#DEBUG#ce142cac-5217-11f1-9eb0-eeee0a904712.OPERATION#flowable-async-job-executor-thread-1225#
[CreateServiceStep] Triggered service operations: {
  "bookscapm-db" : "CREATE"
}#
#2026 05 17 17:42:46.525#Z#DEBUG#ce142cac-5217-11f1-9eb0-eeee0a904712.OPERATION#flowable-async-job-executor-thread-1225#
Step "Create" finished#
#2026 05 17 17:42:49.604#Z#DEBUG#ce142cac-5217-11f1-9eb0-eeee0a904712.OPERATION#flowable-async-job-executor-thread-259#
[CreateServiceStep] Executing task "CreateServiceTask" of process "cf0c21b2-5217-11f1-9eb0-eeee0a904712"...#
#2026 05 17 17:42:49.611#Z#DEBUG#ce142cac-5217-11f1-9eb0-eeee0a904712.OPERATION#flowable-async-job-executor-thread-259#
[CreateServiceStep] Polling service operations...#
#2026 05 17 17:42:49.617#Z#DEBUG#ce142cac-5217-11f1-9eb0-eeee0a904712.OPERATION#flowable-async-job-executor-thread-259#
[CreateServiceStep] Getting service instance "bookscapm-destination-service"...#
#2026 05 17 17:42:49.743#Z#DEBUG#ce142cac-5217-11f1-9eb0-eeee0a904712.OPERATION#flowable-async-job-executor-thread-259#
[CreateServiceStep] Last operation for service "bookscapm-destination-service": {
  "type" : "CREATE",
  "description" : "",
  "state" : "SUCCEEDED"
}#
#2026 05 17 17:42:49.745#Z#DEBUG#ce142cac-5217-11f1-9eb0-eeee0a904712.OPERATION#flowable-async-job-executor-thread-259#
[CreateServiceStep] Service "bookscapm-destination-service" created#
#2026 05 17 17:42:49.748#Z#INFO#ce142cac-5217-11f1-9eb0-eeee0a904712.OPERATION#flowable-async-job-executor-thread-259#
[CreateServiceStep] 1 of 1 done#
#2026 05 17 17:42:49.768#Z#DEBUG#ce142cac-5217-11f1-9eb0-eeee0a904712.OPERATION#flowable-async-job-executor-thread-259#
[CreateServiceStep] Remaining services to poll: [ ]#
#2026 05 17 17:42:49.770#Z#DEBUG#ce142cac-5217-11f1-9eb0-eeee0a904712.OPERATION#flowable-async-job-executor-thread-259#
Step "Create" finished#
#2026 05 17 17:42:58.958#Z#DEBUG#ce142cac-5217-11f1-9eb0-eeee0a904712.OPERATION#flowable-async-job-executor-thread-1229#
[CreateServiceStep] Executing task "CreateServiceTask" of process "cfa4424f-5217-11f1-9eb0-eeee0a904712"...#
#2026 05 17 17:42:58.959#Z#DEBUG#ce142cac-5217-11f1-9eb0-eeee0a904712.OPERATION#flowable-async-job-executor-thread-1229#
[CreateServiceStep] Polling service operations...#
#2026 05 17 17:42:58.962#Z#DEBUG#ce142cac-5217-11f1-9eb0-eeee0a904712.OPERATION#flowable-async-job-executor-thread-1229#
[CreateServiceStep] Getting service instance "bookscapm-html5-app-host-service"...#
#2026 05 17 17:42:58.966#Z#DEBUG#ce142cac-5217-11f1-9eb0-eeee0a904712.OPERATION#flowable-async-job-executor-thread-1230#
[CreateServiceStep] Executing task "CreateServiceTask" of process "d022c1db-5217-11f1-bda0-eeee0a93840c"...#
#2026 05 17 17:42:58.967#Z#DEBUG#ce142cac-5217-11f1-9eb0-eeee0a904712.OPERATION#flowable-async-job-executor-thread-1230#
[CreateServiceStep] Polling service operations...#
#2026 05 17 17:42:58.969#Z#DEBUG#ce142cac-5217-11f1-9eb0-eeee0a904712.OPERATION#flowable-async-job-executor-thread-1230#
[CreateServiceStep] Getting service instance "bookscapm-xsuaa-service"...#
#2026 05 17 17:42:58.985#Z#DEBUG#ce142cac-5217-11f1-9eb0-eeee0a904712.OPERATION#flowable-async-job-executor-thread-1231#
[CreateServiceStep] Executing task "CreateServiceTask" of process "d06018fd-5217-11f1-bea6-eeee0a81456e"...#
#2026 05 17 17:42:58.986#Z#DEBUG#ce142cac-5217-11f1-9eb0-eeee0a904712.OPERATION#flowable-async-job-executor-thread-1231#
[CreateServiceStep] Polling service operations...#
#2026 05 17 17:42:58.989#Z#DEBUG#ce142cac-5217-11f1-9eb0-eeee0a904712.OPERATION#flowable-async-job-executor-thread-1231#
[CreateServiceStep] Getting service instance "bookscapm-db"...#
#2026 05 17 17:42:59.078#Z#DEBUG#ce142cac-5217-11f1-9eb0-eeee0a904712.OPERATION#flowable-async-job-executor-thread-1229#
[CreateServiceStep] Last operation for service "bookscapm-html5-app-host-service": {
  "type" : "CREATE",
  "description" : "",
  "state" : "SUCCEEDED"
}#
#2026 05 17 17:42:59.078#Z#DEBUG#ce142cac-5217-11f1-9eb0-eeee0a904712.OPERATION#flowable-async-job-executor-thread-1229#
[CreateServiceStep] Service "bookscapm-html5-app-host-service" created#
#2026 05 17 17:42:59.078#Z#INFO#ce142cac-5217-11f1-9eb0-eeee0a904712.OPERATION#flowable-async-job-executor-thread-1229#
[CreateServiceStep] 1 of 1 done#
#2026 05 17 17:42:59.082#Z#DEBUG#ce142cac-5217-11f1-9eb0-eeee0a904712.OPERATION#flowable-async-job-executor-thread-1230#
[CreateServiceStep] Last operation for service "bookscapm-xsuaa-service": {
  "type" : "CREATE",
  "description" : "",
  "state" : "SUCCEEDED"
}#
#2026 05 17 17:42:59.082#Z#DEBUG#ce142cac-5217-11f1-9eb0-eeee0a904712.OPERATION#flowable-async-job-executor-thread-1230#
[CreateServiceStep] Service "bookscapm-xsuaa-service" created#
#2026 05 17 17:42:59.083#Z#INFO#ce142cac-5217-11f1-9eb0-eeee0a904712.OPERATION#flowable-async-job-executor-thread-1230#
[CreateServiceStep] 1 of 1 done#
#2026 05 17 17:42:59.091#Z#DEBUG#ce142cac-5217-11f1-9eb0-eeee0a904712.OPERATION#flowable-async-job-executor-thread-1229#
[CreateServiceStep] Remaining services to poll: [ ]#
#2026 05 17 17:42:59.093#Z#DEBUG#ce142cac-5217-11f1-9eb0-eeee0a904712.OPERATION#flowable-async-job-executor-thread-1229#
Step "Create" finished#
#2026 05 17 17:42:59.093#Z#DEBUG#ce142cac-5217-11f1-9eb0-eeee0a904712.OPERATION#flowable-async-job-executor-thread-1230#
[CreateServiceStep] Remaining services to poll: [ ]#
#2026 05 17 17:42:59.095#Z#DEBUG#ce142cac-5217-11f1-9eb0-eeee0a904712.OPERATION#flowable-async-job-executor-thread-1230#
Step "Create" finished#
#2026 05 17 17:42:59.126#Z#DEBUG#ce142cac-5217-11f1-9eb0-eeee0a904712.OPERATION#flowable-async-job-executor-thread-1231#
[CreateServiceStep] Last operation for service "bookscapm-db": {
  "type" : "CREATE",
  "state" : "SUCCEEDED"
}#
#2026 05 17 17:42:59.126#Z#DEBUG#ce142cac-5217-11f1-9eb0-eeee0a904712.OPERATION#flowable-async-job-executor-thread-1231#
[CreateServiceStep] Service "bookscapm-db" created#
#2026 05 17 17:42:59.126#Z#INFO#ce142cac-5217-11f1-9eb0-eeee0a904712.OPERATION#flowable-async-job-executor-thread-1231#
[CreateServiceStep] 1 of 1 done#
#2026 05 17 17:42:59.136#Z#DEBUG#ce142cac-5217-11f1-9eb0-eeee0a904712.OPERATION#flowable-async-job-executor-thread-1231#
[CreateServiceStep] Remaining services to poll: [ ]#
#2026 05 17 17:42:59.138#Z#DEBUG#ce142cac-5217-11f1-9eb0-eeee0a904712.OPERATION#flowable-async-job-executor-thread-1231#
Step "Create" finished#
#2026 05 17 17:43:00.934#Z#DEBUG#ce142cac-5217-11f1-9eb0-eeee0a904712.OPERATION#flowable-async-job-executor-thread-263#
[PrepareModulesDeploymentStep] Executing task "prepareModulesDeploymentTask" of process "d9443f94-5217-11f1-bda0-eeee0a93840c"...#
#2026 05 17 17:43:00.936#Z#DEBUG#ce142cac-5217-11f1-9eb0-eeee0a904712.OPERATION#flowable-async-job-executor-thread-263#
[PrepareModulesDeploymentStep] Preparing modules deployment...#
#2026 05 17 17:43:00.945#Z#DEBUG#ce142cac-5217-11f1-9eb0-eeee0a904712.OPERATION#flowable-async-job-executor-thread-263#
Step "Prepare Modules Deployment" finished#
#2026 05 17 17:43:01.012#Z#DEBUG#ce142cac-5217-11f1-9eb0-eeee0a904712.OPERATION#flowable-async-job-executor-thread-264#
[ComputeNextModulesStep] Executing task "computeNextModulesToDeployInParallel" of process "d9443f94-5217-11f1-bda0-eeee0a93840c"...#
#2026 05 17 17:43:01.013#Z#DEBUG#ce142cac-5217-11f1-9eb0-eeee0a904712.OPERATION#flowable-async-job-executor-thread-264#
[ComputeNextModulesStep] Computing modules for next parallel iteration...#
#2026 05 17 17:43:01.022#Z#DEBUG#ce142cac-5217-11f1-9eb0-eeee0a904712.OPERATION#flowable-async-job-executor-thread-264#
[ComputeNextModulesStep] Completed modules detected: []#
#2026 05 17 17:43:01.022#Z#DEBUG#ce142cac-5217-11f1-9eb0-eeee0a904712.OPERATION#flowable-async-job-executor-thread-264#
[ComputeNextModulesStep] All modules for deploy detected: [bookscapm-srv, bookscapm-app-content, bookscapm-db-deployer, bookscapm-destination-content]#
#2026 05 17 17:43:01.022#Z#DEBUG#ce142cac-5217-11f1-9eb0-eeee0a904712.OPERATION#flowable-async-job-executor-thread-264#
[ComputeNextModulesStep] Modules not for deploy detected: []#
#2026 05 17 17:43:01.025#Z#DEBUG#ce142cac-5217-11f1-9eb0-eeee0a904712.OPERATION#flowable-async-job-executor-thread-264#
[ComputeNextModulesStep] Computed modules for next parallel iteration: [ {
  "majorSchemaVersion" : 3,
  "name" : "bookscapm-srv",
  "type" : "javascript.nodejs",
  "path" : "bookscapm-srv",
  "properties" : { },
  "parameters" : {
    "app-name" : "bookscapm-srv",
    "buildpack" : "nodejs_buildpack",
    "default-app-name" : "bookscapm-srv",
    "default-host" : "53d2ceb3trial-dev-bookscapm-srv",
    "default-instances" : 1,
    "default-live-app-name" : "bookscapm-srv",
    "default-live-domain" : "cfapps.ap21.hana.ondemand.com",
    "default-live-host" : "53d2ceb3trial-dev-bookscapm-srv",
    "default-live-uri" : "53d2ceb3trial-dev-bookscapm-srv.cfapps.ap21.hana.ondemand.com",
    "default-live-url" : "https://53d2ceb3trial-dev-bookscapm-srv.cfapps.ap21.hana.ondemand.com",
    "default-uri" : "53d2ceb3trial-dev-bookscapm-srv.cfapps.ap21.hana.ondemand.com",
    "default-url" : "https://53d2ceb3trial-dev-bookscapm-srv.cfapps.ap21.hana.ondemand.com",
    "dependency-type" : "soft",
    "domain" : "cfapps.ap21.hana.ondemand.com",
    "generated-password" : "********",
    "generated-user" : "********",
    "host" : "53d2ceb3trial-dev-bookscapm-srv",
    "instances" : 1,
    "protocol" : "https"
  },
  "requiredDependencies" : [ {
    "majorSchemaVersion" : 3,
    "name" : "bookscapm-db",
    "properties" : { },
    "parameters" : { },
    "propertiesMetadata" : {
      "metadata" : { }
    },
    "parametersMetadata" : {
      "metadata" : { }
    }
  }, {
    "majorSchemaVersion" : 3,
    "name" : "uaa_bookscapm",
    "properties" : { },
    "parameters" : { },
    "propertiesMetadata" : {
      "metadata" : { }
    },
    "parametersMetadata" : {
      "metadata" : { }
    }
  } ],
  "providedDependencies" : [ {
    "majorSchemaVersion" : 3,
    "name" : "srv-api",
    "isPublic" : false,
    "properties" : {
      "srv-url" : "https://53d2ceb3trial-dev-bookscapm-srv.cfapps.ap21.hana.ondemand.com"
    },
    "parameters" : { },
    "propertiesMetadata" : {
      "metadata" : { }
    },
    "parametersMetadata" : {
      "metadata" : { }
    }
  }, {
    "majorSchemaVersion" : 3,
    "name" : "bookscapm-srv",
    "isPublic" : false,
    "properties" : { },
    "parameters" : { },
    "propertiesMetadata" : {
      "metadata" : { }
    },
    "parametersMetadata" : {
      "metadata" : { }
    }
  } ],
  "propertiesMetadata" : {
    "metadata" : { }
  },
  "parametersMetadata" : {
    "metadata" : { }
  },
  "deployedAfter" : [ ],
  "hooks" : [ ]
}, {
  "majorSchemaVersion" : 3,
  "name" : "bookscapm-db-deployer",
  "type" : "com.sap.xs.hdi",
  "path" : "bookscapm-db-deployer",
  "properties" : {
    "EXIT" : 1
  },
  "parameters" : {
    "app-name" : "bookscapm-db-deployer",
    "buildpack" : "nodejs_buildpack",
    "default-app-name" : "bookscapm-db-deployer",
    "default-host" : "53d2ceb3trial-dev-bookscapm-db-deployer",
    "default-instances" : 1,
    "default-live-app-name" : "bookscapm-db-deployer",
    "default-live-domain" : "cfapps.ap21.hana.ondemand.com",
    "default-live-host" : "53d2ceb3trial-dev-bookscapm-db-deployer",
    "default-live-uri" : "53d2ceb3trial-dev-bookscapm-db-deployer.cfapps.ap21.hana.ondemand.com",
    "default-live-url" : "https://53d2ceb3trial-dev-bookscapm-db-deployer.cfapps.ap21.hana.ondemand.com",
    "default-uri" : "53d2ceb3trial-dev-bookscapm-db-deployer.cfapps.ap21.hana.ondemand.com",
    "default-url" : "https://53d2ceb3trial-dev-bookscapm-db-deployer.cfapps.ap21.hana.ondemand.com",
    "dependency-type" : "hard",
    "domain" : "cfapps.ap21.hana.ondemand.com",
    "generated-password" : "********",
    "generated-user" : "********",
    "host" : "53d2ceb3trial-dev-bookscapm-db-deployer",
    "instances" : 1,
    "memory" : "256M",
    "no-route" : true,
    "no-start" : true,
    "protocol" : "https",
    "tasks" : [ {
      "command" : "npm start",
      "memory" : "256M",
      "name" : "deploy"
    } ]
  },
  "requiredDependencies" : [ {
    "majorSchemaVersion" : 3,
    "name" : "bookscapm-db",
    "properties" : { },
    "parameters" : { },
    "propertiesMetadata" : {
      "metadata" : { }
    },
    "parametersMetadata" : {
      "metadata" : { }
    }
  } ],
  "providedDependencies" : [ {
    "majorSchemaVersion" : 3,
    "name" : "bookscapm-db-deployer",
    "isPublic" : false,
    "properties" : { },
    "parameters" : { },
    "propertiesMetadata" : {
      "metadata" : { }
    },
    "parametersMetadata" : {
      "metadata" : { }
    }
  } ],
  "propertiesMetadata" : {
    "metadata" : { }
  },
  "parametersMetadata" : {
    "metadata" : { }
  },
  "deployedAfter" : [ ],
  "hooks" : [ ]
}, {
  "majorSchemaVersion" : 3,
  "name" : "bookscapm-destination-content",
  "type" : "com.sap.application.content",
  "properties" : { },
  "parameters" : {
    "app-name" : "bookscapm-destination-content",
    "content" : {
      "instance" : {
        "destinations" : [ {
          "Name" : "bookscapmapprouter_bookscapm_html_repo_host",
          "ServiceInstanceName" : "bookscapm-html5-app-host-service",
          "ServiceKeyName" : "********",
          "sap.cloud.service" : "bookscapmapprouter"
        }, {
          "Authentication" : "********",
          "Name" : "bookscapmapprouter_uaa_bookscapm",
          "ServiceInstanceName" : "bookscapm-xsuaa-service",
          "ServiceKeyName" : "********",
          "sap.cloud.service" : "bookscapmapprouter"
        } ],
        "existing_destinations_policy" : "ignore"
      }
    },
    "default-app-name" : "bookscapm-destination-content",
    "default-host" : "53d2ceb3trial-dev-bookscapm-destination-content",
    "default-instances" : 1,
    "default-live-app-name" : "bookscapm-destination-content",
    "default-live-domain" : "cfapps.ap21.hana.ondemand.com",
    "default-live-host" : "53d2ceb3trial-dev-bookscapm-destination-content",
    "default-live-uri" : "53d2ceb3trial-dev-bookscapm-destination-content.cfapps.ap21.hana.ondemand.com",
    "default-live-url" : "https://53d2ceb3trial-dev-bookscapm-destination-content.cfapps.ap21.hana.ondemand.com",
    "default-uri" : "53d2ceb3trial-dev-bookscapm-destination-content.cfapps.ap21.hana.ondemand.com",
    "default-url" : "https://53d2ceb3trial-dev-bookscapm-destination-content.cfapps.ap21.hana.ondemand.com",
    "dependency-type" : "soft",
    "domain" : "cfapps.ap21.hana.ondemand.com",
    "generated-password" : "********",
    "generated-user" : "********",
    "host" : "53d2ceb3trial-dev-bookscapm-destination-content",
    "instances" : 1,
    "protocol" : "https"
  },
  "requiredDependencies" : [ {
    "majorSchemaVersion" : 3,
    "name" : "bookscapm-destination-service",
    "properties" : { },
    "parameters" : {
      "content-target" : true
    },
    "propertiesMetadata" : {
      "metadata" : { }
    },
    "parametersMetadata" : {
      "metadata" : { }
    }
  }, {
    "majorSchemaVersion" : 3,
    "name" : "bookscapm_html_repo_host",
    "properties" : { },
    "parameters" : {
      "service-key" : "********"
    },
    "propertiesMetadata" : {
      "metadata" : { }
    },
    "parametersMetadata" : {
      "metadata" : { }
    }
  }, {
    "majorSchemaVersion" : 3,
    "name" : "uaa_bookscapm",
    "properties" : { },
    "parameters" : {
      "service-key" : "********"
    },
    "propertiesMetadata" : {
      "metadata" : { }
    },
    "parametersMetadata" : {
      "metadata" : { }
    }
  } ],
  "providedDependencies" : [ {
    "majorSchemaVersion" : 3,
    "name" : "bookscapm-destination-content",
    "isPublic" : false,
    "properties" : { },
    "parameters" : { },
    "propertiesMetadata" : {
      "metadata" : { }
    },
    "parametersMetadata" : {
      "metadata" : { }
    }
  } ],
  "propertiesMetadata" : {
    "metadata" : { }
  },
  "parametersMetadata" : {
    "metadata" : { }
  },
  "deployedAfter" : [ ],
  "hooks" : [ ]
}, {
  "majorSchemaVersion" : 3,
  "name" : "bookscapm-app-content",
  "type" : "com.sap.application.content",
  "path" : "bookscapm-app-content",
  "properties" : { },
  "parameters" : {
    "app-name" : "bookscapm-app-content",
    "default-app-name" : "bookscapm-app-content",
    "default-host" : "53d2ceb3trial-dev-bookscapm-app-content",
    "default-instances" : 1,
    "default-live-app-name" : "bookscapm-app-content",
    "default-live-domain" : "cfapps.ap21.hana.ondemand.com",
    "default-live-host" : "53d2ceb3trial-dev-bookscapm-app-content",
    "default-live-uri" : "53d2ceb3trial-dev-bookscapm-app-content.cfapps.ap21.hana.ondemand.com",
    "default-live-url" : "https://53d2ceb3trial-dev-bookscapm-app-content.cfapps.ap21.hana.ondemand.com",
    "default-uri" : "53d2ceb3trial-dev-bookscapm-app-content.cfapps.ap21.hana.ondemand.com",
    "default-url" : "https://53d2ceb3trial-dev-bookscapm-app-content.cfapps.ap21.hana.ondemand.com",
    "dependency-type" : "soft",
    "domain" : "cfapps.ap21.hana.ondemand.com",
    "generated-password" : "********",
    "generated-user" : "********",
    "host" : "53d2ceb3trial-dev-bookscapm-app-content",
    "instances" : 1,
    "protocol" : "https"
  },
  "requiredDependencies" : [ {
    "majorSchemaVersion" : 3,
    "name" : "bookscapm_html_repo_host",
    "properties" : { },
    "parameters" : {
      "content-target" : true
    },
    "propertiesMetadata" : {
      "metadata" : { }
    },
    "parametersMetadata" : {
      "metadata" : { }
    }
  } ],
  "providedDependencies" : [ {
    "majorSchemaVersion" : 3,
    "name" : "bookscapm-app-content",
    "isPublic" : false,
    "properties" : { },
    "parameters" : { },
    "propertiesMetadata" : {
      "metadata" : { }
    },
    "parametersMetadata" : {
      "metadata" : { }
    }
  } ],
  "propertiesMetadata" : {
    "metadata" : { }
  },
  "parametersMetadata" : {
    "metadata" : { }
  },
  "deployedAfter" : [ ],
  "hooks" : [ ]
} ]#
#2026 05 17 17:43:01.025#Z#DEBUG#ce142cac-5217-11f1-9eb0-eeee0a904712.OPERATION#flowable-async-job-executor-thread-264#
Step "Compute Next Modules To Deploy" finished#
#2026 05 17 17:43:01.300#Z#DEBUG#ce142cac-5217-11f1-9eb0-eeee0a904712.OPERATION#flowable-async-job-executor-thread-265#
[ProcessDescriptorStep] Executing task "reprocessDescriptorTask" of process "d97d02a8-5217-11f1-bda0-eeee0a93840c"...#
#2026 05 17 17:43:01.303#Z#DEBUG#ce142cac-5217-11f1-9eb0-eeee0a904712.OPERATION#flowable-async-job-executor-thread-265#
[ProcessDescriptorStep] Resolving properties and parameters in merged descriptor...#
#2026 05 17 17:43:01.318#Z#DEBUG#ce142cac-5217-11f1-9eb0-eeee0a904712.OPERATION#flowable-async-job-executor-thread-265#
[ProcessDescriptorStep] Subscriptions: [ ]#
#2026 05 17 17:43:01.330#Z#DEBUG#ce142cac-5217-11f1-9eb0-eeee0a904712.OPERATION#flowable-async-job-executor-thread-265#
[ProcessDescriptorStep] MTA modules: [bookscapm-srv, bookscapm-app-content, bookscapm-db-deployer, bookscapm-destination-content]#
#2026 05 17 17:43:01.337#Z#DEBUG#ce142cac-5217-11f1-9eb0-eeee0a904712.OPERATION#flowable-async-job-executor-thread-265#
[ProcessDescriptorStep] Resolved deployment descriptor: {
  "majorSchemaVersion" : 3,
  "schemaVersion" : "3.3.0",
  "id" : "bookscapm",
  "version" : "1.0.0",
  "modules" : [ {
    "majorSchemaVersion" : 3,
    "name" : "bookscapm-srv",
    "type" : "javascript.nodejs",
    "path" : "bookscapm-srv",
    "properties" : { },
    "parameters" : {
      "default-url" : "https://53d2ceb3trial-dev-bookscapm-srv.cfapps.ap21.hana.ondemand.com",
      "default-app-name" : "bookscapm-srv",
      "generated-password" : "********",
      "default-live-url" : "https://53d2ceb3trial-dev-bookscapm-srv.cfapps.ap21.hana.ondemand.com",
      "default-uri" : "53d2ceb3trial-dev-bookscapm-srv.cfapps.ap21.hana.ondemand.com",
      "default-instances" : 1,
      "default-live-host" : "53d2ceb3trial-dev-bookscapm-srv",
      "instances" : 1,
      "buildpack" : "nodejs_buildpack",
      "default-host" : "53d2ceb3trial-dev-bookscapm-srv",
      "app-name" : "bookscapm-srv",
      "default-live-uri" : "53d2ceb3trial-dev-bookscapm-srv.cfapps.ap21.hana.ondemand.com",
      "protocol" : "https",
      "default-live-app-name" : "bookscapm-srv",
      "default-live-domain" : "cfapps.ap21.hana.ondemand.com",
      "domain" : "cfapps.ap21.hana.ondemand.com",
      "host" : "53d2ceb3trial-dev-bookscapm-srv",
      "generated-user" : "********"
    },
    "requiredDependencies" : [ {
      "majorSchemaVersion" : 3,
      "name" : "bookscapm-db",
      "properties" : { },
      "parameters" : { },
      "propertiesMetadata" : {
        "metadata" : { }
      },
      "parametersMetadata" : {
        "metadata" : { }
      }
    }, {
      "majorSchemaVersion" : 3,
      "name" : "uaa_bookscapm",
      "properties" : { },
      "parameters" : { },
      "propertiesMetadata" : {
        "metadata" : { }
      },
      "parametersMetadata" : {
        "metadata" : { }
      }
    } ],
    "providedDependencies" : [ {
      "majorSchemaVersion" : 3,
      "name" : "srv-api",
      "isPublic" : false,
      "properties" : {
        "srv-url" : "https://53d2ceb3trial-dev-bookscapm-srv.cfapps.ap21.hana.ondemand.com"
      },
      "parameters" : { },
      "propertiesMetadata" : {
        "metadata" : { }
      },
      "parametersMetadata" : {
        "metadata" : { }
      }
    }, {
      "majorSchemaVersion" : 3,
      "name" : "bookscapm-srv",
      "isPublic" : false,
      "properties" : { },
      "parameters" : { },
      "propertiesMetadata" : {
        "metadata" : { }
      },
      "parametersMetadata" : {
        "metadata" : { }
      }
    } ],
    "propertiesMetadata" : {
      "metadata" : { }
    },
    "parametersMetadata" : {
      "metadata" : { }
    },
    "hooks" : [ ]
  }, {
    "majorSchemaVersion" : 3,
    "name" : "bookscapm-db-deployer",
    "type" : "com.sap.xs.hdi",
    "path" : "bookscapm-db-deployer",
    "properties" : {
      "EXIT" : 1
    },
    "parameters" : {
      "default-url" : "https://53d2ceb3trial-dev-bookscapm-db-deployer.cfapps.ap21.hana.ondemand.com",
      "default-app-name" : "bookscapm-db-deployer",
      "generated-password" : "********",
      "default-live-url" : "https://53d2ceb3trial-dev-bookscapm-db-deployer.cfapps.ap21.hana.ondemand.com",
      "default-uri" : "53d2ceb3trial-dev-bookscapm-db-deployer.cfapps.ap21.hana.ondemand.com",
      "memory" : "256M",
      "default-instances" : 1,
      "no-route" : true,
      "default-live-host" : "53d2ceb3trial-dev-bookscapm-db-deployer",
      "instances" : 1,
      "buildpack" : "nodejs_buildpack",
      "default-host" : "53d2ceb3trial-dev-bookscapm-db-deployer",
      "app-name" : "bookscapm-db-deployer",
      "default-live-uri" : "53d2ceb3trial-dev-bookscapm-db-deployer.cfapps.ap21.hana.ondemand.com",
      "protocol" : "https",
      "default-live-app-name" : "bookscapm-db-deployer",
      "default-live-domain" : "cfapps.ap21.hana.ondemand.com",
      "dependency-type" : "hard",
      "domain" : "cfapps.ap21.hana.ondemand.com",
      "host" : "53d2ceb3trial-dev-bookscapm-db-deployer",
      "generated-user" : "********",
      "tasks" : [ {
        "command" : "npm start",
        "memory" : "256M",
        "name" : "deploy"
      } ],
      "no-start" : true
    },
    "requiredDependencies" : [ {
      "majorSchemaVersion" : 3,
      "name" : "bookscapm-db",
      "properties" : { },
      "parameters" : { },
      "propertiesMetadata" : {
        "metadata" : { }
      },
      "parametersMetadata" : {
        "metadata" : { }
      }
    } ],
    "providedDependencies" : [ {
      "majorSchemaVersion" : 3,
      "name" : "bookscapm-db-deployer",
      "isPublic" : false,
      "properties" : { },
      "parameters" : { },
      "propertiesMetadata" : {
        "metadata" : { }
      },
      "parametersMetadata" : {
        "metadata" : { }
      }
    } ],
    "propertiesMetadata" : {
      "metadata" : { }
    },
    "parametersMetadata" : {
      "metadata" : { }
    },
    "hooks" : [ ]
  }, {
    "majorSchemaVersion" : 3,
    "name" : "bookscapm-destination-content",
    "type" : "com.sap.application.content",
    "properties" : { },
    "parameters" : {
      "default-url" : "https://53d2ceb3trial-dev-bookscapm-destination-content.cfapps.ap21.hana.ondemand.com",
      "default-app-name" : "bookscapm-destination-content",
      "generated-password" : "********",
      "default-live-url" : "https://53d2ceb3trial-dev-bookscapm-destination-content.cfapps.ap21.hana.ondemand.com",
      "default-uri" : "53d2ceb3trial-dev-bookscapm-destination-content.cfapps.ap21.hana.ondemand.com",
      "default-instances" : 1,
      "default-live-host" : "53d2ceb3trial-dev-bookscapm-destination-content",
      "instances" : 1,
      "default-host" : "53d2ceb3trial-dev-bookscapm-destination-content",
      "content" : {
        "instance" : {
          "destinations" : [ {
            "Name" : "bookscapmapprouter_bookscapm_html_repo_host",
            "ServiceInstanceName" : "bookscapm-html5-app-host-service",
            "ServiceKeyName" : "********",
            "sap.cloud.service" : "bookscapmapprouter"
          }, {
            "Authentication" : "********",
            "Name" : "bookscapmapprouter_uaa_bookscapm",
            "ServiceInstanceName" : "bookscapm-xsuaa-service",
            "ServiceKeyName" : "********",
            "sap.cloud.service" : "bookscapmapprouter"
          } ],
          "existing_destinations_policy" : "ignore"
        }
      },
      "app-name" : "bookscapm-destination-content",
      "default-live-uri" : "53d2ceb3trial-dev-bookscapm-destination-content.cfapps.ap21.hana.ondemand.com",
      "protocol" : "https",
      "default-live-app-name" : "bookscapm-destination-content",
      "default-live-domain" : "cfapps.ap21.hana.ondemand.com",
      "domain" : "cfapps.ap21.hana.ondemand.com",
      "host" : "53d2ceb3trial-dev-bookscapm-destination-content",
      "generated-user" : "********"
    },
    "requiredDependencies" : [ {
      "majorSchemaVersion" : 3,
      "name" : "bookscapm-destination-service",
      "properties" : { },
      "parameters" : {
        "content-target" : true
      },
      "propertiesMetadata" : {
        "metadata" : { }
      },
      "parametersMetadata" : {
        "metadata" : { }
      }
    }, {
      "majorSchemaVersion" : 3,
      "name" : "bookscapm_html_repo_host",
      "properties" : { },
      "parameters" : {
        "service-key" : "********"
      },
      "propertiesMetadata" : {
        "metadata" : { }
      },
      "parametersMetadata" : {
        "metadata" : { }
      }
    }, {
      "majorSchemaVersion" : 3,
      "name" : "uaa_bookscapm",
      "properties" : { },
      "parameters" : {
        "service-key" : "********"
      },
      "propertiesMetadata" : {
        "metadata" : { }
      },
      "parametersMetadata" : {
        "metadata" : { }
      }
    } ],
    "providedDependencies" : [ {
      "majorSchemaVersion" : 3,
      "name" : "bookscapm-destination-content",
      "isPublic" : false,
      "properties" : { },
      "parameters" : { },
      "propertiesMetadata" : {
        "metadata" : { }
      },
      "parametersMetadata" : {
        "metadata" : { }
      }
    } ],
    "propertiesMetadata" : {
      "metadata" : { }
    },
    "parametersMetadata" : {
      "metadata" : { }
    },
    "hooks" : [ ]
  }, {
    "majorSchemaVersion" : 3,
    "name" : "bookscapm-app-content",
    "type" : "com.sap.application.content",
    "path" : "bookscapm-app-content",
    "properties" : { },
    "parameters" : {
      "default-url" : "https://53d2ceb3trial-dev-bookscapm-app-content.cfapps.ap21.hana.ondemand.com",
      "default-app-name" : "bookscapm-app-content",
      "generated-password" : "********",
      "default-live-url" : "https://53d2ceb3trial-dev-bookscapm-app-content.cfapps.ap21.hana.ondemand.com",
      "default-uri" : "53d2ceb3trial-dev-bookscapm-app-content.cfapps.ap21.hana.ondemand.com",
      "default-instances" : 1,
      "default-live-host" : "53d2ceb3trial-dev-bookscapm-app-content",
      "instances" : 1,
      "default-host" : "53d2ceb3trial-dev-bookscapm-app-content",
      "app-name" : "bookscapm-app-content",
      "default-live-uri" : "53d2ceb3trial-dev-bookscapm-app-content.cfapps.ap21.hana.ondemand.com",
      "protocol" : "https",
      "default-live-app-name" : "bookscapm-app-content",
      "default-live-domain" : "cfapps.ap21.hana.ondemand.com",
      "domain" : "cfapps.ap21.hana.ondemand.com",
      "host" : "53d2ceb3trial-dev-bookscapm-app-content",
      "generated-user" : "********"
    },
    "requiredDependencies" : [ {
      "majorSchemaVersion" : 3,
      "name" : "bookscapm_html_repo_host",
      "properties" : { },
      "parameters" : {
        "content-target" : true
      },
      "propertiesMetadata" : {
        "metadata" : { }
      },
      "parametersMetadata" : {
        "metadata" : { }
      }
    } ],
    "providedDependencies" : [ {
      "majorSchemaVersion" : 3,
      "name" : "bookscapm-app-content",
      "isPublic" : false,
      "properties" : { },
      "parameters" : { },
      "propertiesMetadata" : {
        "metadata" : { }
      },
      "parametersMetadata" : {
        "metadata" : { }
      }
    } ],
    "propertiesMetadata" : {
      "metadata" : { }
    },
    "parametersMetadata" : {
      "metadata" : { }
    },
    "hooks" : [ ]
  } ],
  "resources" : [ {
    "majorSchemaVersion" : 3,
    "name" : "bookscapm-db",
    "type" : "com.sap.xs.hdi-container",
    "properties" : { },
    "parameters" : {
      "generated-password" : "********",
      "service-name" : "bookscapm-db",
      "service-plan" : "hdi-shared",
      "service" : "hana",
      "generated-user" : "********",
      "default-xsappname" : "bookscapm-db",
      "type" : "managed-service",
      "default-service-name" : "bookscapm-db",
      "default-container-name" : "53D2CEB3TRIAL_DEV_BOOKSCAPM_DB"
    },
    "isActive" : true,
    "isOptional" : false,
    "propertiesMetadata" : {
      "metadata" : { }
    },
    "parametersMetadata" : {
      "metadata" : { }
    },
    "requiredDependencies" : [ ],
    "processedAfter" : [ ]
  }, {
    "majorSchemaVersion" : 3,
    "name" : "bookscapm-destination-service",
    "type" : "org.cloudfoundry.managed-service",
    "properties" : { },
    "parameters" : {
      "generated-password" : "********",
      "service-name" : "bookscapm-destination-service",
      "service-plan" : "lite",
      "service" : "destination",
      "generated-user" : "********",
      "default-xsappname" : "bookscapm-destination-service",
      "type" : "managed-service",
      "config" : {
        "HTML5Runtime_enabled" : true,
        "init_data" : {
          "instance" : {
            "destinations" : [ {
              "Authentication" : "********",
              "Name" : "ui5",
              "ProxyType" : "Internet",
              "Type" : "HTTP",
              "URL" : "https://ui5.sap.com"
            }, {
              "Authentication" : "********",
              "HTML5.DynamicDestination" : true,
              "HTML5.ForwardAuthToken" : "********",
              "Name" : "srv-api",
              "ProxyType" : "Internet",
              "Type" : "HTTP",
              "URL" : "https://53d2ceb3trial-dev-bookscapm-srv.cfapps.ap21.hana.ondemand.com"
            } ],
            "existing_destinations_policy" : "update"
          }
        },
        "version" : "1.0.0"
      },
      "default-service-name" : "bookscapm-destination-service",
      "default-container-name" : "53D2CEB3TRIAL_DEV_BOOKSCAPM_DESTINATION_SERVICE"
    },
    "isActive" : true,
    "isOptional" : false,
    "propertiesMetadata" : {
      "metadata" : { }
    },
    "parametersMetadata" : {
      "metadata" : { }
    },
    "requiredDependencies" : [ {
      "majorSchemaVersion" : 3,
      "name" : "srv-api",
      "properties" : { },
      "parameters" : { },
      "propertiesMetadata" : {
        "metadata" : { }
      },
      "parametersMetadata" : {
        "metadata" : { }
      }
    } ],
    "processedAfter" : [ ]
  }, {
    "majorSchemaVersion" : 3,
    "name" : "bookscapm_html_repo_host",
    "type" : "org.cloudfoundry.managed-service",
    "properties" : { },
    "parameters" : {
      "generated-password" : "********",
      "service-name" : "bookscapm-html5-app-host-service",
      "service-plan" : "app-host",
      "service" : "html5-apps-repo",
      "generated-user" : "********",
      "default-xsappname" : "bookscapm_html_repo_host",
      "type" : "managed-service",
      "default-service-name" : "bookscapm_html_repo_host",
      "default-container-name" : "53D2CEB3TRIAL_DEV_BOOKSCAPM_HTML_REPO_HOST"
    },
    "isActive" : true,
    "isOptional" : false,
    "propertiesMetadata" : {
      "metadata" : { }
    },
    "parametersMetadata" : {
      "metadata" : { }
    },
    "requiredDependencies" : [ ],
    "processedAfter" : [ ]
  }, {
    "majorSchemaVersion" : 3,
    "name" : "uaa_bookscapm",
    "type" : "org.cloudfoundry.managed-service",
    "properties" : { },
    "parameters" : {
      "generated-password" : "********",
      "path" : "./xs-security.json",
      "service-name" : "bookscapm-xsuaa-service",
      "service-plan" : "application",
      "service" : "xsuaa",
      "generated-user" : "********",
      "default-xsappname" : "uaa_bookscapm",
      "type" : "managed-service",
      "default-service-name" : "uaa_bookscapm",
      "default-container-name" : "53D2CEB3TRIAL_DEV_UAA_BOOKSCAPM"
    },
    "isActive" : true,
    "isOptional" : false,
    "propertiesMetadata" : {
      "metadata" : { }
    },
    "parametersMetadata" : {
      "metadata" : { }
    },
    "requiredDependencies" : [ ],
    "processedAfter" : [ ]
  } ],
  "parameters" : {
    "deploy_mode" : "html5-repo",
    "mta-id" : "bookscapm",
    "authorization-url" : "********",
    "org-guid" : "2243168d-2a9f-490d-bf17-3322448edf8b",
    "org" : "53d2ceb3trial",
    "deploy-target" : "53d2ceb3trial dev",
    "enable-parallel-deployments" : true,
    "region-primary-domain" : "ap21.hana.ondemand.com",
    "space" : "dev",
    "region-domain" : "ap21.hana.ondemand.com",
    "xs-api-url" : "https://api.cf.ap21.hana.ondemand.com",
    "deploy-url" : "deploy-service.cfapps.ap21.hana.ondemand.com",
    "xs-type" : "CF",
    "default-domain" : "cfapps.ap21.hana.ondemand.com",
    "mta-version" : "1.0.0",
    "xs-auth-url" : "********",
    "space-guid" : "da2f47c5-67bb-4739-9dbb-6384db716e72",
    "user" : "********",
    "controller-url" : "https://api.cf.ap21.hana.ondemand.com",
    "timestamp" : "20260517174242"
  },
  "parametersMetadata" : {
    "metadata" : { }
  }
}#
#2026 05 17 17:43:01.337#Z#DEBUG#ce142cac-5217-11f1-9eb0-eeee0a904712.OPERATION#flowable-async-job-executor-thread-265#
[ProcessDescriptorStep] Merged descriptor properties and parameters resolved#
#2026 05 17 17:43:01.338#Z#DEBUG#ce142cac-5217-11f1-9eb0-eeee0a904712.OPERATION#flowable-async-job-executor-thread-265#
Step "Re-Process Descriptor Step" finished#
#2026 05 17 17:43:01.409#Z#DEBUG#ce142cac-5217-11f1-9eb0-eeee0a904712.OPERATION#flowable-async-job-executor-thread-265#
[BuildApplicationDeployModelStep] Executing task "buildApplicationDeployModelTask" of process "d97d02a8-5217-11f1-bda0-eeee0a93840c"...#
#2026 05 17 17:43:01.413#Z#DEBUG#ce142cac-5217-11f1-9eb0-eeee0a904712.OPERATION#flowable-async-job-executor-thread-265#
[BuildApplicationDeployModelStep] Building cloud deployment model for application "bookscapm-srv"...#
#2026 05 17 17:43:01.423#Z#DEBUG#ce142cac-5217-11f1-9eb0-eeee0a904712.OPERATION#flowable-async-job-executor-thread-265#
[BuildApplicationDeployModelStep] No health-check-type is specified. Setting default type: port#
#2026 05 17 17:43:01.424#Z#INFO#ce142cac-5217-11f1-9eb0-eeee0a904712.OPERATION#flowable-async-job-executor-thread-265#
[BuildApplicationDeployModelStep] Building configuration entries for org 53d2ceb3trial, space dev, spaceId da2f47c5-67bb-4739-9dbb-6384db716e72 and namespace null!#
#2026 05 17 17:43:01.426#Z#DEBUG#ce142cac-5217-11f1-9eb0-eeee0a904712.OPERATION#flowable-async-job-executor-thread-265#
[BuildApplicationDeployModelStep] Configuration entries to publish: [ ]#
#2026 05 17 17:43:01.426#Z#DEBUG#ce142cac-5217-11f1-9eb0-eeee0a904712.OPERATION#flowable-async-job-executor-thread-265#
[BuildApplicationDeployModelStep] Cloud deployment model for application built#
#2026 05 17 17:43:01.426#Z#DEBUG#ce142cac-5217-11f1-9eb0-eeee0a904712.OPERATION#flowable-async-job-executor-thread-265#
Step "Build Application Deploy Model" finished#
#2026 05 17 17:43:01.499#Z#DEBUG#ce142cac-5217-11f1-9eb0-eeee0a904712.OPERATION#flowable-async-job-executor-thread-265#
[CreateOrUpdateAppStep] Executing task "createAppTask" of process "d97d02a8-5217-11f1-bda0-eeee0a93840c"...#
#2026 05 17 17:43:01.503#Z#DEBUG#ce142cac-5217-11f1-9eb0-eeee0a904712.OPERATION#flowable-async-job-executor-thread-265#
[CreateOrUpdateAppStep] Getting application "bookscapm-srv"...#
#2026 05 17 17:43:01.540#Z#INFO#ce142cac-5217-11f1-9eb0-eeee0a904712.OPERATION#flowable-async-job-executor-thread-265#
[CreateOrUpdateAppStep] Creating application "bookscapm-srv" from MTA module "bookscapm-srv"...#
#2026 05 17 17:43:01.570#Z#DEBUG#ce142cac-5217-11f1-9eb0-eeee0a904712.OPERATION#flowable-async-job-executor-thread-265#
[CreateOrUpdateAppStep] Creating application "bookscapm-srv" with disk "null" memory "null", URIs "53d2ceb3trial-dev-bookscapm-srv.cfapps.ap21.hana.ondemand.com" and staging: "{
  "buildpacks" : [ "nodejs_buildpack" ],
  "healthCheckType" : "port",
  "appFeatures" : { }
}"#
#2026 05 17 17:43:02.182#Z#DEBUG#ce142cac-5217-11f1-9eb0-eeee0a904712.OPERATION#flowable-async-job-executor-thread-265#
[CreateOrUpdateAppStep] Application "bookscapm-srv" created#
#2026 05 17 17:43:02.182#Z#DEBUG#ce142cac-5217-11f1-9eb0-eeee0a904712.OPERATION#flowable-async-job-executor-thread-265#
Step "Create App" finished#
#2026 05 17 17:43:02.357#Z#DEBUG#ce142cac-5217-11f1-9eb0-eeee0a904712.OPERATION#flowable-async-job-executor-thread-265#
[CheckServiceBindingOperationStep] Executing task "checkForServiceBindingOperationInProgress" of process "da24186b-5217-11f1-bda0-eeee0a93840c"...#
#2026 05 17 17:43:02.357#Z#DEBUG#ce142cac-5217-11f1-9eb0-eeee0a904712.OPERATION#flowable-async-job-executor-thread-265#
[CheckServiceBindingOperationStep] Checking for service binding operation in progress between app "bookscapm-srv" and service instance "bookscapm-db"#
#2026 05 17 17:43:02.359#Z#DEBUG#ce142cac-5217-11f1-9eb0-eeee0a904712.OPERATION#flowable-async-job-executor-thread-265#
[CheckServiceBindingOperationStep] Getting application guid "bookscapm-srv"...#
#2026 05 17 17:43:02.397#Z#DEBUG#ce142cac-5217-11f1-9eb0-eeee0a904712.OPERATION#flowable-async-job-executor-thread-265#
[CheckServiceBindingOperationStep] Getting GUID of required service instance "bookscapm-db"...#
#2026 05 17 17:43:02.433#Z#DEBUG#ce142cac-5217-11f1-9eb0-eeee0a904712.OPERATION#flowable-async-job-executor-thread-265#
[CheckServiceBindingOperationStep] Getting binding of service instance "8844767d-f7d3-413c-9396-91e675605968" with application "ab51efbf-6a80-46f6-bcf2-75d28171c258"...#
#2026 05 17 17:43:02.463#Z#DEBUG#ce142cac-5217-11f1-9eb0-eeee0a904712.OPERATION#flowable-async-job-executor-thread-265#
Step "Check For Service Binding Operation In Progress" finished#
#2026 05 17 17:43:02.515#Z#DEBUG#ce142cac-5217-11f1-9eb0-eeee0a904712.OPERATION#flowable-async-job-executor-thread-265#
[DetermineApplicationServiceBindingActionsStep] Executing task "determineApplicationServiceBindingActionsTask" of process "da24186b-5217-11f1-bda0-eeee0a93840c"...#
#2026 05 17 17:43:02.518#Z#DEBUG#ce142cac-5217-11f1-9eb0-eeee0a904712.OPERATION#flowable-async-job-executor-thread-265#
[DetermineApplicationServiceBindingActionsStep] Determine bind/unbind operations of application "bookscapm-srv" to service instance "bookscapm-db"#
#2026 05 17 17:43:02.518#Z#DEBUG#ce142cac-5217-11f1-9eb0-eeee0a904712.OPERATION#flowable-async-job-executor-thread-265#
[DetermineApplicationServiceBindingActionsStep] Getting application "bookscapm-srv"...#
#2026 05 17 17:43:02.556#Z#DEBUG#ce142cac-5217-11f1-9eb0-eeee0a904712.OPERATION#flowable-async-job-executor-thread-265#
[DetermineApplicationServiceBindingActionsStep] Binding parameters for application "bookscapm-srv": { }#
#2026 05 17 17:43:02.595#Z#DEBUG#ce142cac-5217-11f1-9eb0-eeee0a904712.OPERATION#flowable-async-job-executor-thread-265#
[DetermineApplicationServiceBindingActionsStep] Calculated binding operations between application "bookscapm-srv" and service instance "bookscapm-db": unbind - false bind - true#
#2026 05 17 17:43:02.595#Z#DEBUG#ce142cac-5217-11f1-9eb0-eeee0a904712.OPERATION#flowable-async-job-executor-thread-265#
Step "Determine Application Service Binding Actions" finished#
#2026 05 17 17:43:02.685#Z#DEBUG#ce142cac-5217-11f1-9eb0-eeee0a904712.OPERATION#flowable-async-job-executor-thread-265#
[BindServiceToApplicationStep] Executing task "bindServiceToApplicationTask" of process "da24186b-5217-11f1-bda0-eeee0a93840c"...#
#2026 05 17 17:43:02.688#Z#INFO#ce142cac-5217-11f1-9eb0-eeee0a904712.OPERATION#flowable-async-job-executor-thread-265#
[BindServiceToApplicationStep] Binding service instance "bookscapm-db" to application "bookscapm-srv"...#
#2026 05 17 17:43:02.705#Z#DEBUG#ce142cac-5217-11f1-9eb0-eeee0a904712.OPERATION#flowable-async-job-executor-thread-265#
[BindServiceToApplicationStep] Binding service instance "bookscapm-db" to application "bookscapm-srv" with parameters: { }#
#2026 05 17 17:43:02.868#Z#DEBUG#ce142cac-5217-11f1-9eb0-eeee0a904712.OPERATION#flowable-async-job-executor-thread-265#
Step "Bind Service to Application" finished#
#2026 05 17 17:43:02.841#Z#DEBUG#ce142cac-5217-11f1-9eb0-eeee0a904712.OPERATION#flowable-async-job-executor-thread-380#
[CheckServiceBindingOperationStep] Executing task "checkForServiceBindingOperationInProgress" of process "da6f03d7-5217-11f1-9eb0-eeee0a904712"...#
#2026 05 17 17:43:02.842#Z#DEBUG#ce142cac-5217-11f1-9eb0-eeee0a904712.OPERATION#flowable-async-job-executor-thread-380#
[CheckServiceBindingOperationStep] Checking for service binding operation in progress between app "bookscapm-srv" and service instance "bookscapm-xsuaa-service"#
#2026 05 17 17:43:02.843#Z#DEBUG#ce142cac-5217-11f1-9eb0-eeee0a904712.OPERATION#flowable-async-job-executor-thread-380#
[CheckServiceBindingOperationStep] Getting application guid "bookscapm-srv"...#
#2026 05 17 17:43:02.880#Z#DEBUG#ce142cac-5217-11f1-9eb0-eeee0a904712.OPERATION#flowable-async-job-executor-thread-380#
[CheckServiceBindingOperationStep] Getting GUID of required service instance "bookscapm-xsuaa-service"...#
#2026 05 17 17:43:02.919#Z#DEBUG#ce142cac-5217-11f1-9eb0-eeee0a904712.OPERATION#flowable-async-job-executor-thread-380#
[CheckServiceBindingOperationStep] Getting binding of service instance "8941d240-b773-4617-a1ce-e6afb15ec656" with application "ab51efbf-6a80-46f6-bcf2-75d28171c258"...#
#2026 05 17 17:43:02.946#Z#DEBUG#ce142cac-5217-11f1-9eb0-eeee0a904712.OPERATION#flowable-async-job-executor-thread-380#
Step "Check For Service Binding Operation In Progress" finished#
#2026 05 17 17:43:02.990#Z#DEBUG#ce142cac-5217-11f1-9eb0-eeee0a904712.OPERATION#flowable-async-job-executor-thread-380#
[DetermineApplicationServiceBindingActionsStep] Executing task "determineApplicationServiceBindingActionsTask" of process "da6f03d7-5217-11f1-9eb0-eeee0a904712"...#
#2026 05 17 17:43:02.993#Z#DEBUG#ce142cac-5217-11f1-9eb0-eeee0a904712.OPERATION#flowable-async-job-executor-thread-380#
[DetermineApplicationServiceBindingActionsStep] Determine bind/unbind operations of application "bookscapm-srv" to service instance "bookscapm-xsuaa-service"#
#2026 05 17 17:43:02.993#Z#DEBUG#ce142cac-5217-11f1-9eb0-eeee0a904712.OPERATION#flowable-async-job-executor-thread-380#
[DetermineApplicationServiceBindingActionsStep] Getting application "bookscapm-srv"...#
#2026 05 17 17:43:03.039#Z#DEBUG#ce142cac-5217-11f1-9eb0-eeee0a904712.OPERATION#flowable-async-job-executor-thread-380#
[DetermineApplicationServiceBindingActionsStep] Binding parameters for application "bookscapm-srv": { }#
#2026 05 17 17:43:03.091#Z#DEBUG#ce142cac-5217-11f1-9eb0-eeee0a904712.OPERATION#flowable-async-job-executor-thread-380#
[DetermineApplicationServiceBindingActionsStep] Calculated binding operations between application "bookscapm-srv" and service instance "bookscapm-xsuaa-service": unbind - false bind - true#
#2026 05 17 17:43:03.091#Z#DEBUG#ce142cac-5217-11f1-9eb0-eeee0a904712.OPERATION#flowable-async-job-executor-thread-380#
Step "Determine Application Service Binding Actions" finished#
#2026 05 17 17:43:03.150#Z#DEBUG#ce142cac-5217-11f1-9eb0-eeee0a904712.OPERATION#flowable-async-job-executor-thread-380#
[BindServiceToApplicationStep] Executing task "bindServiceToApplicationTask" of process "da6f03d7-5217-11f1-9eb0-eeee0a904712"...#
#2026 05 17 17:43:03.153#Z#INFO#ce142cac-5217-11f1-9eb0-eeee0a904712.OPERATION#flowable-async-job-executor-thread-380#
[BindServiceToApplicationStep] Binding service instance "bookscapm-xsuaa-service" to application "bookscapm-srv"...#
#2026 05 17 17:43:03.164#Z#DEBUG#ce142cac-5217-11f1-9eb0-eeee0a904712.OPERATION#flowable-async-job-executor-thread-380#
[BindServiceToApplicationStep] Binding service instance "bookscapm-xsuaa-service" to application "bookscapm-srv" with parameters: { }#
#2026 05 17 17:43:03.299#Z#DEBUG#ce142cac-5217-11f1-9eb0-eeee0a904712.OPERATION#flowable-async-job-executor-thread-380#
Step "Bind Service to Application" finished#
#2026 05 17 17:43:03.759#Z#DEBUG#ce142cac-5217-11f1-9eb0-eeee0a904712.OPERATION#flowable-async-job-executor-thread-262#
[ProcessDescriptorStep] Executing task "reprocessDescriptorTask" of process "daedf8d6-5217-11f1-bda0-eeee0a93840c"...#
#2026 05 17 17:43:03.761#Z#DEBUG#ce142cac-5217-11f1-9eb0-eeee0a904712.OPERATION#flowable-async-job-executor-thread-262#
[ProcessDescriptorStep] Resolving properties and parameters in merged descriptor...#
#2026 05 17 17:43:03.773#Z#DEBUG#ce142cac-5217-11f1-9eb0-eeee0a904712.OPERATION#flowable-async-job-executor-thread-262#
[ProcessDescriptorStep] Subscriptions: [ ]#
#2026 05 17 17:43:03.788#Z#DEBUG#ce142cac-5217-11f1-9eb0-eeee0a904712.OPERATION#flowable-async-job-executor-thread-262#
[ProcessDescriptorStep] MTA modules: [bookscapm-srv, bookscapm-app-content, bookscapm-db-deployer, bookscapm-destination-content]#
#2026 05 17 17:43:03.794#Z#DEBUG#ce142cac-5217-11f1-9eb0-eeee0a904712.OPERATION#flowable-async-job-executor-thread-262#
[ProcessDescriptorStep] Resolved deployment descriptor: {
  "majorSchemaVersion" : 3,
  "schemaVersion" : "3.3.0",
  "id" : "bookscapm",
  "version" : "1.0.0",
  "modules" : [ {
    "majorSchemaVersion" : 3,
    "name" : "bookscapm-srv",
    "type" : "javascript.nodejs",
    "path" : "bookscapm-srv",
    "properties" : { },
    "parameters" : {
      "default-url" : "https://53d2ceb3trial-dev-bookscapm-srv.cfapps.ap21.hana.ondemand.com",
      "default-app-name" : "bookscapm-srv",
      "generated-password" : "********",
      "default-live-url" : "https://53d2ceb3trial-dev-bookscapm-srv.cfapps.ap21.hana.ondemand.com",
      "default-uri" : "53d2ceb3trial-dev-bookscapm-srv.cfapps.ap21.hana.ondemand.com",
      "default-instances" : 1,
      "default-live-host" : "53d2ceb3trial-dev-bookscapm-srv",
      "instances" : 1,
      "buildpack" : "nodejs_buildpack",
      "default-host" : "53d2ceb3trial-dev-bookscapm-srv",
      "app-name" : "bookscapm-srv",
      "default-live-uri" : "53d2ceb3trial-dev-bookscapm-srv.cfapps.ap21.hana.ondemand.com",
      "protocol" : "https",
      "default-live-app-name" : "bookscapm-srv",
      "default-live-domain" : "cfapps.ap21.hana.ondemand.com",
      "domain" : "cfapps.ap21.hana.ondemand.com",
      "host" : "53d2ceb3trial-dev-bookscapm-srv",
      "generated-user" : "********"
    },
    "requiredDependencies" : [ {
      "majorSchemaVersion" : 3,
      "name" : "bookscapm-db",
      "properties" : { },
      "parameters" : { },
      "propertiesMetadata" : {
        "metadata" : { }
      },
      "parametersMetadata" : {
        "metadata" : { }
      }
    }, {
      "majorSchemaVersion" : 3,
      "name" : "uaa_bookscapm",
      "properties" : { },
      "parameters" : { },
      "propertiesMetadata" : {
        "metadata" : { }
      },
      "parametersMetadata" : {
        "metadata" : { }
      }
    } ],
    "providedDependencies" : [ {
      "majorSchemaVersion" : 3,
      "name" : "srv-api",
      "isPublic" : false,
      "properties" : {
        "srv-url" : "https://53d2ceb3trial-dev-bookscapm-srv.cfapps.ap21.hana.ondemand.com"
      },
      "parameters" : { },
      "propertiesMetadata" : {
        "metadata" : { }
      },
      "parametersMetadata" : {
        "metadata" : { }
      }
    }, {
      "majorSchemaVersion" : 3,
      "name" : "bookscapm-srv",
      "isPublic" : false,
      "properties" : { },
      "parameters" : { },
      "propertiesMetadata" : {
        "metadata" : { }
      },
      "parametersMetadata" : {
        "metadata" : { }
      }
    } ],
    "propertiesMetadata" : {
      "metadata" : { }
    },
    "parametersMetadata" : {
      "metadata" : { }
    },
    "hooks" : [ ]
  }, {
    "majorSchemaVersion" : 3,
    "name" : "bookscapm-db-deployer",
    "type" : "com.sap.xs.hdi",
    "path" : "bookscapm-db-deployer",
    "properties" : {
      "EXIT" : 1
    },
    "parameters" : {
      "default-url" : "https://53d2ceb3trial-dev-bookscapm-db-deployer.cfapps.ap21.hana.ondemand.com",
      "default-app-name" : "bookscapm-db-deployer",
      "generated-password" : "********",
      "default-live-url" : "https://53d2ceb3trial-dev-bookscapm-db-deployer.cfapps.ap21.hana.ondemand.com",
      "default-uri" : "53d2ceb3trial-dev-bookscapm-db-deployer.cfapps.ap21.hana.ondemand.com",
      "memory" : "256M",
      "default-instances" : 1,
      "no-route" : true,
      "default-live-host" : "53d2ceb3trial-dev-bookscapm-db-deployer",
      "instances" : 1,
      "buildpack" : "nodejs_buildpack",
      "default-host" : "53d2ceb3trial-dev-bookscapm-db-deployer",
      "app-name" : "bookscapm-db-deployer",
      "default-live-uri" : "53d2ceb3trial-dev-bookscapm-db-deployer.cfapps.ap21.hana.ondemand.com",
      "protocol" : "https",
      "default-live-app-name" : "bookscapm-db-deployer",
      "default-live-domain" : "cfapps.ap21.hana.ondemand.com",
      "dependency-type" : "hard",
      "domain" : "cfapps.ap21.hana.ondemand.com",
      "host" : "53d2ceb3trial-dev-bookscapm-db-deployer",
      "generated-user" : "********",
      "tasks" : [ {
        "command" : "npm start",
        "memory" : "256M",
        "name" : "deploy"
      } ],
      "no-start" : true
    },
    "requiredDependencies" : [ {
      "majorSchemaVersion" : 3,
      "name" : "bookscapm-db",
      "properties" : { },
      "parameters" : { },
      "propertiesMetadata" : {
        "metadata" : { }
      },
      "parametersMetadata" : {
        "metadata" : { }
      }
    } ],
    "providedDependencies" : [ {
      "majorSchemaVersion" : 3,
      "name" : "bookscapm-db-deployer",
      "isPublic" : false,
      "properties" : { },
      "parameters" : { },
      "propertiesMetadata" : {
        "metadata" : { }
      },
      "parametersMetadata" : {
        "metadata" : { }
      }
    } ],
    "propertiesMetadata" : {
      "metadata" : { }
    },
    "parametersMetadata" : {
      "metadata" : { }
    },
    "hooks" : [ ]
  }, {
    "majorSchemaVersion" : 3,
    "name" : "bookscapm-destination-content",
    "type" : "com.sap.application.content",
    "properties" : { },
    "parameters" : {
      "default-url" : "https://53d2ceb3trial-dev-bookscapm-destination-content.cfapps.ap21.hana.ondemand.com",
      "default-app-name" : "bookscapm-destination-content",
      "generated-password" : "********",
      "default-live-url" : "https://53d2ceb3trial-dev-bookscapm-destination-content.cfapps.ap21.hana.ondemand.com",
      "default-uri" : "53d2ceb3trial-dev-bookscapm-destination-content.cfapps.ap21.hana.ondemand.com",
      "default-instances" : 1,
      "default-live-host" : "53d2ceb3trial-dev-bookscapm-destination-content",
      "instances" : 1,
      "default-host" : "53d2ceb3trial-dev-bookscapm-destination-content",
      "content" : {
        "instance" : {
          "destinations" : [ {
            "Name" : "bookscapmapprouter_bookscapm_html_repo_host",
            "ServiceInstanceName" : "bookscapm-html5-app-host-service",
            "ServiceKeyName" : "********",
            "sap.cloud.service" : "bookscapmapprouter"
          }, {
            "Authentication" : "********",
            "Name" : "bookscapmapprouter_uaa_bookscapm",
            "ServiceInstanceName" : "bookscapm-xsuaa-service",
            "ServiceKeyName" : "********",
            "sap.cloud.service" : "bookscapmapprouter"
          } ],
          "existing_destinations_policy" : "ignore"
        }
      },
      "app-name" : "bookscapm-destination-content",
      "default-live-uri" : "53d2ceb3trial-dev-bookscapm-destination-content.cfapps.ap21.hana.ondemand.com",
      "protocol" : "https",
      "default-live-app-name" : "bookscapm-destination-content",
      "default-live-domain" : "cfapps.ap21.hana.ondemand.com",
      "domain" : "cfapps.ap21.hana.ondemand.com",
      "host" : "53d2ceb3trial-dev-bookscapm-destination-content",
      "generated-user" : "********"
    },
    "requiredDependencies" : [ {
      "majorSchemaVersion" : 3,
      "name" : "bookscapm-destination-service",
      "properties" : { },
      "parameters" : {
        "content-target" : true
      },
      "propertiesMetadata" : {
        "metadata" : { }
      },
      "parametersMetadata" : {
        "metadata" : { }
      }
    }, {
      "majorSchemaVersion" : 3,
      "name" : "bookscapm_html_repo_host",
      "properties" : { },
      "parameters" : {
        "service-key" : "********"
      },
      "propertiesMetadata" : {
        "metadata" : { }
      },
      "parametersMetadata" : {
        "metadata" : { }
      }
    }, {
      "majorSchemaVersion" : 3,
      "name" : "uaa_bookscapm",
      "properties" : { },
      "parameters" : {
        "service-key" : "********"
      },
      "propertiesMetadata" : {
        "metadata" : { }
      },
      "parametersMetadata" : {
        "metadata" : { }
      }
    } ],
    "providedDependencies" : [ {
      "majorSchemaVersion" : 3,
      "name" : "bookscapm-destination-content",
      "isPublic" : false,
      "properties" : { },
      "parameters" : { },
      "propertiesMetadata" : {
        "metadata" : { }
      },
      "parametersMetadata" : {
        "metadata" : { }
      }
    } ],
    "propertiesMetadata" : {
      "metadata" : { }
    },
    "parametersMetadata" : {
      "metadata" : { }
    },
    "hooks" : [ ]
  }, {
    "majorSchemaVersion" : 3,
    "name" : "bookscapm-app-content",
    "type" : "com.sap.application.content",
    "path" : "bookscapm-app-content",
    "properties" : { },
    "parameters" : {
      "default-url" : "https://53d2ceb3trial-dev-bookscapm-app-content.cfapps.ap21.hana.ondemand.com",
      "default-app-name" : "bookscapm-app-content",
      "generated-password" : "********",
      "default-live-url" : "https://53d2ceb3trial-dev-bookscapm-app-content.cfapps.ap21.hana.ondemand.com",
      "default-uri" : "53d2ceb3trial-dev-bookscapm-app-content.cfapps.ap21.hana.ondemand.com",
      "default-instances" : 1,
      "default-live-host" : "53d2ceb3trial-dev-bookscapm-app-content",
      "instances" : 1,
      "default-host" : "53d2ceb3trial-dev-bookscapm-app-content",
      "app-name" : "bookscapm-app-content",
      "default-live-uri" : "53d2ceb3trial-dev-bookscapm-app-content.cfapps.ap21.hana.ondemand.com",
      "protocol" : "https",
      "default-live-app-name" : "bookscapm-app-content",
      "default-live-domain" : "cfapps.ap21.hana.ondemand.com",
      "domain" : "cfapps.ap21.hana.ondemand.com",
      "host" : "53d2ceb3trial-dev-bookscapm-app-content",
      "generated-user" : "********"
    },
    "requiredDependencies" : [ {
      "majorSchemaVersion" : 3,
      "name" : "bookscapm_html_repo_host",
      "properties" : { },
      "parameters" : {
        "content-target" : true
      },
      "propertiesMetadata" : {
        "metadata" : { }
      },
      "parametersMetadata" : {
        "metadata" : { }
      }
    } ],
    "providedDependencies" : [ {
      "majorSchemaVersion" : 3,
      "name" : "bookscapm-app-content",
      "isPublic" : false,
      "properties" : { },
      "parameters" : { },
      "propertiesMetadata" : {
        "metadata" : { }
      },
      "parametersMetadata" : {
        "metadata" : { }
      }
    } ],
    "propertiesMetadata" : {
      "metadata" : { }
    },
    "parametersMetadata" : {
      "metadata" : { }
    },
    "hooks" : [ ]
  } ],
  "resources" : [ {
    "majorSchemaVersion" : 3,
    "name" : "bookscapm-db",
    "type" : "com.sap.xs.hdi-container",
    "properties" : { },
    "parameters" : {
      "generated-password" : "********",
      "service-name" : "bookscapm-db",
      "service-plan" : "hdi-shared",
      "service" : "hana",
      "generated-user" : "********",
      "default-xsappname" : "bookscapm-db",
      "type" : "managed-service",
      "default-service-name" : "bookscapm-db",
      "default-container-name" : "53D2CEB3TRIAL_DEV_BOOKSCAPM_DB"
    },
    "isActive" : true,
    "isOptional" : false,
    "propertiesMetadata" : {
      "metadata" : { }
    },
    "parametersMetadata" : {
      "metadata" : { }
    },
    "requiredDependencies" : [ ],
    "processedAfter" : [ ]
  }, {
    "majorSchemaVersion" : 3,
    "name" : "bookscapm-destination-service",
    "type" : "org.cloudfoundry.managed-service",
    "properties" : { },
    "parameters" : {
      "generated-password" : "********",
      "service-name" : "bookscapm-destination-service",
      "service-plan" : "lite",
      "service" : "destination",
      "generated-user" : "********",
      "default-xsappname" : "bookscapm-destination-service",
      "type" : "managed-service",
      "config" : {
        "HTML5Runtime_enabled" : true,
        "init_data" : {
          "instance" : {
            "destinations" : [ {
              "Authentication" : "********",
              "Name" : "ui5",
              "ProxyType" : "Internet",
              "Type" : "HTTP",
              "URL" : "https://ui5.sap.com"
            }, {
              "Authentication" : "********",
              "HTML5.DynamicDestination" : true,
              "HTML5.ForwardAuthToken" : "********",
              "Name" : "srv-api",
              "ProxyType" : "Internet",
              "Type" : "HTTP",
              "URL" : "https://53d2ceb3trial-dev-bookscapm-srv.cfapps.ap21.hana.ondemand.com"
            } ],
            "existing_destinations_policy" : "update"
          }
        },
        "version" : "1.0.0"
      },
      "default-service-name" : "bookscapm-destination-service",
      "default-container-name" : "53D2CEB3TRIAL_DEV_BOOKSCAPM_DESTINATION_SERVICE"
    },
    "isActive" : true,
    "isOptional" : false,
    "propertiesMetadata" : {
      "metadata" : { }
    },
    "parametersMetadata" : {
      "metadata" : { }
    },
    "requiredDependencies" : [ {
      "majorSchemaVersion" : 3,
      "name" : "srv-api",
      "properties" : { },
      "parameters" : { },
      "propertiesMetadata" : {
        "metadata" : { }
      },
      "parametersMetadata" : {
        "metadata" : { }
      }
    } ],
    "processedAfter" : [ ]
  }, {
    "majorSchemaVersion" : 3,
    "name" : "bookscapm_html_repo_host",
    "type" : "org.cloudfoundry.managed-service",
    "properties" : { },
    "parameters" : {
      "generated-password" : "********",
      "service-name" : "bookscapm-html5-app-host-service",
      "service-plan" : "app-host",
      "service" : "html5-apps-repo",
      "generated-user" : "********",
      "default-xsappname" : "bookscapm_html_repo_host",
      "type" : "managed-service",
      "default-service-name" : "bookscapm_html_repo_host",
      "default-container-name" : "53D2CEB3TRIAL_DEV_BOOKSCAPM_HTML_REPO_HOST"
    },
    "isActive" : true,
    "isOptional" : false,
    "propertiesMetadata" : {
      "metadata" : { }
    },
    "parametersMetadata" : {
      "metadata" : { }
    },
    "requiredDependencies" : [ ],
    "processedAfter" : [ ]
  }, {
    "majorSchemaVersion" : 3,
    "name" : "uaa_bookscapm",
    "type" : "org.cloudfoundry.managed-service",
    "properties" : { },
    "parameters" : {
      "generated-password" : "********",
      "path" : "./xs-security.json",
      "service-name" : "bookscapm-xsuaa-service",
      "service-plan" : "application",
      "service" : "xsuaa",
      "generated-user" : "********",
      "default-xsappname" : "uaa_bookscapm",
      "type" : "managed-service",
      "default-service-name" : "uaa_bookscapm",
      "default-container-name" : "53D2CEB3TRIAL_DEV_UAA_BOOKSCAPM"
    },
    "isActive" : true,
    "isOptional" : false,
    "propertiesMetadata" : {
      "metadata" : { }
    },
    "parametersMetadata" : {
      "metadata" : { }
    },
    "requiredDependencies" : [ ],
    "processedAfter" : [ ]
  } ],
  "parameters" : {
    "deploy_mode" : "html5-repo",
    "mta-id" : "bookscapm",
    "authorization-url" : "********",
    "org-guid" : "2243168d-2a9f-490d-bf17-3322448edf8b",
    "org" : "53d2ceb3trial",
    "deploy-target" : "53d2ceb3trial dev",
    "enable-parallel-deployments" : true,
    "region-primary-domain" : "ap21.hana.ondemand.com",
    "space" : "dev",
    "region-domain" : "ap21.hana.ondemand.com",
    "xs-api-url" : "https://api.cf.ap21.hana.ondemand.com",
    "deploy-url" : "deploy-service.cfapps.ap21.hana.ondemand.com",
    "xs-type" : "CF",
    "default-domain" : "cfapps.ap21.hana.ondemand.com",
    "mta-version" : "1.0.0",
    "xs-auth-url" : "********",
    "space-guid" : "da2f47c5-67bb-4739-9dbb-6384db716e72",
    "user" : "********",
    "controller-url" : "https://api.cf.ap21.hana.ondemand.com",
    "timestamp" : "20260517174242"
  },
  "parametersMetadata" : {
    "metadata" : { }
  }
}#
#2026 05 17 17:43:03.794#Z#DEBUG#ce142cac-5217-11f1-9eb0-eeee0a904712.OPERATION#flowable-async-job-executor-thread-262#
[ProcessDescriptorStep] Merged descriptor properties and parameters resolved#
#2026 05 17 17:43:03.794#Z#DEBUG#ce142cac-5217-11f1-9eb0-eeee0a904712.OPERATION#flowable-async-job-executor-thread-262#
Step "Re-Process Descriptor Step" finished#
#2026 05 17 17:43:03.915#Z#DEBUG#ce142cac-5217-11f1-9eb0-eeee0a904712.OPERATION#flowable-async-job-executor-thread-264#
[BuildApplicationDeployModelStep] Executing task "buildApplicationDeployModelTask" of process "daedf8d6-5217-11f1-bda0-eeee0a93840c"...#
#2026 05 17 17:43:03.920#Z#DEBUG#ce142cac-5217-11f1-9eb0-eeee0a904712.OPERATION#flowable-async-job-executor-thread-264#
[BuildApplicationDeployModelStep] Building cloud deployment model for application "bookscapm-db-deployer"...#
#2026 05 17 17:43:03.931#Z#DEBUG#ce142cac-5217-11f1-9eb0-eeee0a904712.OPERATION#flowable-async-job-executor-thread-264#
[BuildApplicationDeployModelStep] No health-check-type is specified. Setting default type: port#
#2026 05 17 17:43:03.936#Z#INFO#ce142cac-5217-11f1-9eb0-eeee0a904712.OPERATION#flowable-async-job-executor-thread-264#
[BuildApplicationDeployModelStep] Building configuration entries for org 53d2ceb3trial, space dev, spaceId da2f47c5-67bb-4739-9dbb-6384db716e72 and namespace null!#
#2026 05 17 17:43:03.940#Z#DEBUG#ce142cac-5217-11f1-9eb0-eeee0a904712.OPERATION#flowable-async-job-executor-thread-264#
[BuildApplicationDeployModelStep] Configuration entries to publish: [ ]#
#2026 05 17 17:43:03.940#Z#DEBUG#ce142cac-5217-11f1-9eb0-eeee0a904712.OPERATION#flowable-async-job-executor-thread-264#
[BuildApplicationDeployModelStep] Cloud deployment model for application built#
#2026 05 17 17:43:03.940#Z#DEBUG#ce142cac-5217-11f1-9eb0-eeee0a904712.OPERATION#flowable-async-job-executor-thread-264#
Step "Build Application Deploy Model" finished#
#2026 05 17 17:43:04.029#Z#DEBUG#ce142cac-5217-11f1-9eb0-eeee0a904712.OPERATION#flowable-async-job-executor-thread-264#
[CreateOrUpdateAppStep] Executing task "createAppTask" of process "daedf8d6-5217-11f1-bda0-eeee0a93840c"...#
#2026 05 17 17:43:04.033#Z#DEBUG#ce142cac-5217-11f1-9eb0-eeee0a904712.OPERATION#flowable-async-job-executor-thread-264#
[CreateOrUpdateAppStep] Getting application "bookscapm-db-deployer"...#
#2026 05 17 17:43:04.080#Z#INFO#ce142cac-5217-11f1-9eb0-eeee0a904712.OPERATION#flowable-async-job-executor-thread-264#
[CreateOrUpdateAppStep] Creating application "bookscapm-db-deployer" from MTA module "bookscapm-db-deployer"...#
#2026 05 17 17:43:04.118#Z#DEBUG#ce142cac-5217-11f1-9eb0-eeee0a904712.OPERATION#flowable-async-job-executor-thread-264#
[CreateOrUpdateAppStep] Creating application "bookscapm-db-deployer" with disk "null" memory "256", URIs "" and staging: "{
  "buildpacks" : [ "nodejs_buildpack" ],
  "healthCheckType" : "port",
  "appFeatures" : { }
}"#
#2026 05 17 17:43:04.438#Z#DEBUG#ce142cac-5217-11f1-9eb0-eeee0a904712.OPERATION#flowable-async-job-executor-thread-264#
[CreateOrUpdateAppStep] Application "bookscapm-db-deployer" created#
#2026 05 17 17:43:04.438#Z#DEBUG#ce142cac-5217-11f1-9eb0-eeee0a904712.OPERATION#flowable-async-job-executor-thread-264#
Step "Create App" finished#
#2026 05 17 17:43:04.639#Z#DEBUG#ce142cac-5217-11f1-9eb0-eeee0a904712.OPERATION#flowable-async-job-executor-thread-264#
[CheckServiceBindingOperationStep] Executing task "checkForServiceBindingOperationInProgress" of process "db802604-5217-11f1-bda0-eeee0a93840c"...#
#2026 05 17 17:43:04.640#Z#DEBUG#ce142cac-5217-11f1-9eb0-eeee0a904712.OPERATION#flowable-async-job-executor-thread-264#
[CheckServiceBindingOperationStep] Checking for service binding operation in progress between app "bookscapm-db-deployer" and service instance "bookscapm-db"#
#2026 05 17 17:43:04.642#Z#DEBUG#ce142cac-5217-11f1-9eb0-eeee0a904712.OPERATION#flowable-async-job-executor-thread-264#
[CheckServiceBindingOperationStep] Getting application guid "bookscapm-db-deployer"...#
#2026 05 17 17:43:04.687#Z#DEBUG#ce142cac-5217-11f1-9eb0-eeee0a904712.OPERATION#flowable-async-job-executor-thread-264#
[CheckServiceBindingOperationStep] Getting GUID of required service instance "bookscapm-db"...#
#2026 05 17 17:43:04.727#Z#DEBUG#ce142cac-5217-11f1-9eb0-eeee0a904712.OPERATION#flowable-async-job-executor-thread-264#
[CheckServiceBindingOperationStep] Getting binding of service instance "8844767d-f7d3-413c-9396-91e675605968" with application "42bfd433-a562-4d5f-b4b1-2970d7ec218d"...#
#2026 05 17 17:43:04.786#Z#DEBUG#ce142cac-5217-11f1-9eb0-eeee0a904712.OPERATION#flowable-async-job-executor-thread-264#
Step "Check For Service Binding Operation In Progress" finished#
#2026 05 17 17:43:04.846#Z#DEBUG#ce142cac-5217-11f1-9eb0-eeee0a904712.OPERATION#flowable-async-job-executor-thread-264#
[DetermineApplicationServiceBindingActionsStep] Executing task "determineApplicationServiceBindingActionsTask" of process "db802604-5217-11f1-bda0-eeee0a93840c"...#
#2026 05 17 17:43:04.870#Z#DEBUG#ce142cac-5217-11f1-9eb0-eeee0a904712.OPERATION#flowable-async-job-executor-thread-264#
[DetermineApplicationServiceBindingActionsStep] Determine bind/unbind operations of application "bookscapm-db-deployer" to service instance "bookscapm-db"#
#2026 05 17 17:43:04.870#Z#DEBUG#ce142cac-5217-11f1-9eb0-eeee0a904712.OPERATION#flowable-async-job-executor-thread-264#
[DetermineApplicationServiceBindingActionsStep] Getting application "bookscapm-db-deployer"...#
#2026 05 17 17:43:04.925#Z#DEBUG#ce142cac-5217-11f1-9eb0-eeee0a904712.OPERATION#flowable-async-job-executor-thread-264#
[DetermineApplicationServiceBindingActionsStep] Binding parameters for application "bookscapm-db-deployer": { }#
#2026 05 17 17:43:04.960#Z#DEBUG#ce142cac-5217-11f1-9eb0-eeee0a904712.OPERATION#flowable-async-job-executor-thread-264#
[DetermineApplicationServiceBindingActionsStep] Calculated binding operations between application "bookscapm-db-deployer" and service instance "bookscapm-db": unbind - false bind - true#
#2026 05 17 17:43:04.960#Z#DEBUG#ce142cac-5217-11f1-9eb0-eeee0a904712.OPERATION#flowable-async-job-executor-thread-264#
Step "Determine Application Service Binding Actions" finished#
#2026 05 17 17:43:05.033#Z#DEBUG#ce142cac-5217-11f1-9eb0-eeee0a904712.OPERATION#flowable-async-job-executor-thread-264#
[BindServiceToApplicationStep] Executing task "bindServiceToApplicationTask" of process "db802604-5217-11f1-bda0-eeee0a93840c"...#
#2026 05 17 17:43:05.037#Z#INFO#ce142cac-5217-11f1-9eb0-eeee0a904712.OPERATION#flowable-async-job-executor-thread-264#
[BindServiceToApplicationStep] Binding service instance "bookscapm-db" to application "bookscapm-db-deployer"...#
#2026 05 17 17:43:05.051#Z#DEBUG#ce142cac-5217-11f1-9eb0-eeee0a904712.OPERATION#flowable-async-job-executor-thread-264#
[BindServiceToApplicationStep] Binding service instance "bookscapm-db" to application "bookscapm-db-deployer" with parameters: { }#
#2026 05 17 17:43:05.200#Z#DEBUG#ce142cac-5217-11f1-9eb0-eeee0a904712.OPERATION#flowable-async-job-executor-thread-264#
Step "Bind Service to Application" finished#
#2026 05 17 17:43:04.016#Z#DEBUG#ce142cac-5217-11f1-9eb0-eeee0a904712.OPERATION#flowable-async-job-executor-thread-1234#
[BuildContentDeploymentConfigurationStep] Executing task "buildContentDeploymentConfigurationTask" of process "db20051e-5217-11f1-bea6-eeee0a81456e"...#
#2026 05 17 17:43:04.022#Z#DEBUG#ce142cac-5217-11f1-9eb0-eeee0a904712.OPERATION#flowable-async-job-executor-thread-1234#
[BuildContentDeploymentConfigurationStep] Getting service key "bookscapm-app-content-bookscapm_html_repo_host-credentials" for service instance "bookscapm-html5-app-host-service"...#
#2026 05 17 17:43:04.188#Z#INFO#ce142cac-5217-11f1-9eb0-eeee0a904712.OPERATION#flowable-async-job-executor-thread-1234#
[BuildContentDeploymentConfigurationStep] Creating service key "bookscapm-app-content-bookscapm_html_repo_host-credentials" for service instance "bookscapm-html5-app-host-service"...#
#2026 05 17 17:43:04.197#Z#DEBUG#ce142cac-5217-11f1-9eb0-eeee0a904712.OPERATION#flowable-async-job-executor-thread-1234#
[BuildContentDeploymentConfigurationStep] Creating service key "bookscapm-app-content-bookscapm_html_repo_host-credentials" for service instance "bookscapm-html5-app-host-service" with parameters: {
  "service_key_type" : "********"
}#
#2026 05 17 17:43:05.587#Z#DEBUG#ce142cac-5217-11f1-9eb0-eeee0a904712.OPERATION#flowable-async-job-executor-thread-1234#
[BuildContentDeploymentConfigurationStep] Service key "bookscapm-app-content-bookscapm_html_repo_host-credentials" created#
#2026 05 17 17:43:05.588#Z#DEBUG#ce142cac-5217-11f1-9eb0-eeee0a904712.OPERATION#flowable-async-job-executor-thread-1234#
Step "Build Content Deployment Configuration" finished#
#2026 05 17 17:43:05.593#Z#DEBUG#ce142cac-5217-11f1-9eb0-eeee0a904712.OPERATION#flowable-async-job-executor-thread-1234#
[CreateContentDeployClientConfigurationStep] Executing task "createContentDeployClientConfigurationTask" of process "dc1e8974-5217-11f1-bea6-eeee0a81456e"...#
#2026 05 17 17:43:05.594#Z#DEBUG#ce142cac-5217-11f1-9eb0-eeee0a904712.OPERATION#flowable-async-job-executor-thread-1234#
[CreateContentDeployClientConfigurationStep] Content deployer client configuration: {
  "contentDeployerUrl" : "https://html5-apps-repo-dt.cfapps.ap21.hana.ondemand.com",
  "uaaClientConfiguration" : {
    "url" : "********",
    "credentials" : "********",
    "authenticationStrategyType" : "********"
  },
  "httpRequestHeaders" : {
    "X-CorrelationID" : "ce142cac-5217-11f1-9eb0-eeee0a904712"
  },
  "spaceId" : "da2f47c5-67bb-4739-9dbb-6384db716e72",
  "serviceName" : "bookscapm_html_repo_host"
}#
#2026 05 17 17:43:05.845#Z#DEBUG#ce142cac-5217-11f1-9eb0-eeee0a904712.OPERATION#flowable-async-job-executor-thread-1234#
Step "Create Content Deploy Client Configuration" finished#
#2026 05 17 17:43:05.847#Z#DEBUG#ce142cac-5217-11f1-9eb0-eeee0a904712.OPERATION#flowable-async-job-executor-thread-1234#
[GetContentFromDeploymentDescriptorStep] Executing task "getContentFromDeploymentDescriptorTask" of process "dc1e8974-5217-11f1-bea6-eeee0a81456e"...#
#2026 05 17 17:43:05.848#Z#DEBUG#ce142cac-5217-11f1-9eb0-eeee0a904712.OPERATION#flowable-async-job-executor-thread-1234#
Step "Get Content From Deployment Descriptor" finished#
#2026 05 17 17:43:05.849#Z#DEBUG#ce142cac-5217-11f1-9eb0-eeee0a904712.OPERATION#flowable-async-job-executor-thread-1234#
[UploadContentStep] Executing task "uploadContentTask" of process "dc1e8974-5217-11f1-bea6-eeee0a81456e"...#
#2026 05 17 17:43:05.850#Z#INFO#ce142cac-5217-11f1-9eb0-eeee0a904712.OPERATION#flowable-async-job-executor-thread-1234#
[UploadContentStep] Uploading content module "bookscapm-app-content" in target service "bookscapm_html_repo_host"...#
#2026 05 17 17:43:05.859#Z#DEBUG#ce142cac-5217-11f1-9eb0-eeee0a904712.OPERATION#flowable-async-job-executor-thread-1234#
[UploadContentStep] Uploading file "bookscapm-app-content/resources/data.zip" for content module "bookscapm-app-content" in service "bookscapm_html_repo_host"#
#2026 05 17 17:43:06.047#Z#INFO#ce142cac-5217-11f1-9eb0-eeee0a904712.OPERATION#flowable-async-job-executor-thread-1234#
[UploadContentStep] Content to deploy size: 5,131 in bytes#
#2026 05 17 17:43:06.461#Z#DEBUG#ce142cac-5217-11f1-9eb0-eeee0a904712.OPERATION#flowable-async-job-executor-thread-1234#
[UploadContentStep] Uploaded content: {
  "id" : "e64756f7-424a-42cd-b4ed-3881cde0f905",
  "name" : "content.zip",
  "contentType" : "FILE"
}#
#2026 05 17 17:43:06.462#Z#DEBUG#ce142cac-5217-11f1-9eb0-eeee0a904712.OPERATION#flowable-async-job-executor-thread-1234#
Step "Upload Content" finished#
#2026 05 17 17:43:02.860#Z#DEBUG#ce142cac-5217-11f1-9eb0-eeee0a904712.OPERATION#flowable-async-job-executor-thread-377#
[BuildContentDeploymentConfigurationStep] Executing task "buildContentDeploymentConfigurationTask" of process "da6e6872-5217-11f1-9eb0-eeee0a904712"...#
#2026 05 17 17:43:02.868#Z#DEBUG#ce142cac-5217-11f1-9eb0-eeee0a904712.OPERATION#ForkJoinPool-2-worker-1#
[BuildContentDeploymentConfigurationStep] Getting service key "bookscapm-destination-content-bookscapm-destination-service-credentials" for service instance "bookscapm-destination-service"...#
#2026 05 17 17:43:02.868#Z#DEBUG#ce142cac-5217-11f1-9eb0-eeee0a904712.OPERATION#ForkJoinPool-2-worker-2#
[BuildContentDeploymentConfigurationStep] Getting service key "uaa_bookscapm-key" for service instance "bookscapm-xsuaa-service"...#
#2026 05 17 17:43:02.868#Z#DEBUG#ce142cac-5217-11f1-9eb0-eeee0a904712.OPERATION#ForkJoinPool-2-worker-3#
[BuildContentDeploymentConfigurationStep] Getting service key "bookscapm_html_repo_host-key" for service instance "bookscapm-html5-app-host-service"...#
#2026 05 17 17:43:03.006#Z#INFO#ce142cac-5217-11f1-9eb0-eeee0a904712.OPERATION#ForkJoinPool-2-worker-2#
[BuildContentDeploymentConfigurationStep] Creating service key "uaa_bookscapm-key" for service instance "bookscapm-xsuaa-service"...#
#2026 05 17 17:43:03.007#Z#INFO#ce142cac-5217-11f1-9eb0-eeee0a904712.OPERATION#ForkJoinPool-2-worker-3#
[BuildContentDeploymentConfigurationStep] Creating service key "bookscapm_html_repo_host-key" for service instance "bookscapm-html5-app-host-service"...#
#2026 05 17 17:43:03.016#Z#DEBUG#ce142cac-5217-11f1-9eb0-eeee0a904712.OPERATION#ForkJoinPool-2-worker-2#
[BuildContentDeploymentConfigurationStep] Creating service key "uaa_bookscapm-key" for service instance "bookscapm-xsuaa-service" with parameters: { }#
#2026 05 17 17:43:03.019#Z#INFO#ce142cac-5217-11f1-9eb0-eeee0a904712.OPERATION#ForkJoinPool-2-worker-1#
[BuildContentDeploymentConfigurationStep] Creating service key "bookscapm-destination-content-bookscapm-destination-service-credentials" for service instance "bookscapm-destination-service"...#
#2026 05 17 17:43:03.034#Z#DEBUG#ce142cac-5217-11f1-9eb0-eeee0a904712.OPERATION#ForkJoinPool-2-worker-3#
[BuildContentDeploymentConfigurationStep] Creating service key "bookscapm_html_repo_host-key" for service instance "bookscapm-html5-app-host-service" with parameters: { }#
#2026 05 17 17:43:03.044#Z#DEBUG#ce142cac-5217-11f1-9eb0-eeee0a904712.OPERATION#ForkJoinPool-2-worker-1#
[BuildContentDeploymentConfigurationStep] Creating service key "bookscapm-destination-content-bookscapm-destination-service-credentials" for service instance "bookscapm-destination-service" with parameters: {
  "service_key_type" : "********"
}#
#2026 05 17 17:43:04.392#Z#DEBUG#ce142cac-5217-11f1-9eb0-eeee0a904712.OPERATION#ForkJoinPool-2-worker-2#
[BuildContentDeploymentConfigurationStep] Service key "uaa_bookscapm-key" created#
#2026 05 17 17:43:06.439#Z#DEBUG#ce142cac-5217-11f1-9eb0-eeee0a904712.OPERATION#ForkJoinPool-2-worker-3#
[BuildContentDeploymentConfigurationStep] Service key "bookscapm_html_repo_host-key" created#
#2026 05 17 17:43:06.478#Z#DEBUG#ce142cac-5217-11f1-9eb0-eeee0a904712.OPERATION#ForkJoinPool-2-worker-1#
[BuildContentDeploymentConfigurationStep] Service key "bookscapm-destination-content-bookscapm-destination-service-credentials" created#
#2026 05 17 17:43:06.479#Z#DEBUG#ce142cac-5217-11f1-9eb0-eeee0a904712.OPERATION#flowable-async-job-executor-thread-377#
Step "Build Content Deployment Configuration" finished#
#2026 05 17 17:43:06.486#Z#DEBUG#ce142cac-5217-11f1-9eb0-eeee0a904712.OPERATION#flowable-async-job-executor-thread-377#
[CreateContentDeployClientConfigurationStep] Executing task "createContentDeployClientConfigurationTask" of process "dca67d7a-5217-11f1-9eb0-eeee0a904712"...#
#2026 05 17 17:43:06.487#Z#DEBUG#ce142cac-5217-11f1-9eb0-eeee0a904712.OPERATION#flowable-async-job-executor-thread-377#
[CreateContentDeployClientConfigurationStep] Content deployer client configuration: {
  "contentDeployerUrl" : "https://destination-configuration.cfapps.ap21.hana.ondemand.com/destination-configuration/gacd",
  "uaaClientConfiguration" : {
    "url" : "********",
    "credentials" : "********",
    "authenticationStrategyType" : "********"
  },
  "httpRequestHeaders" : {
    "X-CorrelationID" : "ce142cac-5217-11f1-9eb0-eeee0a904712"
  },
  "spaceId" : "da2f47c5-67bb-4739-9dbb-6384db716e72",
  "serviceName" : "bookscapm-destination-service"
}#
#2026 05 17 17:43:06.673#Z#DEBUG#ce142cac-5217-11f1-9eb0-eeee0a904712.OPERATION#flowable-async-job-executor-thread-377#
Step "Create Content Deploy Client Configuration" finished#
#2026 05 17 17:43:06.675#Z#DEBUG#ce142cac-5217-11f1-9eb0-eeee0a904712.OPERATION#flowable-async-job-executor-thread-377#
[GetContentFromDeploymentDescriptorStep] Executing task "getContentFromDeploymentDescriptorTask" of process "dca67d7a-5217-11f1-9eb0-eeee0a904712"...#
#2026 05 17 17:43:06.676#Z#DEBUG#ce142cac-5217-11f1-9eb0-eeee0a904712.OPERATION#flowable-async-job-executor-thread-377#
[GetContentFromDeploymentDescriptorStep] Content for module: "bookscapm-destination-content" is: "{
  "id" : "d2c039fb-65e3-4a56-8333-9e8bb85aa267",
  "contentType" : "EMBEDDED",
  "content" : {
    "instance" : {
      "destinations" : [ {
        "Name" : "bookscapmapprouter_bookscapm_html_repo_host",
        "ServiceInstanceName" : "bookscapm-html5-app-host-service",
        "ServiceKeyName" : "********",
        "sap.cloud.service" : "bookscapmapprouter"
      }, {
        "Authentication" : "********",
        "Name" : "bookscapmapprouter_uaa_bookscapm",
        "ServiceInstanceName" : "bookscapm-xsuaa-service",
        "ServiceKeyName" : "********",
        "sap.cloud.service" : "bookscapmapprouter"
      } ],
      "existing_destinations_policy" : "ignore"
    }
  }
}"#
#2026 05 17 17:43:06.676#Z#DEBUG#ce142cac-5217-11f1-9eb0-eeee0a904712.OPERATION#flowable-async-job-executor-thread-377#
Step "Get Content From Deployment Descriptor" finished#
#2026 05 17 17:43:06.473#Z#DEBUG#ce142cac-5217-11f1-9eb0-eeee0a904712.OPERATION#flowable-async-job-executor-thread-1234#
[StartContentDeployStep] Executing task "startContentDeployTask" of process "dc1e8974-5217-11f1-bea6-eeee0a81456e"...#
#2026 05 17 17:43:06.473#Z#INFO#ce142cac-5217-11f1-9eb0-eeee0a904712.OPERATION#flowable-async-job-executor-thread-1234#
[StartContentDeployStep] Deploying content module "bookscapm-app-content" in target service "bookscapm_html_repo_host"...#
#2026 05 17 17:43:06.735#Z#DEBUG#ce142cac-5217-11f1-9eb0-eeee0a904712.OPERATION#flowable-async-job-executor-thread-1234#
Step "Start Content Deploy" finished#
#2026 05 17 17:43:06.680#Z#DEBUG#ce142cac-5217-11f1-9eb0-eeee0a904712.OPERATION#flowable-async-job-executor-thread-377#
[SynchronousContentDeployStep] Executing task "synchronousContentDeployTask" of process "dca67d7a-5217-11f1-9eb0-eeee0a904712"...#
#2026 05 17 17:43:06.680#Z#INFO#ce142cac-5217-11f1-9eb0-eeee0a904712.OPERATION#flowable-async-job-executor-thread-377#
[SynchronousContentDeployStep] Deploying content module "bookscapm-destination-content" in target service "bookscapm-destination-service"...#
#2026 05 17 17:43:06.869#Z#DEBUG#ce142cac-5217-11f1-9eb0-eeee0a904712.OPERATION#flowable-async-job-executor-thread-377#
[SynchronousContentDeployStep] Processing inline content upload for module: bookscapm-destination-content#
#2026 05 17 17:43:07.180#Z#DEBUG#ce142cac-5217-11f1-9eb0-eeee0a904712.OPERATION#flowable-async-job-executor-thread-377#
Step "Synchronous Deploy" finished#
#2026 05 17 17:43:08.978#Z#DEBUG#ce142cac-5217-11f1-9eb0-eeee0a904712.OPERATION#flowable-async-job-executor-thread-1237#
[BindServiceToApplicationStep] Executing task "bindServiceToApplicationTask" of process "da24186b-5217-11f1-bda0-eeee0a93840c"...#
#2026 05 17 17:43:08.980#Z#DEBUG#ce142cac-5217-11f1-9eb0-eeee0a904712.OPERATION#flowable-async-job-executor-thread-1237#
[BindServiceToApplicationStep] Getting async job "04c360d8-3d1d-4129-b8d7-3c759117ff91"#
#2026 05 17 17:43:08.984#Z#DEBUG#ce142cac-5217-11f1-9eb0-eeee0a904712.OPERATION#flowable-async-job-executor-thread-1238#
[BindServiceToApplicationStep] Executing task "bindServiceToApplicationTask" of process "da6f03d7-5217-11f1-9eb0-eeee0a904712"...#
#2026 05 17 17:43:08.986#Z#DEBUG#ce142cac-5217-11f1-9eb0-eeee0a904712.OPERATION#flowable-async-job-executor-thread-1238#
[BindServiceToApplicationStep] Getting async job "93c1bb17-f5ee-4891-a7bd-e8ede49efc0f"#
#2026 05 17 17:43:09.015#Z#DEBUG#ce142cac-5217-11f1-9eb0-eeee0a904712.OPERATION#flowable-async-job-executor-thread-1237#
[BindServiceToApplicationStep] Getting service instance "bookscapm-db"...#
#2026 05 17 17:43:09.023#Z#DEBUG#ce142cac-5217-11f1-9eb0-eeee0a904712.OPERATION#flowable-async-job-executor-thread-1238#
[BindServiceToApplicationStep] Getting service instance "bookscapm-xsuaa-service"...#
#2026 05 17 17:43:09.151#Z#DEBUG#ce142cac-5217-11f1-9eb0-eeee0a904712.OPERATION#flowable-async-job-executor-thread-1238#
[BindServiceToApplicationStep] Async service binding operation with id "93c1bb17-f5ee-4891-a7bd-e8ede49efc0f" finished#
#2026 05 17 17:43:09.152#Z#DEBUG#ce142cac-5217-11f1-9eb0-eeee0a904712.OPERATION#flowable-async-job-executor-thread-1238#
Step "Bind Service to Application" finished#
#2026 05 17 17:43:09.155#Z#DEBUG#ce142cac-5217-11f1-9eb0-eeee0a904712.OPERATION#flowable-async-job-executor-thread-1237#
[BindServiceToApplicationStep] Async operation of service binding "04c360d8-3d1d-4129-b8d7-3c759117ff91" is in state "POLLING" warnings ""#
#2026 05 17 17:43:09.155#Z#DEBUG#ce142cac-5217-11f1-9eb0-eeee0a904712.OPERATION#flowable-async-job-executor-thread-1237#
Step "Bind Service to Application" finished#
#2026 05 17 17:43:19.005#Z#DEBUG#ce142cac-5217-11f1-9eb0-eeee0a904712.OPERATION#flowable-async-job-executor-thread-1243#
[BindServiceToApplicationStep] Executing task "bindServiceToApplicationTask" of process "db802604-5217-11f1-bda0-eeee0a93840c"...#
#2026 05 17 17:43:19.027#Z#DEBUG#ce142cac-5217-11f1-9eb0-eeee0a904712.OPERATION#flowable-async-job-executor-thread-1243#
[BindServiceToApplicationStep] Getting async job "2125fc32-d345-4c82-816e-85abaefa046f"#
#2026 05 17 17:43:19.036#Z#DEBUG#ce142cac-5217-11f1-9eb0-eeee0a904712.OPERATION#flowable-async-job-executor-thread-1244#
[BindServiceToApplicationStep] Executing task "bindServiceToApplicationTask" of process "da24186b-5217-11f1-bda0-eeee0a93840c"...#
#2026 05 17 17:43:19.038#Z#DEBUG#ce142cac-5217-11f1-9eb0-eeee0a904712.OPERATION#flowable-async-job-executor-thread-1244#
[BindServiceToApplicationStep] Getting async job "04c360d8-3d1d-4129-b8d7-3c759117ff91"#
#2026 05 17 17:43:19.062#Z#DEBUG#ce142cac-5217-11f1-9eb0-eeee0a904712.OPERATION#flowable-async-job-executor-thread-1243#
[BindServiceToApplicationStep] Getting service instance "bookscapm-db"...#
#2026 05 17 17:43:19.069#Z#DEBUG#ce142cac-5217-11f1-9eb0-eeee0a904712.OPERATION#flowable-async-job-executor-thread-1244#
[BindServiceToApplicationStep] Getting service instance "bookscapm-db"...#
#2026 05 17 17:43:19.182#Z#DEBUG#ce142cac-5217-11f1-9eb0-eeee0a904712.OPERATION#flowable-async-job-executor-thread-1243#
[BindServiceToApplicationStep] Async service binding operation with id "2125fc32-d345-4c82-816e-85abaefa046f" finished#
#2026 05 17 17:43:19.183#Z#DEBUG#ce142cac-5217-11f1-9eb0-eeee0a904712.OPERATION#flowable-async-job-executor-thread-1243#
Step "Bind Service to Application" finished#
#2026 05 17 17:43:19.199#Z#DEBUG#ce142cac-5217-11f1-9eb0-eeee0a904712.OPERATION#flowable-async-job-executor-thread-1244#
[BindServiceToApplicationStep] Async service binding operation with id "04c360d8-3d1d-4129-b8d7-3c759117ff91" finished#
#2026 05 17 17:43:19.199#Z#DEBUG#ce142cac-5217-11f1-9eb0-eeee0a904712.OPERATION#flowable-async-job-executor-thread-1244#
Step "Bind Service to Application" finished#
#2026 05 17 17:43:19.355#Z#DEBUG#ce142cac-5217-11f1-9eb0-eeee0a904712.OPERATION#flowable-async-job-executor-thread-1247#
[DetermineVcapServicesPropertiesChangedStep] Executing task "determineVcapServicesPropertiesChangedTask" of process "e4468bfa-5217-11f1-bea6-eeee0a81456e"...#
#2026 05 17 17:43:19.357#Z#DEBUG#ce142cac-5217-11f1-9eb0-eeee0a904712.OPERATION#flowable-async-job-executor-thread-1247#
[DetermineVcapServicesPropertiesChangedStep] VCAP_SERVICES properties for application "bookscapm-db-deployer" changed: true#
#2026 05 17 17:43:19.357#Z#DEBUG#ce142cac-5217-11f1-9eb0-eeee0a904712.OPERATION#flowable-async-job-executor-thread-1247#
Step "Determine vcap services properties changed" finished#
#2026 05 17 17:43:19.363#Z#DEBUG#ce142cac-5217-11f1-9eb0-eeee0a904712.OPERATION#flowable-async-job-executor-thread-1246#
[DetermineVcapServicesPropertiesChangedStep] Executing task "determineVcapServicesPropertiesChangedTask" of process "e44860be-5217-11f1-bea6-eeee0a81456e"...#
#2026 05 17 17:43:19.365#Z#DEBUG#ce142cac-5217-11f1-9eb0-eeee0a904712.OPERATION#flowable-async-job-executor-thread-1246#
[DetermineVcapServicesPropertiesChangedStep] VCAP_SERVICES properties for application "bookscapm-srv" changed: true#
#2026 05 17 17:43:19.365#Z#DEBUG#ce142cac-5217-11f1-9eb0-eeee0a904712.OPERATION#flowable-async-job-executor-thread-1246#
Step "Determine vcap services properties changed" finished#
#2026 05 17 17:43:18.990#Z#DEBUG#ce142cac-5217-11f1-9eb0-eeee0a904712.OPERATION#flowable-async-job-executor-thread-1241#
[StartContentDeployStep] Executing task "startContentDeployTask" of process "dc1e8974-5217-11f1-bea6-eeee0a81456e"...#
#2026 05 17 17:43:18.992#Z#DEBUG#ce142cac-5217-11f1-9eb0-eeee0a904712.OPERATION#flowable-async-job-executor-thread-1241#
[StartContentDeployStep] Checking status of module content deployment "bookscapm-app-content" in service "bookscapm_html_repo_host"...#
#2026 05 17 17:43:19.411#Z#DEBUG#ce142cac-5217-11f1-9eb0-eeee0a904712.OPERATION#flowable-async-job-executor-thread-1241#
[StartContentDeployStep] Deleting content deployment resource "e64756f7-424a-42cd-b4ed-3881cde0f905"...#
#2026 05 17 17:43:19.457#Z#DEBUG#ce142cac-5217-11f1-9eb0-eeee0a904712.OPERATION#flowable-async-job-executor-thread-1241#
Step "Start Content Deploy" finished#
#2026 05 17 17:43:19.405#Z#DEBUG#ce142cac-5217-11f1-9eb0-eeee0a904712.OPERATION#flowable-async-job-executor-thread-1247#
[UploadAppStep] Executing task "uploadAppTask" of process "e4468bfa-5217-11f1-bea6-eeee0a81456e"...#
#2026 05 17 17:43:19.407#Z#DEBUG#ce142cac-5217-11f1-9eb0-eeee0a904712.OPERATION#flowable-async-job-executor-thread-1247#
[UploadAppStep] Application upload timeout is default one: 3,600 seconds#
#2026 05 17 17:43:19.407#Z#INFO#ce142cac-5217-11f1-9eb0-eeee0a904712.OPERATION#flowable-async-job-executor-thread-1247#
[UploadAppStep] Uploading application "bookscapm-db-deployer"...#
#2026 05 17 17:43:19.416#Z#DEBUG#ce142cac-5217-11f1-9eb0-eeee0a904712.OPERATION#flowable-async-job-executor-thread-1247#
[UploadAppStep] Getting application "bookscapm-db-deployer"...#
#2026 05 17 17:43:19.419#Z#DEBUG#ce142cac-5217-11f1-9eb0-eeee0a904712.OPERATION#flowable-async-job-executor-thread-1246#
[UploadAppStep] Executing task "uploadAppTask" of process "e44860be-5217-11f1-bea6-eeee0a81456e"...#
#2026 05 17 17:43:19.421#Z#DEBUG#ce142cac-5217-11f1-9eb0-eeee0a904712.OPERATION#flowable-async-job-executor-thread-1246#
[UploadAppStep] Application upload timeout is default one: 3,600 seconds#
#2026 05 17 17:43:19.422#Z#INFO#ce142cac-5217-11f1-9eb0-eeee0a904712.OPERATION#flowable-async-job-executor-thread-1246#
[UploadAppStep] Uploading application "bookscapm-srv"...#
#2026 05 17 17:43:19.431#Z#DEBUG#ce142cac-5217-11f1-9eb0-eeee0a904712.OPERATION#flowable-async-job-executor-thread-1246#
[UploadAppStep] Getting application "bookscapm-srv"...#
#2026 05 17 17:43:19.454#Z#DEBUG#ce142cac-5217-11f1-9eb0-eeee0a904712.OPERATION#flowable-async-job-executor-thread-1247#
[UploadAppStep] Getting environment of application "42bfd433-a562-4d5f-b4b1-2970d7ec218d"...#
#2026 05 17 17:43:19.473#Z#DEBUG#ce142cac-5217-11f1-9eb0-eeee0a904712.OPERATION#flowable-async-job-executor-thread-1246#
[UploadAppStep] Getting environment of application "ab51efbf-6a80-46f6-bcf2-75d28171c258"...#
#2026 05 17 17:43:19.507#Z#INFO#ce142cac-5217-11f1-9eb0-eeee0a904712.OPERATION#flowable-async-job-executor-thread-1247#
[UploadAppStep] Calculating application digest: "bookscapm-db-deployer"#
#2026 05 17 17:43:19.525#Z#INFO#ce142cac-5217-11f1-9eb0-eeee0a904712.OPERATION#flowable-async-job-executor-thread-1246#
[UploadAppStep] Calculating application digest: "bookscapm-srv"#
#2026 05 17 17:43:19.637#Z#DEBUG#ce142cac-5217-11f1-9eb0-eeee0a904712.OPERATION#flowable-async-job-executor-thread-1247#
Step "Upload App" finished#
#2026 05 17 17:43:19.675#Z#DEBUG#ce142cac-5217-11f1-9eb0-eeee0a904712.OPERATION#flowable-async-job-executor-thread-1246#
Step "Upload App" finished#
#2026 05 17 17:43:29.047#Z#DEBUG#ce142cac-5217-11f1-9eb0-eeee0a904712.OPERATION#flowable-async-job-executor-thread-1250#
[UploadAppStep] Executing task "uploadAppTask" of process "e4468bfa-5217-11f1-bea6-eeee0a81456e"...#
#2026 05 17 17:43:29.049#Z#DEBUG#ce142cac-5217-11f1-9eb0-eeee0a904712.OPERATION#flowable-async-job-executor-thread-1250#
[UploadAppStep] Application upload timeout is default one: 3,600 seconds#
#2026 05 17 17:43:29.054#Z#DEBUG#ce142cac-5217-11f1-9eb0-eeee0a904712.OPERATION#pool-21-thread-6#
[UploadAppStep] Upload of application: bookscapm-db-deployer started on instance: 2#
#2026 05 17 17:43:29.054#Z#DEBUG#ce142cac-5217-11f1-9eb0-eeee0a904712.OPERATION#pool-21-thread-6#
[UploadAppStep] Uploading file "bookscapm-db-deployer/data.zip" for application "bookscapm-db-deployer"#
#2026 05 17 17:43:29.062#Z#DEBUG#ce142cac-5217-11f1-9eb0-eeee0a904712.OPERATION#flowable-async-job-executor-thread-1251#
[UploadAppStep] Executing task "uploadAppTask" of process "e44860be-5217-11f1-bea6-eeee0a81456e"...#
#2026 05 17 17:43:29.065#Z#DEBUG#ce142cac-5217-11f1-9eb0-eeee0a904712.OPERATION#flowable-async-job-executor-thread-1251#
[UploadAppStep] Application upload timeout is default one: 3,600 seconds#
#2026 05 17 17:43:29.067#Z#DEBUG#ce142cac-5217-11f1-9eb0-eeee0a904712.OPERATION#pool-21-thread-3#
[UploadAppStep] Upload of application: bookscapm-srv started on instance: 2#
#2026 05 17 17:43:29.067#Z#DEBUG#ce142cac-5217-11f1-9eb0-eeee0a904712.OPERATION#pool-21-thread-3#
[UploadAppStep] Uploading file "bookscapm-srv/data.zip" for application "bookscapm-srv"#
#2026 05 17 17:43:29.194#Z#INFO#ce142cac-5217-11f1-9eb0-eeee0a904712.OPERATION#pool-21-thread-6#
[UploadAppStep] Time elapsed for app binary download: 139 in millis#
#2026 05 17 17:43:29.194#Z#INFO#ce142cac-5217-11f1-9eb0-eeee0a904712.OPERATION#pool-21-thread-6#
[UploadAppStep] Size of app bookscapm-db-deployer is 2,426,406 bytes#
#2026 05 17 17:43:29.194#Z#DEBUG#ce142cac-5217-11f1-9eb0-eeee0a904712.OPERATION#pool-21-thread-6#
[UploadAppStep] Asynchronously uploading binaries for application "bookscapm-db-deployer"...#
#2026 05 17 17:43:29.424#Z#INFO#ce142cac-5217-11f1-9eb0-eeee0a904712.OPERATION#pool-21-thread-3#
[UploadAppStep] Time elapsed for app binary download: 356 in millis#
#2026 05 17 17:43:29.424#Z#INFO#ce142cac-5217-11f1-9eb0-eeee0a904712.OPERATION#pool-21-thread-3#
[UploadAppStep] Size of app bookscapm-srv is 7,069,856 bytes#
#2026 05 17 17:43:29.424#Z#DEBUG#ce142cac-5217-11f1-9eb0-eeee0a904712.OPERATION#pool-21-thread-3#
[UploadAppStep] Asynchronously uploading binaries for application "bookscapm-srv"...#
#2026 05 17 17:43:29.572#Z#INFO#ce142cac-5217-11f1-9eb0-eeee0a904712.OPERATION#pool-21-thread-6#
[UploadAppStep] Started async upload of application "bookscapm-db-deployer"#
#2026 05 17 17:43:29.584#Z#INFO#ce142cac-5217-11f1-9eb0-eeee0a904712.OPERATION#flowable-async-job-executor-thread-1250#
[UploadAppStep] Time elapsed for upload: 534 in millis#
#2026 05 17 17:43:29.584#Z#DEBUG#ce142cac-5217-11f1-9eb0-eeee0a904712.OPERATION#flowable-async-job-executor-thread-1250#
[UploadAppStep] Getting application "bookscapm-db-deployer"...#
#2026 05 17 17:43:29.608#Z#DEBUG#ce142cac-5217-11f1-9eb0-eeee0a904712.OPERATION#App upload monitor: f235eb06-dde6-40b7-ba78-114df83dcc2c#
[UploadAppStep] Upload status: PROCESSING_UPLOAD#
#2026 05 17 17:43:29.651#Z#DEBUG#ce142cac-5217-11f1-9eb0-eeee0a904712.OPERATION#flowable-async-job-executor-thread-1250#
[UploadAppStep] Getting environment of application "42bfd433-a562-4d5f-b4b1-2970d7ec218d"...#
#2026 05 17 17:43:29.701#Z#DEBUG#ce142cac-5217-11f1-9eb0-eeee0a904712.OPERATION#flowable-async-job-executor-thread-1250#
[UploadAppStep] Updating environment of application "bookscapm-db-deployer"#
#2026 05 17 17:43:29.734#Z#INFO#ce142cac-5217-11f1-9eb0-eeee0a904712.OPERATION#pool-21-thread-3#
[UploadAppStep] Started async upload of application "bookscapm-srv"#
#2026 05 17 17:43:29.743#Z#INFO#ce142cac-5217-11f1-9eb0-eeee0a904712.OPERATION#flowable-async-job-executor-thread-1251#
[UploadAppStep] Time elapsed for upload: 677 in millis#
#2026 05 17 17:43:29.743#Z#DEBUG#ce142cac-5217-11f1-9eb0-eeee0a904712.OPERATION#flowable-async-job-executor-thread-1251#
[UploadAppStep] Getting application "bookscapm-srv"...#
#2026 05 17 17:43:29.766#Z#DEBUG#ce142cac-5217-11f1-9eb0-eeee0a904712.OPERATION#App upload monitor: 337ad5ae-4dd6-4902-bacf-56a8bd48b43f#
[UploadAppStep] Upload status: PROCESSING_UPLOAD#
#2026 05 17 17:43:29.785#Z#DEBUG#ce142cac-5217-11f1-9eb0-eeee0a904712.OPERATION#flowable-async-job-executor-thread-1251#
[UploadAppStep] Getting environment of application "ab51efbf-6a80-46f6-bcf2-75d28171c258"...#
#2026 05 17 17:43:29.796#Z#DEBUG#ce142cac-5217-11f1-9eb0-eeee0a904712.OPERATION#flowable-async-job-executor-thread-1250#
Step "Upload App" finished#
#2026 05 17 17:43:29.832#Z#DEBUG#ce142cac-5217-11f1-9eb0-eeee0a904712.OPERATION#flowable-async-job-executor-thread-1251#
[UploadAppStep] Updating environment of application "bookscapm-srv"#
#2026 05 17 17:43:29.959#Z#DEBUG#ce142cac-5217-11f1-9eb0-eeee0a904712.OPERATION#flowable-async-job-executor-thread-1251#
Step "Upload App" finished#
#2026 05 17 17:43:34.643#Z#DEBUG#ce142cac-5217-11f1-9eb0-eeee0a904712.OPERATION#App upload monitor: f235eb06-dde6-40b7-ba78-114df83dcc2c#
[UploadAppStep] Upload status: READY#
#2026 05 17 17:43:34.799#Z#DEBUG#ce142cac-5217-11f1-9eb0-eeee0a904712.OPERATION#App upload monitor: 337ad5ae-4dd6-4902-bacf-56a8bd48b43f#
[UploadAppStep] Upload status: READY#
#2026 05 17 17:43:39.052#Z#DEBUG#ce142cac-5217-11f1-9eb0-eeee0a904712.OPERATION#flowable-async-job-executor-thread-1254#
[UploadAppStep] Executing task "uploadAppTask" of process "e4468bfa-5217-11f1-bea6-eeee0a81456e"...#
#2026 05 17 17:43:39.055#Z#DEBUG#ce142cac-5217-11f1-9eb0-eeee0a904712.OPERATION#flowable-async-job-executor-thread-1254#
[UploadAppStep] Application upload timeout is default one: 3,600 seconds#
#2026 05 17 17:43:39.055#Z#DEBUG#ce142cac-5217-11f1-9eb0-eeee0a904712.OPERATION#flowable-async-job-executor-thread-1254#
[UploadAppStep] Checking upload status of application "bookscapm-db-deployer"...#
#2026 05 17 17:43:39.056#Z#DEBUG#ce142cac-5217-11f1-9eb0-eeee0a904712.OPERATION#flowable-async-job-executor-thread-1254#
[UploadAppStep] Getting package "f235eb06-dde6-40b7-ba78-114df83dcc2c"...#
#2026 05 17 17:43:39.061#Z#DEBUG#ce142cac-5217-11f1-9eb0-eeee0a904712.OPERATION#flowable-async-job-executor-thread-1255#
[UploadAppStep] Executing task "uploadAppTask" of process "e44860be-5217-11f1-bea6-eeee0a81456e"...#
#2026 05 17 17:43:39.064#Z#DEBUG#ce142cac-5217-11f1-9eb0-eeee0a904712.OPERATION#flowable-async-job-executor-thread-1255#
[UploadAppStep] Application upload timeout is default one: 3,600 seconds#
#2026 05 17 17:43:39.064#Z#DEBUG#ce142cac-5217-11f1-9eb0-eeee0a904712.OPERATION#flowable-async-job-executor-thread-1255#
[UploadAppStep] Checking upload status of application "bookscapm-srv"...#
#2026 05 17 17:43:39.065#Z#DEBUG#ce142cac-5217-11f1-9eb0-eeee0a904712.OPERATION#flowable-async-job-executor-thread-1255#
[UploadAppStep] Getting package "337ad5ae-4dd6-4902-bacf-56a8bd48b43f"...#
#2026 05 17 17:43:39.086#Z#DEBUG#ce142cac-5217-11f1-9eb0-eeee0a904712.OPERATION#flowable-async-job-executor-thread-1254#
[UploadAppStep] Application "bookscapm-db-deployer" uploaded#
#2026 05 17 17:43:39.088#Z#DEBUG#ce142cac-5217-11f1-9eb0-eeee0a904712.OPERATION#flowable-async-job-executor-thread-1254#
Step "Upload App" finished#
#2026 05 17 17:43:39.095#Z#DEBUG#ce142cac-5217-11f1-9eb0-eeee0a904712.OPERATION#flowable-async-job-executor-thread-1255#
[UploadAppStep] Application "bookscapm-srv" uploaded#
#2026 05 17 17:43:39.096#Z#DEBUG#ce142cac-5217-11f1-9eb0-eeee0a904712.OPERATION#flowable-async-job-executor-thread-1255#
Step "Upload App" finished#
#2026 05 17 17:43:39.143#Z#DEBUG#ce142cac-5217-11f1-9eb0-eeee0a904712.OPERATION#flowable-async-job-executor-thread-1256#
[ScaleAppStep] Executing task "scaleAppTask" of process "e4468bfa-5217-11f1-bea6-eeee0a81456e"...#
#2026 05 17 17:43:39.145#Z#DEBUG#ce142cac-5217-11f1-9eb0-eeee0a904712.OPERATION#flowable-async-job-executor-thread-1256#
[ScaleAppStep] Scaling application "bookscapm-db-deployer"...#
#2026 05 17 17:43:39.145#Z#DEBUG#ce142cac-5217-11f1-9eb0-eeee0a904712.OPERATION#flowable-async-job-executor-thread-1256#
[ScaleAppStep] Application "bookscapm-db-deployer" scaled#
#2026 05 17 17:43:39.145#Z#DEBUG#ce142cac-5217-11f1-9eb0-eeee0a904712.OPERATION#flowable-async-job-executor-thread-1256#
Step "Scale App" finished#
#2026 05 17 17:43:39.147#Z#DEBUG#ce142cac-5217-11f1-9eb0-eeee0a904712.OPERATION#flowable-async-job-executor-thread-1257#
[ScaleAppStep] Executing task "scaleAppTask" of process "e44860be-5217-11f1-bea6-eeee0a81456e"...#
#2026 05 17 17:43:39.149#Z#DEBUG#ce142cac-5217-11f1-9eb0-eeee0a904712.OPERATION#flowable-async-job-executor-thread-1257#
[ScaleAppStep] Scaling application "bookscapm-srv"...#
#2026 05 17 17:43:39.149#Z#DEBUG#ce142cac-5217-11f1-9eb0-eeee0a904712.OPERATION#flowable-async-job-executor-thread-1257#
[ScaleAppStep] Application "bookscapm-srv" scaled#
#2026 05 17 17:43:39.149#Z#DEBUG#ce142cac-5217-11f1-9eb0-eeee0a904712.OPERATION#flowable-async-job-executor-thread-1257#
Step "Scale App" finished#
#2026 05 17 17:43:39.177#Z#DEBUG#ce142cac-5217-11f1-9eb0-eeee0a904712.OPERATION#flowable-async-job-executor-thread-1258#
[DetermineDesiredStateAchievingActionsStep] Executing task "determineDesiredStateAchievingActionsTask" of process "e4468bfa-5217-11f1-bea6-eeee0a81456e"...#
#2026 05 17 17:43:39.179#Z#DEBUG#ce142cac-5217-11f1-9eb0-eeee0a904712.OPERATION#flowable-async-job-executor-thread-1258#
[DetermineDesiredStateAchievingActionsStep] Getting application "bookscapm-db-deployer"...#
#2026 05 17 17:43:39.188#Z#DEBUG#ce142cac-5217-11f1-9eb0-eeee0a904712.OPERATION#flowable-async-job-executor-thread-1259#
[DetermineDesiredStateAchievingActionsStep] Executing task "determineDesiredStateAchievingActionsTask" of process "e44860be-5217-11f1-bea6-eeee0a81456e"...#
#2026 05 17 17:43:39.189#Z#DEBUG#ce142cac-5217-11f1-9eb0-eeee0a904712.OPERATION#flowable-async-job-executor-thread-1259#
[DetermineDesiredStateAchievingActionsStep] Getting application "bookscapm-srv"...#
#2026 05 17 17:43:39.231#Z#DEBUG#ce142cac-5217-11f1-9eb0-eeee0a904712.OPERATION#flowable-async-job-executor-thread-1258#
[DetermineDesiredStateAchievingActionsStep] Getting instances for application "bookscapm-db-deployer"...#
#2026 05 17 17:43:39.231#Z#DEBUG#ce142cac-5217-11f1-9eb0-eeee0a904712.OPERATION#flowable-async-job-executor-thread-1258#
[DetermineDesiredStateAchievingActionsStep] Getting environment of application "42bfd433-a562-4d5f-b4b1-2970d7ec218d"...#
#2026 05 17 17:43:39.232#Z#DEBUG#ce142cac-5217-11f1-9eb0-eeee0a904712.OPERATION#flowable-async-job-executor-thread-1259#
[DetermineDesiredStateAchievingActionsStep] Getting instances for application "bookscapm-srv"...#
#2026 05 17 17:43:39.232#Z#DEBUG#ce142cac-5217-11f1-9eb0-eeee0a904712.OPERATION#flowable-async-job-executor-thread-1259#
[DetermineDesiredStateAchievingActionsStep] Getting environment of application "ab51efbf-6a80-46f6-bcf2-75d28171c258"...#
#2026 05 17 17:43:39.286#Z#DEBUG#ce142cac-5217-11f1-9eb0-eeee0a904712.OPERATION#flowable-async-job-executor-thread-1259#
[DetermineDesiredStateAchievingActionsStep] Current state of application bookscapm-srv: STOPPED#
#2026 05 17 17:43:39.286#Z#DEBUG#ce142cac-5217-11f1-9eb0-eeee0a904712.OPERATION#flowable-async-job-executor-thread-1259#
[DetermineDesiredStateAchievingActionsStep] Desired state of application bookscapm-srv: STARTED#
#2026 05 17 17:43:39.286#Z#DEBUG#ce142cac-5217-11f1-9eb0-eeee0a904712.OPERATION#flowable-async-job-executor-thread-1259#
[DetermineDesiredStateAchievingActionsStep] Actions that should be executed on application bookscapm-srv: [STAGE, START]#
#2026 05 17 17:43:39.286#Z#DEBUG#ce142cac-5217-11f1-9eb0-eeee0a904712.OPERATION#flowable-async-job-executor-thread-1259#
Step "Determine Desired State Achieving Actions" finished#
#2026 05 17 17:43:39.292#Z#DEBUG#ce142cac-5217-11f1-9eb0-eeee0a904712.OPERATION#flowable-async-job-executor-thread-1258#
[DetermineDesiredStateAchievingActionsStep] Current state of application bookscapm-db-deployer: STOPPED#
#2026 05 17 17:43:39.292#Z#DEBUG#ce142cac-5217-11f1-9eb0-eeee0a904712.OPERATION#flowable-async-job-executor-thread-1258#
[DetermineDesiredStateAchievingActionsStep] Desired state of application bookscapm-db-deployer: STOPPED#
#2026 05 17 17:43:39.292#Z#DEBUG#ce142cac-5217-11f1-9eb0-eeee0a904712.OPERATION#flowable-async-job-executor-thread-1258#
[DetermineDesiredStateAchievingActionsStep] Actions that should be executed on application bookscapm-db-deployer: [STAGE]#
#2026 05 17 17:43:39.292#Z#DEBUG#ce142cac-5217-11f1-9eb0-eeee0a904712.OPERATION#flowable-async-job-executor-thread-1258#
Step "Determine Desired State Achieving Actions" finished#
#2026 05 17 17:43:39.329#Z#DEBUG#ce142cac-5217-11f1-9eb0-eeee0a904712.OPERATION#flowable-async-job-executor-thread-1259#
[StageAppStep] Executing task "stageAppTask" of process "e44860be-5217-11f1-bea6-eeee0a81456e"...#
#2026 05 17 17:43:39.331#Z#DEBUG#ce142cac-5217-11f1-9eb0-eeee0a904712.OPERATION#flowable-async-job-executor-thread-1259#
[StageAppStep] Application stage timeout is default one: 3,600 seconds#
#2026 05 17 17:43:39.332#Z#DEBUG#ce142cac-5217-11f1-9eb0-eeee0a904712.OPERATION#flowable-async-job-executor-thread-1258#
[StageAppStep] Executing task "stageAppTask" of process "e4468bfa-5217-11f1-bea6-eeee0a81456e"...#
#2026 05 17 17:43:39.333#Z#INFO#ce142cac-5217-11f1-9eb0-eeee0a904712.OPERATION#flowable-async-job-executor-thread-1259#
[StageAppStep] Staging application "bookscapm-srv"...#
#2026 05 17 17:43:39.334#Z#DEBUG#ce142cac-5217-11f1-9eb0-eeee0a904712.OPERATION#flowable-async-job-executor-thread-1258#
[StageAppStep] Application stage timeout is default one: 3,600 seconds#
#2026 05 17 17:43:39.336#Z#INFO#ce142cac-5217-11f1-9eb0-eeee0a904712.OPERATION#flowable-async-job-executor-thread-1258#
[StageAppStep] Staging application "bookscapm-db-deployer"...#
#2026 05 17 17:43:39.341#Z#DEBUG#ce142cac-5217-11f1-9eb0-eeee0a904712.OPERATION#flowable-async-job-executor-thread-1259#
[StageAppStep] Creating build for package "337ad5ae-4dd6-4902-bacf-56a8bd48b43f"...#
#2026 05 17 17:43:39.345#Z#DEBUG#ce142cac-5217-11f1-9eb0-eeee0a904712.OPERATION#flowable-async-job-executor-thread-1258#
[StageAppStep] Creating build for package "f235eb06-dde6-40b7-ba78-114df83dcc2c"...#
#2026 05 17 17:43:39.700#Z#DEBUG#ce142cac-5217-11f1-9eb0-eeee0a904712.OPERATION#flowable-async-job-executor-thread-1258#
Step "Stage App" finished#
#2026 05 17 17:43:39.721#Z#DEBUG#ce142cac-5217-11f1-9eb0-eeee0a904712.OPERATION#flowable-async-job-executor-thread-1259#
Step "Stage App" finished#
#2026 05 17 17:43:49.107#Z#DEBUG#ce142cac-5217-11f1-9eb0-eeee0a904712.OPERATION#flowable-async-job-executor-thread-1262#
[StageAppStep] Executing task "stageAppTask" of process "e44860be-5217-11f1-bea6-eeee0a81456e"...#
#2026 05 17 17:43:49.109#Z#DEBUG#ce142cac-5217-11f1-9eb0-eeee0a904712.OPERATION#flowable-async-job-executor-thread-1262#
[StageAppStep] Application stage timeout is default one: 3,600 seconds#
#2026 05 17 17:43:49.111#Z#DEBUG#ce142cac-5217-11f1-9eb0-eeee0a904712.OPERATION#flowable-async-job-executor-thread-1262#
[StageAppStep] Checking status of application "bookscapm-srv"...#
#2026 05 17 17:43:49.111#Z#DEBUG#ce142cac-5217-11f1-9eb0-eeee0a904712.OPERATION#flowable-async-job-executor-thread-1262#
[StageAppStep] Getting build "c4990335-a2bd-4a8e-a74d-3a0dce7124b1"...#
#2026 05 17 17:43:49.120#Z#DEBUG#ce142cac-5217-11f1-9eb0-eeee0a904712.OPERATION#flowable-async-job-executor-thread-1263#
[StageAppStep] Executing task "stageAppTask" of process "e4468bfa-5217-11f1-bea6-eeee0a81456e"...#
#2026 05 17 17:43:49.123#Z#DEBUG#ce142cac-5217-11f1-9eb0-eeee0a904712.OPERATION#flowable-async-job-executor-thread-1263#
[StageAppStep] Application stage timeout is default one: 3,600 seconds#
#2026 05 17 17:43:49.123#Z#DEBUG#ce142cac-5217-11f1-9eb0-eeee0a904712.OPERATION#flowable-async-job-executor-thread-1263#
[StageAppStep] Checking status of application "bookscapm-db-deployer"...#
#2026 05 17 17:43:49.123#Z#DEBUG#ce142cac-5217-11f1-9eb0-eeee0a904712.OPERATION#flowable-async-job-executor-thread-1263#
[StageAppStep] Getting build "8e04bfe5-3849-498b-b592-d2de6d2db13a"...#
#2026 05 17 17:43:49.157#Z#DEBUG#ce142cac-5217-11f1-9eb0-eeee0a904712.OPERATION#flowable-async-job-executor-thread-1262#
[StageAppStep] Staging status of application "bookscapm-srv": PENDING#
#2026 05 17 17:43:49.159#Z#DEBUG#ce142cac-5217-11f1-9eb0-eeee0a904712.OPERATION#flowable-async-job-executor-thread-1262#
[StageAppStep] Getting application guid "bookscapm-srv"...#
#2026 05 17 17:43:49.163#Z#DEBUG#ce142cac-5217-11f1-9eb0-eeee0a904712.OPERATION#flowable-async-job-executor-thread-1263#
[StageAppStep] Staging status of application "bookscapm-db-deployer": PENDING#
#2026 05 17 17:43:49.165#Z#DEBUG#ce142cac-5217-11f1-9eb0-eeee0a904712.OPERATION#flowable-async-job-executor-thread-1263#
[StageAppStep] Getting application guid "bookscapm-db-deployer"...#
#2026 05 17 17:43:49.263#Z#DEBUG#ce142cac-5217-11f1-9eb0-eeee0a904712.OPERATION#flowable-async-job-executor-thread-1262#
Step "Stage App" finished#
#2026 05 17 17:43:49.280#Z#DEBUG#ce142cac-5217-11f1-9eb0-eeee0a904712.OPERATION#flowable-async-job-executor-thread-1263#
Step "Stage App" finished#
#2026 05 17 17:43:59.105#Z#DEBUG#ce142cac-5217-11f1-9eb0-eeee0a904712.OPERATION#flowable-async-job-executor-thread-1266#
[StageAppStep] Executing task "stageAppTask" of process "e44860be-5217-11f1-bea6-eeee0a81456e"...#
#2026 05 17 17:43:59.108#Z#DEBUG#ce142cac-5217-11f1-9eb0-eeee0a904712.OPERATION#flowable-async-job-executor-thread-1266#
[StageAppStep] Application stage timeout is default one: 3,600 seconds#
#2026 05 17 17:43:59.109#Z#DEBUG#ce142cac-5217-11f1-9eb0-eeee0a904712.OPERATION#flowable-async-job-executor-thread-1266#
[StageAppStep] Checking status of application "bookscapm-srv"...#
#2026 05 17 17:43:59.109#Z#DEBUG#ce142cac-5217-11f1-9eb0-eeee0a904712.OPERATION#flowable-async-job-executor-thread-1266#
[StageAppStep] Getting build "c4990335-a2bd-4a8e-a74d-3a0dce7124b1"...#
#2026 05 17 17:43:59.114#Z#DEBUG#ce142cac-5217-11f1-9eb0-eeee0a904712.OPERATION#flowable-async-job-executor-thread-1267#
[StageAppStep] Executing task "stageAppTask" of process "e4468bfa-5217-11f1-bea6-eeee0a81456e"...#
#2026 05 17 17:43:59.116#Z#DEBUG#ce142cac-5217-11f1-9eb0-eeee0a904712.OPERATION#flowable-async-job-executor-thread-1267#
[StageAppStep] Application stage timeout is default one: 3,600 seconds#
#2026 05 17 17:43:59.117#Z#DEBUG#ce142cac-5217-11f1-9eb0-eeee0a904712.OPERATION#flowable-async-job-executor-thread-1267#
[StageAppStep] Checking status of application "bookscapm-db-deployer"...#
#2026 05 17 17:43:59.117#Z#DEBUG#ce142cac-5217-11f1-9eb0-eeee0a904712.OPERATION#flowable-async-job-executor-thread-1267#
[StageAppStep] Getting build "8e04bfe5-3849-498b-b592-d2de6d2db13a"...#
#2026 05 17 17:43:59.158#Z#DEBUG#ce142cac-5217-11f1-9eb0-eeee0a904712.OPERATION#flowable-async-job-executor-thread-1267#
[StageAppStep] Staging status of application "bookscapm-db-deployer": PENDING#
#2026 05 17 17:43:59.158#Z#DEBUG#ce142cac-5217-11f1-9eb0-eeee0a904712.OPERATION#flowable-async-job-executor-thread-1266#
[StageAppStep] Staging status of application "bookscapm-srv": PENDING#
#2026 05 17 17:43:59.160#Z#DEBUG#ce142cac-5217-11f1-9eb0-eeee0a904712.OPERATION#flowable-async-job-executor-thread-1266#
[StageAppStep] Getting application guid "bookscapm-srv"...#
#2026 05 17 17:43:59.160#Z#DEBUG#ce142cac-5217-11f1-9eb0-eeee0a904712.OPERATION#flowable-async-job-executor-thread-1267#
[StageAppStep] Getting application guid "bookscapm-db-deployer"...#
#2026 05 17 17:43:59.265#Z#DEBUG#ce142cac-5217-11f1-9eb0-eeee0a904712.OPERATION#flowable-async-job-executor-thread-1267#
Step "Stage App" finished#
#2026 05 17 17:43:59.280#Z#DEBUG#ce142cac-5217-11f1-9eb0-eeee0a904712.OPERATION#flowable-async-job-executor-thread-1266#
Step "Stage App" finished#
#2026 05 17 17:44:09.114#Z#DEBUG#ce142cac-5217-11f1-9eb0-eeee0a904712.OPERATION#flowable-async-job-executor-thread-1270#
[StageAppStep] Executing task "stageAppTask" of process "e4468bfa-5217-11f1-bea6-eeee0a81456e"...#
#2026 05 17 17:44:09.117#Z#DEBUG#ce142cac-5217-11f1-9eb0-eeee0a904712.OPERATION#flowable-async-job-executor-thread-1270#
[StageAppStep] Application stage timeout is default one: 3,600 seconds#
#2026 05 17 17:44:09.118#Z#DEBUG#ce142cac-5217-11f1-9eb0-eeee0a904712.OPERATION#flowable-async-job-executor-thread-1270#
[StageAppStep] Checking status of application "bookscapm-db-deployer"...#
#2026 05 17 17:44:09.118#Z#DEBUG#ce142cac-5217-11f1-9eb0-eeee0a904712.OPERATION#flowable-async-job-executor-thread-1270#
[StageAppStep] Getting build "8e04bfe5-3849-498b-b592-d2de6d2db13a"...#
#2026 05 17 17:44:09.136#Z#DEBUG#ce142cac-5217-11f1-9eb0-eeee0a904712.OPERATION#flowable-async-job-executor-thread-1271#
[StageAppStep] Executing task "stageAppTask" of process "e44860be-5217-11f1-bea6-eeee0a81456e"...#
#2026 05 17 17:44:09.138#Z#DEBUG#ce142cac-5217-11f1-9eb0-eeee0a904712.OPERATION#flowable-async-job-executor-thread-1271#
[StageAppStep] Application stage timeout is default one: 3,600 seconds#
#2026 05 17 17:44:09.139#Z#DEBUG#ce142cac-5217-11f1-9eb0-eeee0a904712.OPERATION#flowable-async-job-executor-thread-1271#
[StageAppStep] Checking status of application "bookscapm-srv"...#
#2026 05 17 17:44:09.139#Z#DEBUG#ce142cac-5217-11f1-9eb0-eeee0a904712.OPERATION#flowable-async-job-executor-thread-1271#
[StageAppStep] Getting build "c4990335-a2bd-4a8e-a74d-3a0dce7124b1"...#
#2026 05 17 17:44:09.157#Z#DEBUG#ce142cac-5217-11f1-9eb0-eeee0a904712.OPERATION#flowable-async-job-executor-thread-1270#
[StageAppStep] Staging status of application "bookscapm-db-deployer": PENDING#
#2026 05 17 17:44:09.159#Z#DEBUG#ce142cac-5217-11f1-9eb0-eeee0a904712.OPERATION#flowable-async-job-executor-thread-1270#
[StageAppStep] Getting application guid "bookscapm-db-deployer"...#
#2026 05 17 17:44:09.173#Z#DEBUG#ce142cac-5217-11f1-9eb0-eeee0a904712.OPERATION#flowable-async-job-executor-thread-1271#
[StageAppStep] Staging status of application "bookscapm-srv": PENDING#
#2026 05 17 17:44:09.175#Z#DEBUG#ce142cac-5217-11f1-9eb0-eeee0a904712.OPERATION#flowable-async-job-executor-thread-1271#
[StageAppStep] Getting application guid "bookscapm-srv"...#
#2026 05 17 17:44:09.230#Z#DEBUG#ce142cac-5217-11f1-9eb0-eeee0a904712.OPERATION#flowable-async-job-executor-thread-1270#
Step "Stage App" finished#
#2026 05 17 17:44:09.277#Z#DEBUG#ce142cac-5217-11f1-9eb0-eeee0a904712.OPERATION#flowable-async-job-executor-thread-1271#
Step "Stage App" finished#
#2026 05 17 17:44:19.141#Z#DEBUG#ce142cac-5217-11f1-9eb0-eeee0a904712.OPERATION#flowable-async-job-executor-thread-1274#
[StageAppStep] Executing task "stageAppTask" of process "e4468bfa-5217-11f1-bea6-eeee0a81456e"...#
#2026 05 17 17:44:19.143#Z#DEBUG#ce142cac-5217-11f1-9eb0-eeee0a904712.OPERATION#flowable-async-job-executor-thread-1274#
[StageAppStep] Application stage timeout is default one: 3,600 seconds#
#2026 05 17 17:44:19.144#Z#DEBUG#ce142cac-5217-11f1-9eb0-eeee0a904712.OPERATION#flowable-async-job-executor-thread-1274#
[StageAppStep] Checking status of application "bookscapm-db-deployer"...#
#2026 05 17 17:44:19.144#Z#DEBUG#ce142cac-5217-11f1-9eb0-eeee0a904712.OPERATION#flowable-async-job-executor-thread-1274#
[StageAppStep] Getting build "8e04bfe5-3849-498b-b592-d2de6d2db13a"...#
#2026 05 17 17:44:19.161#Z#DEBUG#ce142cac-5217-11f1-9eb0-eeee0a904712.OPERATION#flowable-async-job-executor-thread-1275#
[StageAppStep] Executing task "stageAppTask" of process "e44860be-5217-11f1-bea6-eeee0a81456e"...#
#2026 05 17 17:44:19.164#Z#DEBUG#ce142cac-5217-11f1-9eb0-eeee0a904712.OPERATION#flowable-async-job-executor-thread-1275#
[StageAppStep] Application stage timeout is default one: 3,600 seconds#
#2026 05 17 17:44:19.165#Z#DEBUG#ce142cac-5217-11f1-9eb0-eeee0a904712.OPERATION#flowable-async-job-executor-thread-1275#
[StageAppStep] Checking status of application "bookscapm-srv"...#
#2026 05 17 17:44:19.165#Z#DEBUG#ce142cac-5217-11f1-9eb0-eeee0a904712.OPERATION#flowable-async-job-executor-thread-1275#
[StageAppStep] Getting build "c4990335-a2bd-4a8e-a74d-3a0dce7124b1"...#
#2026 05 17 17:44:19.188#Z#DEBUG#ce142cac-5217-11f1-9eb0-eeee0a904712.OPERATION#flowable-async-job-executor-thread-1274#
[StageAppStep] Staging status of application "bookscapm-db-deployer": STAGED#
#2026 05 17 17:44:19.190#Z#DEBUG#ce142cac-5217-11f1-9eb0-eeee0a904712.OPERATION#flowable-async-job-executor-thread-1274#
[StageAppStep] Getting application guid "bookscapm-db-deployer"...#
#2026 05 17 17:44:19.211#Z#DEBUG#ce142cac-5217-11f1-9eb0-eeee0a904712.OPERATION#flowable-async-job-executor-thread-1275#
[StageAppStep] Staging status of application "bookscapm-srv": STAGED#
#2026 05 17 17:44:19.213#Z#DEBUG#ce142cac-5217-11f1-9eb0-eeee0a904712.OPERATION#flowable-async-job-executor-thread-1275#
[StageAppStep] Getting application guid "bookscapm-srv"...#
#2026 05 17 17:44:19.306#Z#DEBUG#ce142cac-5217-11f1-9eb0-eeee0a904712.OPERATION#flowable-async-job-executor-thread-1274#
[StageAppStep] Getting build "8e04bfe5-3849-498b-b592-d2de6d2db13a"...#
#2026 05 17 17:44:19.330#Z#DEBUG#ce142cac-5217-11f1-9eb0-eeee0a904712.OPERATION#flowable-async-job-executor-thread-1275#
[StageAppStep] Getting build "c4990335-a2bd-4a8e-a74d-3a0dce7124b1"...#
#2026 05 17 17:44:19.343#Z#DEBUG#ce142cac-5217-11f1-9eb0-eeee0a904712.OPERATION#flowable-async-job-executor-thread-1274#
[StageAppStep] Binding droplet "89cd2fcd-4f88-4fac-828d-b664c6909f82" to application "42bfd433-a562-4d5f-b4b1-2970d7ec218d"...#
#2026 05 17 17:44:19.387#Z#DEBUG#ce142cac-5217-11f1-9eb0-eeee0a904712.OPERATION#flowable-async-job-executor-thread-1275#
[StageAppStep] Binding droplet "e18226d5-4214-4d58-9984-936de5b21a37" to application "ab51efbf-6a80-46f6-bcf2-75d28171c258"...#
#2026 05 17 17:44:19.411#Z#INFO#ce142cac-5217-11f1-9eb0-eeee0a904712.OPERATION#flowable-async-job-executor-thread-1274#
[StageAppStep] Application "bookscapm-db-deployer" staged#
#2026 05 17 17:44:19.420#Z#DEBUG#ce142cac-5217-11f1-9eb0-eeee0a904712.OPERATION#flowable-async-job-executor-thread-1274#
Step "Stage App" finished#
#2026 05 17 17:44:19.464#Z#INFO#ce142cac-5217-11f1-9eb0-eeee0a904712.OPERATION#flowable-async-job-executor-thread-1275#
[StageAppStep] Application "bookscapm-srv" staged#
#2026 05 17 17:44:19.473#Z#DEBUG#ce142cac-5217-11f1-9eb0-eeee0a904712.OPERATION#flowable-async-job-executor-thread-1275#
Step "Stage App" finished#
#2026 05 17 17:44:19.518#Z#DEBUG#ce142cac-5217-11f1-9eb0-eeee0a904712.OPERATION#flowable-async-job-executor-thread-1278#
[PrepareToExecuteTasksStep] Executing task "prepareToExecuteTasksTask" of process "0827e149-5218-11f1-bea6-eeee0a81456e"...#
#2026 05 17 17:44:19.519#Z#DEBUG#ce142cac-5217-11f1-9eb0-eeee0a904712.OPERATION#flowable-async-job-executor-thread-1278#
Step "Prepare To Execute Tasks" finished#
#2026 05 17 17:44:19.551#Z#DEBUG#ce142cac-5217-11f1-9eb0-eeee0a904712.OPERATION#flowable-async-job-executor-thread-1279#
[ExecuteTaskStep] Executing task "executeTaskTask" of process "0827e149-5218-11f1-bea6-eeee0a81456e"...#
#2026 05 17 17:44:19.553#Z#DEBUG#ce142cac-5217-11f1-9eb0-eeee0a904712.OPERATION#flowable-async-job-executor-thread-1279#
[ExecuteTaskStep] Application task execution timeout is default one: 43,200 seconds#
#2026 05 17 17:44:19.554#Z#INFO#ce142cac-5217-11f1-9eb0-eeee0a904712.OPERATION#flowable-async-job-executor-thread-1279#
[ExecuteTaskStep] Executing task "deploy" on application "bookscapm-db-deployer"...#
#2026 05 17 17:44:19.566#Z#DEBUG#ce142cac-5217-11f1-9eb0-eeee0a904712.OPERATION#flowable-async-job-executor-thread-1279#
[ExecuteTaskStep] Running task on application "bookscapm-db-deployer": {
  "name" : "deploy",
  "command" : "npm start",
  "limits" : {
    "memory" : 256
  }
}#
#2026 05 17 17:44:19.878#Z#DEBUG#ce142cac-5217-11f1-9eb0-eeee0a904712.OPERATION#flowable-async-job-executor-thread-1279#
Step "Execute Task" finished#
#2026 05 17 17:44:19.521#Z#DEBUG#ce142cac-5217-11f1-9eb0-eeee0a904712.OPERATION#flowable-async-job-executor-thread-1277#
[RestartAppStep] Executing task "startAppTask" of process "e44860be-5217-11f1-bea6-eeee0a81456e"...#
#2026 05 17 17:44:19.524#Z#DEBUG#ce142cac-5217-11f1-9eb0-eeee0a904712.OPERATION#flowable-async-job-executor-thread-1277#
[RestartAppStep] Application start timeout is default one: 3,600 seconds#
#2026 05 17 17:44:19.526#Z#DEBUG#ce142cac-5217-11f1-9eb0-eeee0a904712.OPERATION#flowable-async-job-executor-thread-1277#
[RestartAppStep] Getting application "bookscapm-srv"...#
#2026 05 17 17:44:19.567#Z#INFO#ce142cac-5217-11f1-9eb0-eeee0a904712.OPERATION#flowable-async-job-executor-thread-1277#
[RestartAppStep] Starting application "bookscapm-srv"...#
#2026 05 17 17:44:19.578#Z#DEBUG#ce142cac-5217-11f1-9eb0-eeee0a904712.OPERATION#flowable-async-job-executor-thread-1277#
[RestartAppStep] Starting application "bookscapm-srv"...#
#2026 05 17 17:44:19.948#Z#DEBUG#ce142cac-5217-11f1-9eb0-eeee0a904712.OPERATION#flowable-async-job-executor-thread-1277#
Step "Start App" finished#
#2026 05 17 17:44:29.162#Z#DEBUG#ce142cac-5217-11f1-9eb0-eeee0a904712.OPERATION#flowable-async-job-executor-thread-1283#
[RestartAppStep] Executing task "startAppTask" of process "08714689-5218-11f1-bea6-eeee0a81456e"...#
#2026 05 17 17:44:29.165#Z#DEBUG#ce142cac-5217-11f1-9eb0-eeee0a904712.OPERATION#flowable-async-job-executor-thread-1283#
[RestartAppStep] Application start timeout is default one: 3,600 seconds#
#2026 05 17 17:44:29.165#Z#DEBUG#ce142cac-5217-11f1-9eb0-eeee0a904712.OPERATION#flowable-async-job-executor-thread-1283#
[RestartAppStep] Checking status of application "bookscapm-srv"...#
#2026 05 17 17:44:29.165#Z#DEBUG#ce142cac-5217-11f1-9eb0-eeee0a904712.OPERATION#flowable-async-job-executor-thread-1283#
[RestartAppStep] Getting application "bookscapm-srv"...#
#2026 05 17 17:44:29.204#Z#DEBUG#ce142cac-5217-11f1-9eb0-eeee0a904712.OPERATION#flowable-async-job-executor-thread-1283#
[RestartAppStep] Getting instances for application "bookscapm-srv"...#
#2026 05 17 17:44:29.266#Z#DEBUG#ce142cac-5217-11f1-9eb0-eeee0a904712.OPERATION#flowable-async-job-executor-thread-1283#
[RestartAppStep] Application "bookscapm-srv": 0 of 1 instances running (1 starting)#
#2026 05 17 17:44:29.347#Z#DEBUG#ce142cac-5217-11f1-9eb0-eeee0a904712.OPERATION#flowable-async-job-executor-thread-1283#
Step "Start App" finished#
#2026 05 17 17:44:29.155#Z#DEBUG#ce142cac-5217-11f1-9eb0-eeee0a904712.OPERATION#flowable-async-job-executor-thread-1282#
[ExecuteTaskStep] Executing task "executeTaskTask" of process "0827e149-5218-11f1-bea6-eeee0a81456e"...#
#2026 05 17 17:44:29.157#Z#DEBUG#ce142cac-5217-11f1-9eb0-eeee0a904712.OPERATION#flowable-async-job-executor-thread-1282#
[ExecuteTaskStep] Application task execution timeout is default one: 43,200 seconds#
#2026 05 17 17:44:29.158#Z#DEBUG#ce142cac-5217-11f1-9eb0-eeee0a904712.OPERATION#flowable-async-job-executor-thread-1282#
[ExecuteTaskStep] Getting task "1003d48a-d3b4-4ac1-8e14-56e85d687012"...#
#2026 05 17 17:44:29.199#Z#DEBUG#ce142cac-5217-11f1-9eb0-eeee0a904712.OPERATION#flowable-async-job-executor-thread-1282#
[ExecuteTaskStep] Task execution status: running#
#2026 05 17 17:44:29.201#Z#DEBUG#ce142cac-5217-11f1-9eb0-eeee0a904712.OPERATION#flowable-async-job-executor-thread-1282#
[ExecuteTaskStep] Getting application guid "bookscapm-db-deployer"...#
#2026 05 17 17:44:29.375#Z#DEBUG#ce142cac-5217-11f1-9eb0-eeee0a904712.OPERATION#flowable-async-job-executor-thread-1282#
Step "Execute Task" finished#
#2026 05 17 17:44:39.196#Z#DEBUG#ce142cac-5217-11f1-9eb0-eeee0a904712.OPERATION#flowable-async-job-executor-thread-1287#
[RestartAppStep] Executing task "startAppTask" of process "0e0b730d-5218-11f1-bea6-eeee0a81456e"...#
#2026 05 17 17:44:39.199#Z#DEBUG#ce142cac-5217-11f1-9eb0-eeee0a904712.OPERATION#flowable-async-job-executor-thread-1287#
[RestartAppStep] Application start timeout is default one: 3,600 seconds#
#2026 05 17 17:44:39.201#Z#DEBUG#ce142cac-5217-11f1-9eb0-eeee0a904712.OPERATION#flowable-async-job-executor-thread-1287#
[RestartAppStep] Checking status of application "bookscapm-srv"...#
#2026 05 17 17:44:39.202#Z#DEBUG#ce142cac-5217-11f1-9eb0-eeee0a904712.OPERATION#flowable-async-job-executor-thread-1287#
[RestartAppStep] Getting instances for application "bookscapm-srv"...#
#2026 05 17 17:44:39.251#Z#DEBUG#ce142cac-5217-11f1-9eb0-eeee0a904712.OPERATION#flowable-async-job-executor-thread-1287#
[RestartAppStep] Application "bookscapm-srv": 0 of 1 instances running (1 starting)#
#2026 05 17 17:44:39.299#Z#DEBUG#ce142cac-5217-11f1-9eb0-eeee0a904712.OPERATION#flowable-async-job-executor-thread-1287#
Step "Start App" finished#
#2026 05 17 17:44:39.188#Z#DEBUG#ce142cac-5217-11f1-9eb0-eeee0a904712.OPERATION#flowable-async-job-executor-thread-1286#
[ExecuteTaskStep] Executing task "executeTaskTask" of process "0827e149-5218-11f1-bea6-eeee0a81456e"...#
#2026 05 17 17:44:39.191#Z#DEBUG#ce142cac-5217-11f1-9eb0-eeee0a904712.OPERATION#flowable-async-job-executor-thread-1286#
[ExecuteTaskStep] Application task execution timeout is default one: 43,200 seconds#
#2026 05 17 17:44:39.193#Z#DEBUG#ce142cac-5217-11f1-9eb0-eeee0a904712.OPERATION#flowable-async-job-executor-thread-1286#
[ExecuteTaskStep] Getting task "1003d48a-d3b4-4ac1-8e14-56e85d687012"...#
#2026 05 17 17:44:39.239#Z#DEBUG#ce142cac-5217-11f1-9eb0-eeee0a904712.OPERATION#flowable-async-job-executor-thread-1286#
[ExecuteTaskStep] Task execution status: succeeded#
#2026 05 17 17:44:39.241#Z#DEBUG#ce142cac-5217-11f1-9eb0-eeee0a904712.OPERATION#flowable-async-job-executor-thread-1286#
[ExecuteTaskStep] Getting application guid "bookscapm-db-deployer"...#
#2026 05 17 17:44:39.370#Z#DEBUG#ce142cac-5217-11f1-9eb0-eeee0a904712.OPERATION#flowable-async-job-executor-thread-1286#
Step "Execute Task" finished#
#2026 05 17 17:44:39.406#Z#DEBUG#ce142cac-5217-11f1-9eb0-eeee0a904712.OPERATION#flowable-async-job-executor-thread-1288#
[IncrementIndexStep] Executing task "incrementTaskIndexTask" of process "0827e149-5218-11f1-bea6-eeee0a81456e"...#
#2026 05 17 17:44:39.407#Z#DEBUG#ce142cac-5217-11f1-9eb0-eeee0a904712.OPERATION#flowable-async-job-executor-thread-1288#
Step "Increment Task Index" finished#
#2026 05 17 17:44:39.492#Z#DEBUG#ce142cac-5217-11f1-9eb0-eeee0a904712.OPERATION#flowable-async-job-executor-thread-1289#
[PublishConfigurationEntriesStep] Executing task "publishProvidedDependenciesTask" of process "e4468bfa-5217-11f1-bea6-eeee0a81456e"...#
#2026 05 17 17:44:39.493#Z#DEBUG#ce142cac-5217-11f1-9eb0-eeee0a904712.OPERATION#flowable-async-job-executor-thread-1289#
[PublishConfigurationEntriesStep] Publishing public provided dependencies for application "bookscapm-db-deployer"...#
#2026 05 17 17:44:39.494#Z#DEBUG#ce142cac-5217-11f1-9eb0-eeee0a904712.OPERATION#flowable-async-job-executor-thread-1289#
[PublishConfigurationEntriesStep] No public provided dependencies for publishing#
#2026 05 17 17:44:39.494#Z#DEBUG#ce142cac-5217-11f1-9eb0-eeee0a904712.OPERATION#flowable-async-job-executor-thread-1289#
Step "Publish Provided Dependencies" finished#
#2026 05 17 17:44:39.528#Z#DEBUG#ce142cac-5217-11f1-9eb0-eeee0a904712.OPERATION#flowable-async-job-executor-thread-1290#
[CreateOrUpdateServiceBrokerStep] Executing task "createOrUpdateServiceBrokerTask" of process "e4468bfa-5217-11f1-bea6-eeee0a81456e"...#
#2026 05 17 17:44:39.529#Z#DEBUG#ce142cac-5217-11f1-9eb0-eeee0a904712.OPERATION#flowable-async-job-executor-thread-1290#
[CreateOrUpdateServiceBrokerStep] Creating service brokers...#
#2026 05 17 17:44:39.530#Z#DEBUG#ce142cac-5217-11f1-9eb0-eeee0a904712.OPERATION#flowable-async-job-executor-thread-1290#
Step "Create Or Update Service Broker " finished#
#2026 05 17 17:44:49.210#Z#DEBUG#ce142cac-5217-11f1-9eb0-eeee0a904712.OPERATION#flowable-async-job-executor-thread-1293#
[RestartAppStep] Executing task "startAppTask" of process "13fa0126-5218-11f1-bea6-eeee0a81456e"...#
#2026 05 17 17:44:49.213#Z#DEBUG#ce142cac-5217-11f1-9eb0-eeee0a904712.OPERATION#flowable-async-job-executor-thread-1293#
[RestartAppStep] Application start timeout is default one: 3,600 seconds#
#2026 05 17 17:44:49.213#Z#DEBUG#ce142cac-5217-11f1-9eb0-eeee0a904712.OPERATION#flowable-async-job-executor-thread-1293#
[RestartAppStep] Checking status of application "bookscapm-srv"...#
#2026 05 17 17:44:49.214#Z#DEBUG#ce142cac-5217-11f1-9eb0-eeee0a904712.OPERATION#flowable-async-job-executor-thread-1293#
[RestartAppStep] Getting instances for application "bookscapm-srv"...#
#2026 05 17 17:44:49.303#Z#DEBUG#ce142cac-5217-11f1-9eb0-eeee0a904712.OPERATION#flowable-async-job-executor-thread-1293#
[RestartAppStep] Application "bookscapm-srv": 0 of 1 instances running (1 starting)#
#2026 05 17 17:44:49.382#Z#DEBUG#ce142cac-5217-11f1-9eb0-eeee0a904712.OPERATION#flowable-async-job-executor-thread-1293#
Step "Start App" finished#
#2026 05 17 17:44:59.220#Z#DEBUG#ce142cac-5217-11f1-9eb0-eeee0a904712.OPERATION#flowable-async-job-executor-thread-1295#
[RestartAppStep] Executing task "startAppTask" of process "19fc8c83-5218-11f1-bea6-eeee0a81456e"...#
#2026 05 17 17:44:59.223#Z#DEBUG#ce142cac-5217-11f1-9eb0-eeee0a904712.OPERATION#flowable-async-job-executor-thread-1295#
[RestartAppStep] Application start timeout is default one: 3,600 seconds#
#2026 05 17 17:44:59.224#Z#DEBUG#ce142cac-5217-11f1-9eb0-eeee0a904712.OPERATION#flowable-async-job-executor-thread-1295#
[RestartAppStep] Checking status of application "bookscapm-srv"...#
#2026 05 17 17:44:59.225#Z#DEBUG#ce142cac-5217-11f1-9eb0-eeee0a904712.OPERATION#flowable-async-job-executor-thread-1295#
[RestartAppStep] Getting instances for application "bookscapm-srv"...#
#2026 05 17 17:44:59.292#Z#DEBUG#ce142cac-5217-11f1-9eb0-eeee0a904712.OPERATION#flowable-async-job-executor-thread-1295#
[RestartAppStep] Application "bookscapm-srv": 0 of 1 instances running (1 starting)#
#2026 05 17 17:44:59.334#Z#DEBUG#ce142cac-5217-11f1-9eb0-eeee0a904712.OPERATION#flowable-async-job-executor-thread-1295#
Step "Start App" finished#
#2026 05 17 17:45:09.231#Z#DEBUG#ce142cac-5217-11f1-9eb0-eeee0a904712.OPERATION#flowable-async-job-executor-thread-1297#
[RestartAppStep] Executing task "startAppTask" of process "1feacc70-5218-11f1-bea6-eeee0a81456e"...#
#2026 05 17 17:45:09.244#Z#DEBUG#ce142cac-5217-11f1-9eb0-eeee0a904712.OPERATION#flowable-async-job-executor-thread-1297#
[RestartAppStep] Application start timeout is default one: 3,600 seconds#
#2026 05 17 17:45:09.245#Z#DEBUG#ce142cac-5217-11f1-9eb0-eeee0a904712.OPERATION#flowable-async-job-executor-thread-1297#
[RestartAppStep] Checking status of application "bookscapm-srv"...#
#2026 05 17 17:45:09.246#Z#DEBUG#ce142cac-5217-11f1-9eb0-eeee0a904712.OPERATION#flowable-async-job-executor-thread-1297#
[RestartAppStep] Getting instances for application "bookscapm-srv"...#
#2026 05 17 17:45:09.321#Z#DEBUG#ce142cac-5217-11f1-9eb0-eeee0a904712.OPERATION#flowable-async-job-executor-thread-1297#
[RestartAppStep] Application "bookscapm-srv": 0 of 1 instances running (1 crashed)#
#2026 05 17 17:45:09.368#Z#ERROR#ce142cac-5217-11f1-9eb0-eeee0a904712.OPERATION#flowable-async-job-executor-thread-1297#
[RestartAppStep] Error starting application "bookscapm-srv": Some instances have crashed. Check the application logs of your application for details.#
#2026 05 17 17:45:09.380#Z#INFO#ce142cac-5217-11f1-9eb0-eeee0a904712.OPERATION#flowable-async-job-executor-thread-1297#
[RestartAppStep] Download the MTA operation logs for more details.#
#2026 05 17 17:45:09.387#Z#DEBUG#ce142cac-5217-11f1-9eb0-eeee0a904712.OPERATION#flowable-async-job-executor-thread-1297#
Step "Start App" finished#
#2026 05 17 17:45:10.432#Z#DEBUG#ce142cac-5217-11f1-9eb0-eeee0a904712.OPERATION#flowable-async-job-executor-thread-1298#
[RestartAppStep] Executing task "startAppTask" of process "1feacc70-5218-11f1-bea6-eeee0a81456e"...#
#2026 05 17 17:45:10.436#Z#DEBUG#ce142cac-5217-11f1-9eb0-eeee0a904712.OPERATION#flowable-async-job-executor-thread-1298#
[RestartAppStep] Application start timeout is default one: 3,600 seconds#
#2026 05 17 17:45:10.529#Z#DEBUG#ce142cac-5217-11f1-9eb0-eeee0a904712.OPERATION#flowable-async-job-executor-thread-1298#
[RestartAppStep] Getting application "bookscapm-srv"...#
#2026 05 17 17:45:10.586#Z#INFO#ce142cac-5217-11f1-9eb0-eeee0a904712.OPERATION#flowable-async-job-executor-thread-1298#
[RestartAppStep] Stopping application "bookscapm-srv"...#
#2026 05 17 17:45:10.598#Z#DEBUG#ce142cac-5217-11f1-9eb0-eeee0a904712.OPERATION#flowable-async-job-executor-thread-1298#
[RestartAppStep] Stopping application "bookscapm-srv"...#
#2026 05 17 17:45:10.774#Z#INFO#ce142cac-5217-11f1-9eb0-eeee0a904712.OPERATION#flowable-async-job-executor-thread-1298#
[RestartAppStep] Starting application "bookscapm-srv"...#
#2026 05 17 17:45:10.783#Z#DEBUG#ce142cac-5217-11f1-9eb0-eeee0a904712.OPERATION#flowable-async-job-executor-thread-1298#
[RestartAppStep] Starting application "bookscapm-srv"...#
#2026 05 17 17:45:11.059#Z#DEBUG#ce142cac-5217-11f1-9eb0-eeee0a904712.OPERATION#flowable-async-job-executor-thread-1298#
Step "Start App" finished#
#2026 05 17 17:45:19.236#Z#DEBUG#ce142cac-5217-11f1-9eb0-eeee0a904712.OPERATION#flowable-async-job-executor-thread-1300#
[RestartAppStep] Executing task "startAppTask" of process "26e83270-5218-11f1-bea6-eeee0a81456e"...#
#2026 05 17 17:45:19.239#Z#DEBUG#ce142cac-5217-11f1-9eb0-eeee0a904712.OPERATION#flowable-async-job-executor-thread-1300#
[RestartAppStep] Application start timeout is default one: 3,600 seconds#
#2026 05 17 17:45:19.239#Z#DEBUG#ce142cac-5217-11f1-9eb0-eeee0a904712.OPERATION#flowable-async-job-executor-thread-1300#
[RestartAppStep] Checking status of application "bookscapm-srv"...#
#2026 05 17 17:45:19.240#Z#DEBUG#ce142cac-5217-11f1-9eb0-eeee0a904712.OPERATION#flowable-async-job-executor-thread-1300#
[RestartAppStep] Getting instances for application "bookscapm-srv"...#
#2026 05 17 17:45:19.457#Z#DEBUG#ce142cac-5217-11f1-9eb0-eeee0a904712.OPERATION#flowable-async-job-executor-thread-1300#
[RestartAppStep] Application "bookscapm-srv": 0 of 1 instances running (1 starting)#
#2026 05 17 17:45:19.505#Z#DEBUG#ce142cac-5217-11f1-9eb0-eeee0a904712.OPERATION#flowable-async-job-executor-thread-1300#
Step "Start App" finished#
#2026 05 17 17:45:29.277#Z#DEBUG#ce142cac-5217-11f1-9eb0-eeee0a904712.OPERATION#flowable-async-job-executor-thread-1302#
[RestartAppStep] Executing task "startAppTask" of process "2bf205cd-5218-11f1-bea6-eeee0a81456e"...#
#2026 05 17 17:45:29.280#Z#DEBUG#ce142cac-5217-11f1-9eb0-eeee0a904712.OPERATION#flowable-async-job-executor-thread-1302#
[RestartAppStep] Application start timeout is default one: 3,600 seconds#
#2026 05 17 17:45:29.281#Z#DEBUG#ce142cac-5217-11f1-9eb0-eeee0a904712.OPERATION#flowable-async-job-executor-thread-1302#
[RestartAppStep] Checking status of application "bookscapm-srv"...#
#2026 05 17 17:45:29.282#Z#DEBUG#ce142cac-5217-11f1-9eb0-eeee0a904712.OPERATION#flowable-async-job-executor-thread-1302#
[RestartAppStep] Getting instances for application "bookscapm-srv"...#
#2026 05 17 17:45:29.345#Z#DEBUG#ce142cac-5217-11f1-9eb0-eeee0a904712.OPERATION#flowable-async-job-executor-thread-1302#
[RestartAppStep] Application "bookscapm-srv": 0 of 1 instances running (1 starting)#
#2026 05 17 17:45:29.423#Z#DEBUG#ce142cac-5217-11f1-9eb0-eeee0a904712.OPERATION#flowable-async-job-executor-thread-1302#
Step "Start App" finished#
#2026 05 17 17:45:39.291#Z#DEBUG#ce142cac-5217-11f1-9eb0-eeee0a904712.OPERATION#flowable-async-job-executor-thread-1304#
[RestartAppStep] Executing task "startAppTask" of process "31da2a3a-5218-11f1-bea6-eeee0a81456e"...#
#2026 05 17 17:45:39.294#Z#DEBUG#ce142cac-5217-11f1-9eb0-eeee0a904712.OPERATION#flowable-async-job-executor-thread-1304#
[RestartAppStep] Application start timeout is default one: 3,600 seconds#
#2026 05 17 17:45:39.296#Z#DEBUG#ce142cac-5217-11f1-9eb0-eeee0a904712.OPERATION#flowable-async-job-executor-thread-1304#
[RestartAppStep] Checking status of application "bookscapm-srv"...#
#2026 05 17 17:45:39.297#Z#DEBUG#ce142cac-5217-11f1-9eb0-eeee0a904712.OPERATION#flowable-async-job-executor-thread-1304#
[RestartAppStep] Getting instances for application "bookscapm-srv"...#
#2026 05 17 17:45:39.368#Z#DEBUG#ce142cac-5217-11f1-9eb0-eeee0a904712.OPERATION#flowable-async-job-executor-thread-1304#
[RestartAppStep] Application "bookscapm-srv": 0 of 1 instances running (1 starting)#
#2026 05 17 17:45:39.424#Z#DEBUG#ce142cac-5217-11f1-9eb0-eeee0a904712.OPERATION#flowable-async-job-executor-thread-1304#
Step "Start App" finished#
#2026 05 17 17:45:49.311#Z#DEBUG#ce142cac-5217-11f1-9eb0-eeee0a904712.OPERATION#flowable-async-job-executor-thread-1306#
[RestartAppStep] Executing task "startAppTask" of process "37d00b47-5218-11f1-bea6-eeee0a81456e"...#
#2026 05 17 17:45:49.315#Z#DEBUG#ce142cac-5217-11f1-9eb0-eeee0a904712.OPERATION#flowable-async-job-executor-thread-1306#
[RestartAppStep] Application start timeout is default one: 3,600 seconds#
#2026 05 17 17:45:49.316#Z#DEBUG#ce142cac-5217-11f1-9eb0-eeee0a904712.OPERATION#flowable-async-job-executor-thread-1306#
[RestartAppStep] Checking status of application "bookscapm-srv"...#
#2026 05 17 17:45:49.317#Z#DEBUG#ce142cac-5217-11f1-9eb0-eeee0a904712.OPERATION#flowable-async-job-executor-thread-1306#
[RestartAppStep] Getting instances for application "bookscapm-srv"...#
#2026 05 17 17:45:49.367#Z#DEBUG#ce142cac-5217-11f1-9eb0-eeee0a904712.OPERATION#flowable-async-job-executor-thread-1306#
[RestartAppStep] Application "bookscapm-srv": 0 of 1 instances running (1 starting)#
#2026 05 17 17:45:49.402#Z#DEBUG#ce142cac-5217-11f1-9eb0-eeee0a904712.OPERATION#flowable-async-job-executor-thread-1306#
Step "Start App" finished#
#2026 05 17 17:45:59.307#Z#DEBUG#ce142cac-5217-11f1-9eb0-eeee0a904712.OPERATION#flowable-async-job-executor-thread-1308#
[RestartAppStep] Executing task "startAppTask" of process "3dc290f4-5218-11f1-bea6-eeee0a81456e"...#
#2026 05 17 17:45:59.310#Z#DEBUG#ce142cac-5217-11f1-9eb0-eeee0a904712.OPERATION#flowable-async-job-executor-thread-1308#
[RestartAppStep] Application start timeout is default one: 3,600 seconds#
#2026 05 17 17:45:59.311#Z#DEBUG#ce142cac-5217-11f1-9eb0-eeee0a904712.OPERATION#flowable-async-job-executor-thread-1308#
[RestartAppStep] Checking status of application "bookscapm-srv"...#
#2026 05 17 17:45:59.311#Z#DEBUG#ce142cac-5217-11f1-9eb0-eeee0a904712.OPERATION#flowable-async-job-executor-thread-1308#
[RestartAppStep] Getting instances for application "bookscapm-srv"...#
#2026 05 17 17:45:59.397#Z#DEBUG#ce142cac-5217-11f1-9eb0-eeee0a904712.OPERATION#flowable-async-job-executor-thread-1308#
[RestartAppStep] Application "bookscapm-srv": 0 of 1 instances running (1 starting)#
#2026 05 17 17:45:59.471#Z#DEBUG#ce142cac-5217-11f1-9eb0-eeee0a904712.OPERATION#flowable-async-job-executor-thread-1308#
Step "Start App" finished#
#2026 05 17 17:46:09.330#Z#DEBUG#ce142cac-5217-11f1-9eb0-eeee0a904712.OPERATION#flowable-async-job-executor-thread-1310#
[RestartAppStep] Executing task "startAppTask" of process "43c32061-5218-11f1-bea6-eeee0a81456e"...#
#2026 05 17 17:46:09.333#Z#DEBUG#ce142cac-5217-11f1-9eb0-eeee0a904712.OPERATION#flowable-async-job-executor-thread-1310#
[RestartAppStep] Application start timeout is default one: 3,600 seconds#
#2026 05 17 17:46:09.334#Z#DEBUG#ce142cac-5217-11f1-9eb0-eeee0a904712.OPERATION#flowable-async-job-executor-thread-1310#
[RestartAppStep] Checking status of application "bookscapm-srv"...#
#2026 05 17 17:46:09.335#Z#DEBUG#ce142cac-5217-11f1-9eb0-eeee0a904712.OPERATION#flowable-async-job-executor-thread-1310#
[RestartAppStep] Getting instances for application "bookscapm-srv"...#
#2026 05 17 17:46:09.407#Z#DEBUG#ce142cac-5217-11f1-9eb0-eeee0a904712.OPERATION#flowable-async-job-executor-thread-1310#
[RestartAppStep] Application "bookscapm-srv": 0 of 1 instances running (1 crashed)#
#2026 05 17 17:46:09.455#Z#ERROR#ce142cac-5217-11f1-9eb0-eeee0a904712.OPERATION#flowable-async-job-executor-thread-1310#
[RestartAppStep] Error starting application "bookscapm-srv": Some instances have crashed. Check the application logs of your application for details.#
#2026 05 17 17:46:09.463#Z#INFO#ce142cac-5217-11f1-9eb0-eeee0a904712.OPERATION#flowable-async-job-executor-thread-1310#
[RestartAppStep] Download the MTA operation logs for more details.#
#2026 05 17 17:46:09.470#Z#DEBUG#ce142cac-5217-11f1-9eb0-eeee0a904712.OPERATION#flowable-async-job-executor-thread-1310#
Step "Start App" finished#
#2026 05 17 17:46:11.067#Z#DEBUG#ce142cac-5217-11f1-9eb0-eeee0a904712.OPERATION#flowable-async-job-executor-thread-1311#
[RestartAppStep] Executing task "startAppTask" of process "43c32061-5218-11f1-bea6-eeee0a81456e"...#
#2026 05 17 17:46:11.070#Z#DEBUG#ce142cac-5217-11f1-9eb0-eeee0a904712.OPERATION#flowable-async-job-executor-thread-1311#
[RestartAppStep] Application start timeout is default one: 3,600 seconds#
#2026 05 17 17:46:11.169#Z#DEBUG#ce142cac-5217-11f1-9eb0-eeee0a904712.OPERATION#flowable-async-job-executor-thread-1311#
[RestartAppStep] Getting application "bookscapm-srv"...#
#2026 05 17 17:46:11.261#Z#INFO#ce142cac-5217-11f1-9eb0-eeee0a904712.OPERATION#flowable-async-job-executor-thread-1311#
[RestartAppStep] Stopping application "bookscapm-srv"...#
#2026 05 17 17:46:11.272#Z#DEBUG#ce142cac-5217-11f1-9eb0-eeee0a904712.OPERATION#flowable-async-job-executor-thread-1311#
[RestartAppStep] Stopping application "bookscapm-srv"...#
#2026 05 17 17:46:11.417#Z#INFO#ce142cac-5217-11f1-9eb0-eeee0a904712.OPERATION#flowable-async-job-executor-thread-1311#
[RestartAppStep] Starting application "bookscapm-srv"...#
#2026 05 17 17:46:11.426#Z#DEBUG#ce142cac-5217-11f1-9eb0-eeee0a904712.OPERATION#flowable-async-job-executor-thread-1311#
[RestartAppStep] Starting application "bookscapm-srv"...#
#2026 05 17 17:46:11.720#Z#DEBUG#ce142cac-5217-11f1-9eb0-eeee0a904712.OPERATION#flowable-async-job-executor-thread-1311#
Step "Start App" finished#
#2026 05 17 17:46:19.370#Z#DEBUG#ce142cac-5217-11f1-9eb0-eeee0a904712.OPERATION#flowable-async-job-executor-thread-1313#
[RestartAppStep] Executing task "startAppTask" of process "4b105411-5218-11f1-bea6-eeee0a81456e"...#
#2026 05 17 17:46:19.373#Z#DEBUG#ce142cac-5217-11f1-9eb0-eeee0a904712.OPERATION#flowable-async-job-executor-thread-1313#
[RestartAppStep] Application start timeout is default one: 3,600 seconds#
#2026 05 17 17:46:19.374#Z#DEBUG#ce142cac-5217-11f1-9eb0-eeee0a904712.OPERATION#flowable-async-job-executor-thread-1313#
[RestartAppStep] Checking status of application "bookscapm-srv"...#
#2026 05 17 17:46:19.375#Z#DEBUG#ce142cac-5217-11f1-9eb0-eeee0a904712.OPERATION#flowable-async-job-executor-thread-1313#
[RestartAppStep] Getting instances for application "bookscapm-srv"...#
#2026 05 17 17:46:19.447#Z#DEBUG#ce142cac-5217-11f1-9eb0-eeee0a904712.OPERATION#flowable-async-job-executor-thread-1313#
[RestartAppStep] Application "bookscapm-srv": 0 of 1 instances running (1 starting)#
#2026 05 17 17:46:19.513#Z#DEBUG#ce142cac-5217-11f1-9eb0-eeee0a904712.OPERATION#flowable-async-job-executor-thread-1313#
Step "Start App" finished#
#2026 05 17 17:46:29.374#Z#DEBUG#ce142cac-5217-11f1-9eb0-eeee0a904712.OPERATION#flowable-async-job-executor-thread-1316#
[RestartAppStep] Executing task "startAppTask" of process "4fb54b1e-5218-11f1-bea6-eeee0a81456e"...#
#2026 05 17 17:46:29.377#Z#DEBUG#ce142cac-5217-11f1-9eb0-eeee0a904712.OPERATION#flowable-async-job-executor-thread-1316#
[RestartAppStep] Application start timeout is default one: 3,600 seconds#
#2026 05 17 17:46:29.377#Z#DEBUG#ce142cac-5217-11f1-9eb0-eeee0a904712.OPERATION#flowable-async-job-executor-thread-1316#
[RestartAppStep] Checking status of application "bookscapm-srv"...#
#2026 05 17 17:46:29.378#Z#DEBUG#ce142cac-5217-11f1-9eb0-eeee0a904712.OPERATION#flowable-async-job-executor-thread-1316#
[RestartAppStep] Getting instances for application "bookscapm-srv"...#
#2026 05 17 17:46:29.447#Z#DEBUG#ce142cac-5217-11f1-9eb0-eeee0a904712.OPERATION#flowable-async-job-executor-thread-1316#
[RestartAppStep] Application "bookscapm-srv": 0 of 1 instances running (1 starting)#
#2026 05 17 17:46:29.526#Z#DEBUG#ce142cac-5217-11f1-9eb0-eeee0a904712.OPERATION#flowable-async-job-executor-thread-1316#
Step "Start App" finished#
#2026 05 17 17:46:39.410#Z#DEBUG#ce142cac-5217-11f1-9eb0-eeee0a904712.OPERATION#flowable-async-job-executor-thread-1323#
[RestartAppStep] Executing task "startAppTask" of process "55ad280a-5218-11f1-bea6-eeee0a81456e"...#
#2026 05 17 17:46:39.413#Z#DEBUG#ce142cac-5217-11f1-9eb0-eeee0a904712.OPERATION#flowable-async-job-executor-thread-1323#
[RestartAppStep] Application start timeout is default one: 3,600 seconds#
#2026 05 17 17:46:39.413#Z#DEBUG#ce142cac-5217-11f1-9eb0-eeee0a904712.OPERATION#flowable-async-job-executor-thread-1323#
[RestartAppStep] Checking status of application "bookscapm-srv"...#
#2026 05 17 17:46:39.414#Z#DEBUG#ce142cac-5217-11f1-9eb0-eeee0a904712.OPERATION#flowable-async-job-executor-thread-1323#
[RestartAppStep] Getting instances for application "bookscapm-srv"...#
#2026 05 17 17:46:39.507#Z#DEBUG#ce142cac-5217-11f1-9eb0-eeee0a904712.OPERATION#flowable-async-job-executor-thread-1323#
[RestartAppStep] Application "bookscapm-srv": 0 of 1 instances running (1 starting)#
#2026 05 17 17:46:39.553#Z#DEBUG#ce142cac-5217-11f1-9eb0-eeee0a904712.OPERATION#flowable-async-job-executor-thread-1323#
Step "Start App" finished#
#2026 05 17 17:46:49.424#Z#DEBUG#ce142cac-5217-11f1-9eb0-eeee0a904712.OPERATION#flowable-async-job-executor-thread-1328#
[RestartAppStep] Executing task "startAppTask" of process "5ba700cf-5218-11f1-bea6-eeee0a81456e"...#
#2026 05 17 17:46:49.428#Z#DEBUG#ce142cac-5217-11f1-9eb0-eeee0a904712.OPERATION#flowable-async-job-executor-thread-1328#
[RestartAppStep] Application start timeout is default one: 3,600 seconds#
#2026 05 17 17:46:49.429#Z#DEBUG#ce142cac-5217-11f1-9eb0-eeee0a904712.OPERATION#flowable-async-job-executor-thread-1328#
[RestartAppStep] Checking status of application "bookscapm-srv"...#
#2026 05 17 17:46:49.430#Z#DEBUG#ce142cac-5217-11f1-9eb0-eeee0a904712.OPERATION#flowable-async-job-executor-thread-1328#
[RestartAppStep] Getting instances for application "bookscapm-srv"...#
#2026 05 17 17:46:49.510#Z#DEBUG#ce142cac-5217-11f1-9eb0-eeee0a904712.OPERATION#flowable-async-job-executor-thread-1328#
[RestartAppStep] Application "bookscapm-srv": 0 of 1 instances running (1 starting)#
#2026 05 17 17:46:49.554#Z#DEBUG#ce142cac-5217-11f1-9eb0-eeee0a904712.OPERATION#flowable-async-job-executor-thread-1328#
Step "Start App" finished#
#2026 05 17 17:46:59.436#Z#DEBUG#ce142cac-5217-11f1-9eb0-eeee0a904712.OPERATION#flowable-async-job-executor-thread-1332#
[RestartAppStep] Executing task "startAppTask" of process "619d090e-5218-11f1-bea6-eeee0a81456e"...#
#2026 05 17 17:46:59.438#Z#DEBUG#ce142cac-5217-11f1-9eb0-eeee0a904712.OPERATION#flowable-async-job-executor-thread-1332#
[RestartAppStep] Application start timeout is default one: 3,600 seconds#
#2026 05 17 17:46:59.439#Z#DEBUG#ce142cac-5217-11f1-9eb0-eeee0a904712.OPERATION#flowable-async-job-executor-thread-1332#
[RestartAppStep] Checking status of application "bookscapm-srv"...#
#2026 05 17 17:46:59.440#Z#DEBUG#ce142cac-5217-11f1-9eb0-eeee0a904712.OPERATION#flowable-async-job-executor-thread-1332#
[RestartAppStep] Getting instances for application "bookscapm-srv"...#
#2026 05 17 17:46:59.513#Z#DEBUG#ce142cac-5217-11f1-9eb0-eeee0a904712.OPERATION#flowable-async-job-executor-thread-1332#
[RestartAppStep] Application "bookscapm-srv": 0 of 1 instances running (1 starting)#
#2026 05 17 17:46:59.618#Z#DEBUG#ce142cac-5217-11f1-9eb0-eeee0a904712.OPERATION#flowable-async-job-executor-thread-1332#
Step "Start App" finished#
#2026 05 17 17:47:09.461#Z#DEBUG#ce142cac-5217-11f1-9eb0-eeee0a904712.OPERATION#flowable-async-job-executor-thread-1340#
[RestartAppStep] Executing task "startAppTask" of process "679cd46d-5218-11f1-bea6-eeee0a81456e"...#
#2026 05 17 17:47:09.465#Z#DEBUG#ce142cac-5217-11f1-9eb0-eeee0a904712.OPERATION#flowable-async-job-executor-thread-1340#
[RestartAppStep] Application start timeout is default one: 3,600 seconds#
#2026 05 17 17:47:09.465#Z#DEBUG#ce142cac-5217-11f1-9eb0-eeee0a904712.OPERATION#flowable-async-job-executor-thread-1340#
[RestartAppStep] Checking status of application "bookscapm-srv"...#
#2026 05 17 17:47:09.466#Z#DEBUG#ce142cac-5217-11f1-9eb0-eeee0a904712.OPERATION#flowable-async-job-executor-thread-1340#
[RestartAppStep] Getting instances for application "bookscapm-srv"...#
#2026 05 17 17:47:09.534#Z#DEBUG#ce142cac-5217-11f1-9eb0-eeee0a904712.OPERATION#flowable-async-job-executor-thread-1340#
[RestartAppStep] Application "bookscapm-srv": 0 of 1 instances running (1 crashed)#
#2026 05 17 17:47:09.579#Z#ERROR#ce142cac-5217-11f1-9eb0-eeee0a904712.OPERATION#flowable-async-job-executor-thread-1340#
[RestartAppStep] Error starting application "bookscapm-srv": Some instances have crashed. Check the application logs of your application for details.#
#2026 05 17 17:47:09.587#Z#INFO#ce142cac-5217-11f1-9eb0-eeee0a904712.OPERATION#flowable-async-job-executor-thread-1340#
[RestartAppStep] Download the MTA operation logs for more details.#
#2026 05 17 17:47:09.594#Z#DEBUG#ce142cac-5217-11f1-9eb0-eeee0a904712.OPERATION#flowable-async-job-executor-thread-1340#
Step "Start App" finished#
#2026 05 17 17:47:11.718#Z#DEBUG#ce142cac-5217-11f1-9eb0-eeee0a904712.OPERATION#flowable-async-job-executor-thread-1342#
[RestartAppStep] Executing task "startAppTask" of process "679cd46d-5218-11f1-bea6-eeee0a81456e"...#
#2026 05 17 17:47:11.722#Z#DEBUG#ce142cac-5217-11f1-9eb0-eeee0a904712.OPERATION#flowable-async-job-executor-thread-1342#
[RestartAppStep] Application start timeout is default one: 3,600 seconds#
#2026 05 17 17:47:11.831#Z#DEBUG#ce142cac-5217-11f1-9eb0-eeee0a904712.OPERATION#flowable-async-job-executor-thread-1342#
[RestartAppStep] Getting application "bookscapm-srv"...#
#2026 05 17 17:47:11.885#Z#INFO#ce142cac-5217-11f1-9eb0-eeee0a904712.OPERATION#flowable-async-job-executor-thread-1342#
[RestartAppStep] Stopping application "bookscapm-srv"...#
#2026 05 17 17:47:11.893#Z#DEBUG#ce142cac-5217-11f1-9eb0-eeee0a904712.OPERATION#flowable-async-job-executor-thread-1342#
[RestartAppStep] Stopping application "bookscapm-srv"...#
#2026 05 17 17:47:12.067#Z#INFO#ce142cac-5217-11f1-9eb0-eeee0a904712.OPERATION#flowable-async-job-executor-thread-1342#
[RestartAppStep] Starting application "bookscapm-srv"...#
#2026 05 17 17:47:12.076#Z#DEBUG#ce142cac-5217-11f1-9eb0-eeee0a904712.OPERATION#flowable-async-job-executor-thread-1342#
[RestartAppStep] Starting application "bookscapm-srv"...#
#2026 05 17 17:47:12.408#Z#DEBUG#ce142cac-5217-11f1-9eb0-eeee0a904712.OPERATION#flowable-async-job-executor-thread-1342#
Step "Start App" finished#
#2026 05 17 17:47:19.484#Z#DEBUG#ce142cac-5217-11f1-9eb0-eeee0a904712.OPERATION#flowable-async-job-executor-thread-1345#
[RestartAppStep] Executing task "startAppTask" of process "6f3da6c7-5218-11f1-bea6-eeee0a81456e"...#
#2026 05 17 17:47:19.487#Z#DEBUG#ce142cac-5217-11f1-9eb0-eeee0a904712.OPERATION#flowable-async-job-executor-thread-1345#
[RestartAppStep] Application start timeout is default one: 3,600 seconds#
#2026 05 17 17:47:19.488#Z#DEBUG#ce142cac-5217-11f1-9eb0-eeee0a904712.OPERATION#flowable-async-job-executor-thread-1345#
[RestartAppStep] Checking status of application "bookscapm-srv"...#
#2026 05 17 17:47:19.489#Z#DEBUG#ce142cac-5217-11f1-9eb0-eeee0a904712.OPERATION#flowable-async-job-executor-thread-1345#
[RestartAppStep] Getting instances for application "bookscapm-srv"...#
#2026 05 17 17:47:19.552#Z#DEBUG#ce142cac-5217-11f1-9eb0-eeee0a904712.OPERATION#flowable-async-job-executor-thread-1345#
[RestartAppStep] Application "bookscapm-srv": 0 of 1 instances running (1 starting)#
#2026 05 17 17:47:19.594#Z#DEBUG#ce142cac-5217-11f1-9eb0-eeee0a904712.OPERATION#flowable-async-job-executor-thread-1345#
Step "Start App" finished#
#2026 05 17 17:47:29.502#Z#DEBUG#ce142cac-5217-11f1-9eb0-eeee0a904712.OPERATION#flowable-async-job-executor-thread-1352#
[RestartAppStep] Executing task "startAppTask" of process "7384c680-5218-11f1-bea6-eeee0a81456e"...#
#2026 05 17 17:47:29.505#Z#DEBUG#ce142cac-5217-11f1-9eb0-eeee0a904712.OPERATION#flowable-async-job-executor-thread-1352#
[RestartAppStep] Application start timeout is default one: 3,600 seconds#
#2026 05 17 17:47:29.505#Z#DEBUG#ce142cac-5217-11f1-9eb0-eeee0a904712.OPERATION#flowable-async-job-executor-thread-1352#
[RestartAppStep] Checking status of application "bookscapm-srv"...#
#2026 05 17 17:47:29.506#Z#DEBUG#ce142cac-5217-11f1-9eb0-eeee0a904712.OPERATION#flowable-async-job-executor-thread-1352#
[RestartAppStep] Getting instances for application "bookscapm-srv"...#
#2026 05 17 17:47:29.586#Z#DEBUG#ce142cac-5217-11f1-9eb0-eeee0a904712.OPERATION#flowable-async-job-executor-thread-1352#
[RestartAppStep] Application "bookscapm-srv": 0 of 1 instances running (1 starting)#
#2026 05 17 17:47:29.637#Z#DEBUG#ce142cac-5217-11f1-9eb0-eeee0a904712.OPERATION#flowable-async-job-executor-thread-1352#
Step "Start App" finished#
#2026 05 17 17:47:39.533#Z#DEBUG#ce142cac-5217-11f1-9eb0-eeee0a904712.OPERATION#flowable-async-job-executor-thread-1354#
[RestartAppStep] Executing task "startAppTask" of process "7981374f-5218-11f1-bea6-eeee0a81456e"...#
#2026 05 17 17:47:39.536#Z#DEBUG#ce142cac-5217-11f1-9eb0-eeee0a904712.OPERATION#flowable-async-job-executor-thread-1354#
[RestartAppStep] Application start timeout is default one: 3,600 seconds#
#2026 05 17 17:47:39.537#Z#DEBUG#ce142cac-5217-11f1-9eb0-eeee0a904712.OPERATION#flowable-async-job-executor-thread-1354#
[RestartAppStep] Checking status of application "bookscapm-srv"...#
#2026 05 17 17:47:39.538#Z#DEBUG#ce142cac-5217-11f1-9eb0-eeee0a904712.OPERATION#flowable-async-job-executor-thread-1354#
[RestartAppStep] Getting instances for application "bookscapm-srv"...#
#2026 05 17 17:47:39.591#Z#DEBUG#ce142cac-5217-11f1-9eb0-eeee0a904712.OPERATION#flowable-async-job-executor-thread-1354#
[RestartAppStep] Application "bookscapm-srv": 0 of 1 instances running (1 starting)#
#2026 05 17 17:47:39.641#Z#DEBUG#ce142cac-5217-11f1-9eb0-eeee0a904712.OPERATION#flowable-async-job-executor-thread-1354#
Step "Start App" finished#
#2026 05 17 17:47:49.534#Z#DEBUG#ce142cac-5217-11f1-9eb0-eeee0a904712.OPERATION#flowable-async-job-executor-thread-1356#
[RestartAppStep] Executing task "startAppTask" of process "7f77b49c-5218-11f1-bea6-eeee0a81456e"...#
#2026 05 17 17:47:49.536#Z#DEBUG#ce142cac-5217-11f1-9eb0-eeee0a904712.OPERATION#flowable-async-job-executor-thread-1356#
[RestartAppStep] Application start timeout is default one: 3,600 seconds#
#2026 05 17 17:47:49.537#Z#DEBUG#ce142cac-5217-11f1-9eb0-eeee0a904712.OPERATION#flowable-async-job-executor-thread-1356#
[RestartAppStep] Checking status of application "bookscapm-srv"...#
#2026 05 17 17:47:49.538#Z#DEBUG#ce142cac-5217-11f1-9eb0-eeee0a904712.OPERATION#flowable-async-job-executor-thread-1356#
[RestartAppStep] Getting instances for application "bookscapm-srv"...#
#2026 05 17 17:47:49.604#Z#DEBUG#ce142cac-5217-11f1-9eb0-eeee0a904712.OPERATION#flowable-async-job-executor-thread-1356#
[RestartAppStep] Application "bookscapm-srv": 0 of 1 instances running (1 starting)#
#2026 05 17 17:47:49.691#Z#DEBUG#ce142cac-5217-11f1-9eb0-eeee0a904712.OPERATION#flowable-async-job-executor-thread-1356#
Step "Start App" finished#
#2026 05 17 17:47:59.556#Z#DEBUG#ce142cac-5217-11f1-9eb0-eeee0a904712.OPERATION#flowable-async-job-executor-thread-1358#
[RestartAppStep] Executing task "startAppTask" of process "85755dd9-5218-11f1-bea6-eeee0a81456e"...#
#2026 05 17 17:47:59.559#Z#DEBUG#ce142cac-5217-11f1-9eb0-eeee0a904712.OPERATION#flowable-async-job-executor-thread-1358#
[RestartAppStep] Application start timeout is default one: 3,600 seconds#
#2026 05 17 17:47:59.559#Z#DEBUG#ce142cac-5217-11f1-9eb0-eeee0a904712.OPERATION#flowable-async-job-executor-thread-1358#
[RestartAppStep] Checking status of application "bookscapm-srv"...#
#2026 05 17 17:47:59.560#Z#DEBUG#ce142cac-5217-11f1-9eb0-eeee0a904712.OPERATION#flowable-async-job-executor-thread-1358#
[RestartAppStep] Getting instances for application "bookscapm-srv"...#
#2026 05 17 17:47:59.628#Z#DEBUG#ce142cac-5217-11f1-9eb0-eeee0a904712.OPERATION#flowable-async-job-executor-thread-1358#
[RestartAppStep] Application "bookscapm-srv": 0 of 1 instances running (1 crashed)#
#2026 05 17 17:47:59.697#Z#ERROR#ce142cac-5217-11f1-9eb0-eeee0a904712.OPERATION#flowable-async-job-executor-thread-1358#
[RestartAppStep] Error starting application "bookscapm-srv": Some instances have crashed. Check the application logs of your application for details.#
#2026 05 17 17:47:59.704#Z#INFO#ce142cac-5217-11f1-9eb0-eeee0a904712.OPERATION#flowable-async-job-executor-thread-1358#
[RestartAppStep] Download the MTA operation logs for more details.#
#2026 05 17 17:47:59.711#Z#DEBUG#ce142cac-5217-11f1-9eb0-eeee0a904712.OPERATION#flowable-async-job-executor-thread-1358#
Step "Start App" finished#
